fecha,prec_chirps
2011-01-01,0.0
2011-01-02,0.0
2011-01-03,0.0
2011-01-04,0.0
2011-01-05,0.0
2011-01-06,0.0
2011-01-07,0.0
2011-01-08,17.316923141479492
2011-01-09,17.316923141479492
2011-01-10,0.0
2011-01-11,0.0
2011-01-12,0.0
2011-01-13,0.0
2011-01-14,0.0
2011-01-15,0.0
2011-01-16,0.0
2011-01-17,0.0
2011-01-18,0.0
2011-01-19,0.0
2011-01-20,0.0
2011-01-21,0.0
2011-01-22,0.0
2011-01-23,0.0
2011-01-24,0.0
2011-01-25,0.0
2011-01-26,0.0
2011-01-27,0.0
2011-01-28,0.0
2011-01-29,0.0
2011-01-30,0.0
2011-01-31,0.0
2011-02-01,0.0
2011-02-02,0.0
2011-02-03,0.0
2011-02-04,0.0
2011-02-05,0.0
2011-02-06,0.0
2011-02-07,0.0
2011-02-08,0.0
2011-02-09,0.0
2011-02-10,0.0
2011-02-11,0.0
2011-02-12,0.0
2011-02-13,0.0
2011-02-14,3.767479419708252
2011-02-15,1.883739709854126
2011-02-16,6.219951629638672
2011-02-17,2.073317289352417
2011-02-18,0.0
2011-02-19,0.0
2011-02-20,0.0
2011-02-21,0.0
2011-02-22,0.0
2011-02-23,0.0
2011-02-24,0.0
2011-02-25,2.258943796157837
2011-02-26,9.622551918029783
2011-02-27,19.24510383605957
2011-02-28,0.0
2011-03-01,0.0
2011-03-02,0.0
2011-03-03,0.0
2011-03-04,0.0
2011-03-05,0.0
2011-03-06,0.0
2011-03-07,0.0
2011-03-08,0.0
2011-03-09,0.0
2011-03-10,32.00428771972656
2011-03-11,0.0
2011-03-12,0.0
2011-03-13,0.0
2011-03-14,0.0
2011-03-15,0.0
2011-03-16,0.0
2011-03-17,0.0
2011-03-18,0.0
2011-03-19,7.15714693069458
2011-03-20,0.0
2011-03-21,27.646408081054688
2011-03-22,5.5292816162109375
2011-03-23,0.0
2011-03-24,5.5292816162109375
2011-03-25,11.058563232421877
2011-03-26,1.651095271110535
2011-03-27,0.0
2011-03-28,0.0
2011-03-29,0.0
2011-03-30,1.651095271110535
2011-03-31,1.651095271110535
2011-04-01,0.0
2011-04-02,0.0
2011-04-03,0.0
2011-04-04,4.144894599914551
2011-04-05,0.0
2011-04-06,0.0
2011-04-07,6.508764266967773
2011-04-08,0.0
2011-04-09,6.508764266967773
2011-04-10,45.56135177612305
2011-04-11,0.0
2011-04-12,0.0
2011-04-13,0.0
2011-04-14,0.0
2011-04-15,25.959360122680664
2011-04-16,7.656834602355957
2011-04-17,45.94100570678711
2011-04-18,0.0
2011-04-19,22.970502853393555
2011-04-20,22.970502853393555
2011-04-21,0.0
2011-04-22,28.222148895263672
2011-04-23,70.55537414550781
2011-04-24,0.0
2011-04-25,28.222148895263672
2011-04-26,0.0
2011-04-27,0.0
2011-04-28,0.0
2011-04-29,10.309337615966797
2011-04-30,10.309337615966797
2011-05-01,18.70215606689453
2011-05-02,18.70215606689453
2011-05-03,18.70215606689453
2011-05-04,0.0
2011-05-05,0.0
2011-05-06,0.0
2011-05-07,0.0
2011-05-08,12.083145141601562
2011-05-09,0.0
2011-05-10,24.166290283203125
2011-05-11,14.86890983581543
2011-05-12,0.0
2011-05-13,7.434454917907715
2011-05-14,52.04118728637695
2011-05-15,0.0
2011-05-16,30.28743934631348
2011-05-17,0.0
2011-05-18,0.0
2011-05-19,30.28743934631348
2011-05-20,15.143719673156738
2011-05-21,21.034332275390625
2011-05-22,28.0457763671875
2011-05-23,0.0
2011-05-24,0.0
2011-05-25,7.011444091796875
2011-05-26,49.70219802856445
2011-05-27,0.0
2011-05-28,0.0
2011-05-29,0.0
2011-05-30,0.0
2011-05-31,0.0
2011-06-01,0.0
2011-06-02,0.0
2011-06-03,18.17047882080078
2011-06-04,6.056826591491699
2011-06-05,0.0
2011-06-06,0.0
2011-06-07,24.784757614135746
2011-06-08,49.56951522827149
2011-06-09,12.392378807067873
2011-06-10,12.392378807067873
2011-06-11,0.0
2011-06-12,19.256778717041016
2011-06-13,0.0
2011-06-14,19.256778717041016
2011-06-15,0.0
2011-06-16,8.255596160888672
2011-06-17,0.0
2011-06-18,8.255596160888672
2011-06-19,8.255596160888672
2011-06-20,8.255596160888672
2011-06-21,0.0
2011-06-22,0.0
2011-06-23,43.36036682128906
2011-06-24,21.68018341064453
2011-06-25,0.0
2011-06-26,0.0
2011-06-27,43.94512176513672
2011-06-28,0.0
2011-06-29,0.0
2011-06-30,14.648374557495115
2011-07-01,0.0
2011-07-02,0.0
2011-07-03,0.0
2011-07-04,0.0
2011-07-05,44.96703720092773
2011-07-06,36.91019821166992
2011-07-07,9.22754955291748
2011-07-08,0.0
2011-07-09,0.0
2011-07-10,9.22754955291748
2011-07-11,0.0
2011-07-12,0.0
2011-07-13,0.0
2011-07-14,18.26025009155273
2011-07-15,18.26025009155273
2011-07-16,0.0
2011-07-17,41.56521224975586
2011-07-18,0.0
2011-07-19,0.0
2011-07-20,0.0
2011-07-21,0.0
2011-07-22,51.86296844482422
2011-07-23,12.965742111206056
2011-07-24,0.0
2011-07-25,0.0
2011-07-26,0.0
2011-07-27,0.0
2011-07-28,0.0
2011-07-29,48.78363800048828
2011-07-30,16.261213302612305
2011-07-31,0.0
2011-08-01,0.0
2011-08-02,0.0
2011-08-03,19.091297149658203
2011-08-04,19.091297149658203
2011-08-05,0.0
2011-08-06,0.0
2011-08-07,0.0
2011-08-08,0.0
2011-08-09,41.000789642333984
2011-08-10,0.0
2011-08-11,14.464985847473145
2011-08-12,0.0
2011-08-13,0.0
2011-08-14,14.464985847473145
2011-08-15,14.464985847473145
2011-08-16,0.0
2011-08-17,0.0
2011-08-18,9.55628490447998
2011-08-19,19.11256980895996
2011-08-20,9.55628490447998
2011-08-21,0.0
2011-08-22,34.40631866455078
2011-08-23,0.0
2011-08-24,0.0
2011-08-25,0.0
2011-08-26,7.8764448165893555
2011-08-27,0.0
2011-08-28,7.8764448165893555
2011-08-29,0.0
2011-08-30,7.8764448165893555
2011-08-31,15.752889633178713
2011-09-01,20.918947219848636
2011-09-02,0.0
2011-09-03,0.0
2011-09-04,0.0
2011-09-05,20.918947219848636
2011-09-06,17.84734535217285
2011-09-07,0.0
2011-09-08,5.94911527633667
2011-09-09,0.0
2011-09-10,0.0
2011-09-11,26.687652587890625
2011-09-12,8.895883560180664
2011-09-13,0.0
2011-09-14,26.687652587890625
2011-09-15,0.0
2011-09-16,23.242076873779297
2011-09-17,0.0
2011-09-18,34.86311340332031
2011-09-19,0.0
2011-09-20,0.0
2011-09-21,51.858009338378906
2011-09-22,0.0
2011-09-23,0.0
2011-09-24,0.0
2011-09-25,34.57200241088867
2011-09-26,14.197178840637209
2011-09-27,0.0
2011-09-28,14.197178840637209
2011-09-29,14.197178840637209
2011-09-30,0.0
2011-10-01,0.0
2011-10-02,0.0
2011-10-03,7.426793575286865
2011-10-04,3.7133967876434326
2011-10-05,0.0
2011-10-06,12.33684253692627
2011-10-07,4.11228084564209
2011-10-08,0.0
2011-10-09,0.0
2011-10-10,0.0
2011-10-11,6.471404075622559
2011-10-12,0.0
2011-10-13,6.471404075622559
2011-10-14,0.0
2011-10-15,0.0
2011-10-16,11.607823371887209
2011-10-17,0.0
2011-10-18,34.82347106933594
2011-10-19,0.0
2011-10-20,34.82347106933594
2011-10-21,0.0
2011-10-22,3.888871669769287
2011-10-23,0.0
2011-10-24,11.666614532470703
2011-10-25,0.0
2011-10-26,0.0
2011-10-27,0.0
2011-10-28,50.678199768066406
2011-10-29,0.0
2011-10-30,0.0
2011-10-31,0.0
2011-11-01,0.0
2011-11-02,12.496091842651367
2011-11-03,0.0
2011-11-04,37.48827362060547
2011-11-05,0.0
2011-11-06,11.140731811523438
2011-11-07,0.0
2011-11-08,0.0
2011-11-09,16.711097717285156
2011-11-10,0.0
2011-11-11,4.51202392578125
2011-11-12,4.51202392578125
2011-11-13,0.0
2011-11-14,0.0
2011-11-15,0.0
2011-11-16,0.0
2011-11-17,4.997642517089844
2011-11-18,0.0
2011-11-19,4.997642517089844
2011-11-20,4.997642517089844
2011-11-21,0.0
2011-11-22,4.939811706542969
2011-11-23,0.0
2011-11-24,9.879623413085938
2011-11-25,9.879623413085938
2011-11-26,0.0
2011-11-27,0.0
2011-11-28,0.0
2011-11-29,24.967458724975582
2011-11-30,0.0
2011-12-01,0.0
2011-12-02,0.0
2011-12-03,0.0
2011-12-04,0.0
2011-12-05,0.0
2011-12-06,0.0
2011-12-07,81.58435821533203
2011-12-08,0.0
2011-12-09,0.0
2011-12-10,0.0
2011-12-11,0.0
2011-12-12,0.0
2011-12-13,10.211161613464355
2011-12-14,0.0
2011-12-15,0.0
2011-12-16,0.0
2011-12-17,0.0
2011-12-18,0.0
2011-12-19,0.0
2011-12-20,0.0
2011-12-21,0.0
2011-12-22,0.0
2011-12-23,0.0
2011-12-24,0.0
2011-12-25,0.0
2011-12-26,0.0
2011-12-27,0.0
2011-12-28,0.0
2011-12-29,0.0
2011-12-30,0.0
2011-12-31,0.0
2012-01-01,0.0
2012-01-02,0.0
2012-01-03,0.0
2012-01-04,0.0
2012-01-05,0.0
2012-01-06,0.0
2012-01-07,5.276249408721924
2012-01-08,0.0
2012-01-09,0.0
2012-01-10,0.0
2012-01-11,3.4041330814361572
2012-01-12,0.0
2012-01-13,0.0
2012-01-14,0.0
2012-01-15,0.0
2012-01-16,0.0
2012-01-17,0.0
2012-01-18,0.0
2012-01-19,0.0
2012-01-20,0.0
2012-01-21,0.0
2012-01-22,0.0
2012-01-23,0.0
2012-01-24,0.0
2012-01-25,0.0
2012-01-26,0.0
2012-01-27,0.0
2012-01-28,0.0
2012-01-29,0.0
2012-01-30,0.0
2012-01-31,0.0
2012-02-01,0.0
2012-02-02,0.0
2012-02-03,0.0
2012-02-04,0.0
2012-02-05,15.84261417388916
2012-02-06,19.18901824951172
2012-02-07,4.79725456237793
2012-02-08,4.79725456237793
2012-02-09,9.59450912475586
2012-02-10,0.0
2012-02-11,0.0
2012-02-12,0.0
2012-02-13,0.0
2012-02-14,0.0
2012-02-15,0.0
2012-02-16,0.0
2012-02-17,0.0
2012-02-18,0.0
2012-02-19,0.0
2012-02-20,0.0
2012-02-21,0.0
2012-02-22,0.0
2012-02-23,0.0
2012-02-24,0.0
2012-02-25,0.0
2012-02-26,0.0
2012-02-27,0.0
2012-02-28,0.0
2012-02-29,0.0
2012-03-01,0.0
2012-03-02,7.262812614440918
2012-03-03,7.262812614440918
2012-03-04,7.262812614440918
2012-03-05,0.0
2012-03-06,0.0
2012-03-07,0.0
2012-03-08,0.0
2012-03-09,11.184576034545898
2012-03-10,11.184576034545898
2012-03-11,0.0
2012-03-12,14.515795707702637
2012-03-13,0.0
2012-03-14,0.0
2012-03-15,0.0
2012-03-16,3.8393306732177734
2012-03-17,0.0
2012-03-18,3.8393306732177734
2012-03-19,3.8393306732177734
2012-03-20,0.0
2012-03-21,8.590597152709961
2012-03-22,17.181194305419922
2012-03-23,8.590597152709961
2012-03-24,8.590597152709961
2012-03-25,0.0
2012-03-26,12.265569686889648
2012-03-27,6.132784843444824
2012-03-28,30.663921356201172
2012-03-29,24.531139373779297
2012-03-30,6.132784843444824
2012-03-31,0.0
2012-04-01,0.0
2012-04-02,0.0
2012-04-03,19.18855094909668
2012-04-04,0.0
2012-04-05,38.37710189819336
2012-04-06,10.652724266052246
2012-04-07,10.652724266052246
2012-04-08,5.326362133026123
2012-04-09,5.326362133026123
2012-04-10,5.326362133026123
2012-04-11,0.0
2012-04-12,31.822608947753906
2012-04-13,15.911304473876953
2012-04-14,0.0
2012-04-15,7.955652236938477
2012-04-16,23.600502014160156
2012-04-17,0.0
2012-04-18,17.700374603271484
2012-04-19,0.0
2012-04-20,0.0
2012-04-21,13.37192440032959
2012-04-22,20.05788803100586
2012-04-23,6.685962200164795
2012-04-24,0.0
2012-04-25,0.0
2012-04-26,0.0
2012-04-27,20.817012786865234
2012-04-28,6.939003944396973
2012-04-29,20.817012786865234
2012-04-30,6.939003944396973
2012-05-01,86.04711151123047
2012-05-02,0.0
2012-05-03,0.0
2012-05-04,0.0
2012-05-05,0.0
2012-05-06,0.0
2012-05-07,0.0
2012-05-08,0.0
2012-05-09,0.0
2012-05-10,0.0
2012-05-11,0.0
2012-05-12,41.349700927734375
2012-05-13,0.0
2012-05-14,0.0
2012-05-15,0.0
2012-05-16,0.0
2012-05-17,0.0
2012-05-18,15.063952445983887
2012-05-19,30.127904891967773
2012-05-20,0.0
2012-05-21,10.350188255310059
2012-05-22,20.700376510620117
2012-05-23,20.700376510620117
2012-05-24,20.700376510620117
2012-05-25,10.350188255310059
2012-05-26,12.161215782165527
2012-05-27,12.161215782165527
2012-05-28,36.48365020751953
2012-05-29,24.322431564331055
2012-05-30,0.0
2012-05-31,12.161215782165527
2012-06-01,18.116586685180664
2012-06-02,0.0
2012-06-03,0.0
2012-06-04,0.0
2012-06-05,0.0
2012-06-06,0.0
2012-06-07,27.113039016723633
2012-06-08,81.33911895751953
2012-06-09,0.0
2012-06-10,0.0
2012-06-11,23.826799392700195
2012-06-12,0.0
2012-06-13,0.0
2012-06-14,11.913399696350098
2012-06-15,0.0
2012-06-16,44.60224151611328
2012-06-17,0.0
2012-06-18,0.0
2012-06-19,0.0
2012-06-20,8.92044734954834
2012-06-21,0.0
2012-06-22,0.0
2012-06-23,0.0
2012-06-24,12.46095085144043
2012-06-25,37.382850646972656
2012-06-26,13.716458320617676
2012-06-27,27.43291664123535
2012-06-28,0.0
2012-06-29,0.0
2012-06-30,27.43291664123535
2012-07-01,20.544288635253906
2012-07-02,0.0
2012-07-03,20.544288635253906
2012-07-04,20.544288635253906
2012-07-05,0.0
2012-07-06,20.124820709228516
2012-07-07,20.124820709228516
2012-07-08,0.0
2012-07-09,0.0
2012-07-10,30.187231063842773
2012-07-11,0.0
2012-07-12,0.0
2012-07-13,0.0
2012-07-14,0.0
2012-07-15,64.55938720703125
2012-07-16,0.0
2012-07-17,67.43801879882812
2012-07-18,0.0
2012-07-19,0.0
2012-07-20,0.0
2012-07-21,0.0
2012-07-22,0.0
2012-07-23,27.016883850097656
2012-07-24,13.508441925048828
2012-07-25,0.0
2012-07-26,0.0
2012-07-27,0.0
2012-07-28,51.37937927246094
2012-07-29,0.0
2012-07-30,25.68968963623047
2012-07-31,0.0
2012-08-01,11.252607345581055
2012-08-02,0.0
2012-08-03,0.0
2012-08-04,0.0
2012-08-05,33.75782012939453
2012-08-06,0.0
2012-08-07,0.0
2012-08-08,0.0
2012-08-09,0.0
2012-08-10,0.0
2012-08-11,0.0
2012-08-12,0.0
2012-08-13,54.86663818359375
2012-08-14,27.433319091796875
2012-08-15,0.0
2012-08-16,16.696247100830078
2012-08-17,16.696247100830078
2012-08-18,0.0
2012-08-19,0.0
2012-08-20,33.392494201660156
2012-08-21,0.0
2012-08-22,0.0
2012-08-23,0.0
2012-08-24,12.86231803894043
2012-08-25,12.86231803894043
2012-08-26,0.0
2012-08-27,0.0
2012-08-28,0.0
2012-08-29,0.0
2012-08-30,61.23347854614258
2012-08-31,0.0
2012-09-01,0.0
2012-09-02,17.30093765258789
2012-09-03,0.0
2012-09-04,0.0
2012-09-05,0.0
2012-09-06,22.97372817993164
2012-09-07,0.0
2012-09-08,22.97372817993164
2012-09-09,22.97372817993164
2012-09-10,0.0
2012-09-11,0.0
2012-09-12,0.0
2012-09-13,0.0
2012-09-14,0.0
2012-09-15,0.0
2012-09-16,0.0
2012-09-17,0.0
2012-09-18,0.0
2012-09-19,0.0
2012-09-20,0.0
2012-09-21,0.0
2012-09-22,0.0
2012-09-23,5.970432281494141
2012-09-24,17.911296844482422
2012-09-25,0.0
2012-09-26,0.0
2012-09-27,77.71239471435547
2012-09-28,0.0
2012-09-29,25.904130935668945
2012-09-30,0.0
2012-10-01,0.0
2012-10-02,9.382976531982422
2012-10-03,0.0
2012-10-04,0.0
2012-10-05,14.074463844299316
2012-10-06,17.54863739013672
2012-10-07,0.0
2012-10-08,5.849545955657959
2012-10-09,0.0
2012-10-10,0.0
2012-10-11,0.0
2012-10-12,9.964982986450195
2012-10-13,19.92996597290039
2012-10-14,9.964982986450195
2012-10-15,0.0
2012-10-16,27.57750129699707
2012-10-17,16.54650115966797
2012-10-18,33.09300231933594
2012-10-19,16.54650115966797
2012-10-20,5.515500545501709
2012-10-21,48.91875076293945
2012-10-22,12.229687690734863
2012-10-23,0.0
2012-10-24,36.689064025878906
2012-10-25,0.0
2012-10-26,13.557479858398438
2012-10-27,0.0
2012-10-28,0.0
2012-10-29,9.03831958770752
2012-10-30,4.51915979385376
2012-10-31,0.0
2012-11-01,0.0
2012-11-02,0.0
2012-11-03,7.11572265625
2012-11-04,14.2314453125
2012-11-05,21.34716796875
2012-11-06,0.0
2012-11-07,0.0
2012-11-08,10.258432388305664
2012-11-09,0.0
2012-11-10,0.0
2012-11-11,0.0
2012-11-12,9.004650115966797
2012-11-13,9.004650115966797
2012-11-14,0.0
2012-11-15,0.0
2012-11-16,0.0
2012-11-17,12.768939971923828
2012-11-18,21.281566619873047
2012-11-19,0.0
2012-11-20,0.0
2012-11-21,0.0
2012-11-22,0.0
2012-11-23,8.949836730957031
2012-11-24,0.0
2012-11-25,0.0
2012-11-26,2.8742504119873047
2012-11-27,2.8742504119873047
2012-11-28,0.0
2012-11-29,0.0
2012-11-30,0.0
2012-12-01,0.0
2012-12-02,0.0
2012-12-03,0.0
2012-12-04,0.0
2012-12-05,0.0
2012-12-06,0.0
2012-12-07,0.0
2012-12-08,0.0
2012-12-09,0.0
2012-12-10,0.0
2012-12-11,0.0
2012-12-12,0.0
2012-12-13,0.0
2012-12-14,0.0
2012-12-15,4.039281845092773
2012-12-16,0.0
2012-12-17,0.0
2012-12-18,0.0
2012-12-19,0.0
2012-12-20,0.0
2012-12-21,0.0
2012-12-22,0.0
2012-12-23,48.467132568359375
2012-12-24,0.0
2012-12-25,0.0
2012-12-26,0.0
2012-12-27,10.998122215270996
2012-12-28,0.0
2012-12-29,0.0
2012-12-30,0.0
2012-12-31,0.0
2013-01-01,0.0
2013-01-02,0.0
2013-01-03,0.0
2013-01-04,0.0
2013-01-05,0.0
2013-01-06,0.0
2013-01-07,0.0
2013-01-08,0.0
2013-01-09,0.0
2013-01-10,0.0
2013-01-11,0.0
2013-01-12,0.0
2013-01-13,0.0
2013-01-14,7.08573055267334
2013-01-15,0.0
2013-01-16,0.0
2013-01-17,0.0
2013-01-18,0.0
2013-01-19,0.0
2013-01-20,0.0
2013-01-21,0.0
2013-01-22,0.0
2013-01-23,0.0
2013-01-24,0.0
2013-01-25,0.0
2013-01-26,0.0
2013-01-27,0.0
2013-01-28,0.0
2013-01-29,0.0
2013-01-30,0.0
2013-01-31,2.58931827545166
2013-02-01,0.0
2013-02-02,0.0
2013-02-03,0.0
2013-02-04,0.0
2013-02-05,0.0
2013-02-06,0.0
2013-02-07,0.0
2013-02-08,0.0
2013-02-09,12.618287086486816
2013-02-10,0.0
2013-02-11,18.341815948486328
2013-02-12,0.0
2013-02-13,0.0
2013-02-14,0.0
2013-02-15,0.0
2013-02-16,0.0
2013-02-17,0.0
2013-02-18,0.0
2013-02-19,0.0
2013-02-20,0.0
2013-02-21,0.0
2013-02-22,0.0
2013-02-23,0.0
2013-02-24,0.0
2013-02-25,0.0
2013-02-26,0.0
2013-02-27,5.895315647125244
2013-02-28,5.895315647125244
2013-03-01,0.0
2013-03-02,0.0
2013-03-03,0.0
2013-03-04,0.0
2013-03-05,17.145496368408203
2013-03-06,5.772736072540283
2013-03-07,0.0
2013-03-08,0.0
2013-03-09,11.545472145080566
2013-03-10,8.949417114257812
2013-03-11,0.0
2013-03-12,8.869543075561523
2013-03-13,8.869543075561523
2013-03-14,0.0
2013-03-15,0.0
2013-03-16,4.53711462020874
2013-03-17,9.07422924041748
2013-03-18,9.07422924041748
2013-03-19,4.53711462020874
2013-03-20,0.0
2013-03-21,0.0
2013-03-22,21.38306427001953
2013-03-23,28.510751724243164
2013-03-24,0.0
2013-03-25,0.0
2013-03-26,0.0
2013-03-27,0.0
2013-03-28,0.0
2013-03-29,11.31826114654541
2013-03-30,16.977392196655273
2013-03-31,0.0
2013-04-01,0.0
2013-04-02,0.0
2013-04-03,0.0
2013-04-04,0.0
2013-04-05,0.0
2013-04-06,0.0
2013-04-07,4.564260482788086
2013-04-08,0.0
2013-04-09,9.128520965576172
2013-04-10,0.0
2013-04-11,0.0
2013-04-12,0.0
2013-04-13,0.0
2013-04-14,39.01903533935547
2013-04-15,39.01903533935547
2013-04-16,0.0
2013-04-17,0.0
2013-04-18,38.32426452636719
2013-04-19,25.549510955810547
2013-04-20,12.774755477905273
2013-04-21,28.35148048400879
2013-04-22,0.0
2013-04-23,0.0
2013-04-24,0.0
2013-04-25,0.0
2013-04-26,0.0
2013-04-27,0.0
2013-04-28,11.896103858947754
2013-04-29,59.48051834106445
2013-04-30,11.896103858947754
2013-05-01,9.12297534942627
2013-05-02,18.24595069885254
2013-05-03,9.12297534942627
2013-05-04,9.12297534942627
2013-05-05,45.61487579345703
2013-05-06,0.0
2013-05-07,30.51255226135254
2013-05-08,0.0
2013-05-09,6.102510452270508
2013-05-10,6.102510452270508
2013-05-11,0.0
2013-05-12,0.0
2013-05-13,24.06285858154297
2013-05-14,8.020953178405762
2013-05-15,16.041906356811523
2013-05-16,21.06298828125
2013-05-17,10.531494140625
2013-05-18,10.531494140625
2013-05-19,10.531494140625
2013-05-20,31.594482421875
2013-05-21,18.161640167236328
2013-05-22,18.161640167236328
2013-05-23,0.0
2013-05-24,0.0
2013-05-25,0.0
2013-05-26,26.62101173400879
2013-05-27,4.819396018981934
2013-05-28,0.0
2013-05-29,0.0
2013-05-30,8.873671531677246
2013-05-31,17.747343063354492
2013-06-01,0.0
2013-06-02,0.0
2013-06-03,48.792381286621094
2013-06-04,0.0
2013-06-05,0.0
2013-06-06,0.0
2013-06-07,13.353021621704102
2013-06-08,13.353021621704102
2013-06-09,0.0
2013-06-10,13.353021621704102
2013-06-11,12.382293701171875
2013-06-12,12.382293701171875
2013-06-13,24.76458740234375
2013-06-14,12.382293701171875
2013-06-15,12.382293701171875
2013-06-16,0.0
2013-06-17,0.0
2013-06-18,27.83519744873047
2013-06-19,0.0
2013-06-20,0.0
2013-06-21,10.801039695739746
2013-06-22,0.0
2013-06-23,0.0
2013-06-24,0.0
2013-06-25,0.0
2013-06-26,0.0
2013-06-27,6.583251476287842
2013-06-28,19.749753952026367
2013-06-29,0.0
2013-06-30,6.583251476287842
2013-07-01,34.42000961303711
2013-07-02,0.0
2013-07-03,0.0
2013-07-04,0.0
2013-07-05,11.473336219787598
2013-07-06,0.0
2013-07-07,0.0
2013-07-08,0.0
2013-07-09,32.26923370361328
2013-07-10,0.0
2013-07-11,18.598569869995117
2013-07-12,18.598569869995117
2013-07-13,0.0
2013-07-14,0.0
2013-07-15,18.598569869995117
2013-07-16,9.773483276367188
2013-07-17,0.0
2013-07-18,19.546966552734375
2013-07-19,29.32044792175293
2013-07-20,9.773483276367188
2013-07-21,40.5709114074707
2013-07-22,0.0
2013-07-23,40.5709114074707
2013-07-24,0.0
2013-07-25,20.28545570373535
2013-07-26,0.0
2013-07-27,0.0
2013-07-28,0.0
2013-07-29,0.0
2013-07-30,0.0
2013-07-31,24.91099739074707
2013-08-01,0.0
2013-08-02,18.22075843811035
2013-08-03,0.0
2013-08-04,18.22075843811035
2013-08-05,0.0
2013-08-06,0.0
2013-08-07,0.0
2013-08-08,0.0
2013-08-09,0.0
2013-08-10,37.56039810180664
2013-08-11,25.915634155273438
2013-08-12,25.915634155273438
2013-08-13,12.957817077636719
2013-08-14,0.0
2013-08-15,12.957817077636719
2013-08-16,9.415562629699707
2013-08-17,0.0
2013-08-18,4.876636505126953
2013-08-19,2.4964215755462646
2013-08-20,0.0
2013-08-21,2.81815767288208
2013-08-22,10.731993675231934
2013-08-23,5.9467597007751465
2013-08-24,0.0
2013-08-25,11.893519401550293
2013-08-26,22.06053924560547
2013-08-27,0.0
2013-08-28,22.06053924560547
2013-08-29,0.0
2013-08-30,0.0
2013-08-31,0.0
2013-09-01,0.0
2013-09-02,0.0
2013-09-03,8.079012870788574
2013-09-04,24.23703956604004
2013-09-05,8.079012870788574
2013-09-06,0.0
2013-09-07,0.0
2013-09-08,34.009098052978516
2013-09-09,34.009098052978516
2013-09-10,0.0
2013-09-11,0.0
2013-09-12,0.0
2013-09-13,6.5889739990234375
2013-09-14,13.177947998046875
2013-09-15,13.177947998046875
2013-09-16,0.0
2013-09-17,22.821340560913086
2013-09-18,0.0
2013-09-19,11.410670280456543
2013-09-20,22.821340560913086
2013-09-21,0.0
2013-09-22,23.180871963500977
2013-09-23,0.0
2013-09-24,23.180871963500977
2013-09-25,0.0
2013-09-26,9.631053924560547
2013-09-27,9.631053924560547
2013-09-28,0.0
2013-09-29,19.262107849121094
2013-09-30,0.0
2013-10-01,24.752361297607422
2013-10-02,0.0
2013-10-03,9.282135009765625
2013-10-04,18.56427001953125
2013-10-05,0.0
2013-10-06,7.145087242126465
2013-10-07,7.145087242126465
2013-10-08,7.145087242126465
2013-10-09,0.0
2013-10-10,0.0
2013-10-11,0.0
2013-10-12,11.350027084350586
2013-10-13,11.350027084350586
2013-10-14,56.75013732910156
2013-10-15,0.0
2013-10-16,7.902847766876221
2013-10-17,3.9514238834381104
2013-10-18,0.0
2013-10-19,0.0
2013-10-20,3.9514238834381104
2013-10-21,5.651857852935791
2013-10-22,0.0
2013-10-23,5.651857852935791
2013-10-24,0.0
2013-10-25,0.0
2013-10-26,0.0
2013-10-27,0.0
2013-10-28,0.0
2013-10-29,13.089738845825195
2013-10-30,6.544869422912598
2013-10-31,0.0
2013-11-01,0.0
2013-11-02,0.0
2013-11-03,12.268111228942871
2013-11-04,49.072444915771484
2013-11-05,12.268111228942871
2013-11-06,19.113733291625977
2013-11-07,28.67059898376465
2013-11-08,19.113733291625977
2013-11-09,9.556866645812988
2013-11-10,19.113733291625977
2013-11-11,4.05509090423584
2013-11-12,0.0
2013-11-13,0.0
2013-11-14,0.0
2013-11-15,0.0
2013-11-16,0.0
2013-11-17,0.0
2013-11-18,0.0
2013-11-19,11.094359397888184
2013-11-20,0.0
2013-11-21,0.0
2013-11-22,4.207302093505859
2013-11-23,4.207302093505859
2013-11-24,4.207302093505859
2013-11-25,0.0
2013-11-26,0.0
2013-11-27,5.527622699737549
2013-11-28,0.0
2013-11-29,0.0
2013-11-30,0.0
2013-12-01,0.0
2013-12-02,8.611769676208496
2013-12-03,0.0
2013-12-04,17.223539352416992
2013-12-05,17.223539352416992
2013-12-06,1.3717409372329712
2013-12-07,1.3717409372329712
2013-12-08,0.0
2013-12-09,0.0
2013-12-10,0.0
2013-12-11,0.0
2013-12-12,29.395830154418945
2013-12-13,0.0
2013-12-14,0.0
2013-12-15,0.0
2013-12-16,0.0
2013-12-17,0.0
2013-12-18,0.0
2013-12-19,0.0
2013-12-20,0.0
2013-12-21,0.0
2013-12-22,0.0
2013-12-23,0.0
2013-12-24,0.0
2013-12-25,0.0
2013-12-26,0.0
2013-12-27,0.0
2013-12-28,0.0
2013-12-29,0.0
2013-12-30,0.0
2013-12-31,0.0
2014-01-01,0.0
2014-01-02,0.0
2014-01-03,0.0
2014-01-04,0.0
2014-01-05,0.0
2014-01-06,0.0
2014-01-07,0.0
2014-01-08,0.0
2014-01-09,0.0
2014-01-10,0.0
2014-01-11,0.0
2014-01-12,0.0
2014-01-13,0.0
2014-01-14,0.0
2014-01-15,0.0
2014-01-16,0.0
2014-01-17,0.0
2014-01-18,0.0
2014-01-19,0.0
2014-01-20,14.405858039855957
2014-01-21,0.0
2014-01-22,0.0
2014-01-23,0.0
2014-01-24,0.0
2014-01-25,0.0
2014-01-26,0.0
2014-01-27,0.0
2014-01-28,0.0
2014-01-29,0.0
2014-01-30,0.0
2014-01-31,0.0
2014-02-01,0.0
2014-02-02,0.0
2014-02-03,0.0
2014-02-04,0.0
2014-02-05,0.0
2014-02-06,0.0
2014-02-07,0.0
2014-02-08,0.0
2014-02-09,0.0
2014-02-10,0.0
2014-02-11,0.0
2014-02-12,0.0
2014-02-13,0.0
2014-02-14,0.0
2014-02-15,0.0
2014-02-16,0.0
2014-02-17,0.0
2014-02-18,0.0
2014-02-19,0.0
2014-02-20,0.0
2014-02-21,0.0
2014-02-22,0.0
2014-02-23,0.0
2014-02-24,0.0
2014-02-25,0.0
2014-02-26,0.0
2014-02-27,0.0
2014-02-28,37.95812225341797
2014-03-01,0.0
2014-03-02,0.0
2014-03-03,0.0
2014-03-04,0.0
2014-03-05,0.0
2014-03-06,0.0
2014-03-07,0.0
2014-03-08,0.0
2014-03-09,7.242545127868652
2014-03-10,0.0
2014-03-11,0.0
2014-03-12,0.0
2014-03-13,0.0
2014-03-14,11.408221244812012
2014-03-15,11.408221244812012
2014-03-16,0.0
2014-03-17,0.0
2014-03-18,0.0
2014-03-19,0.0
2014-03-20,0.0
2014-03-21,0.0
2014-03-22,0.0
2014-03-23,0.0
2014-03-24,0.0
2014-03-25,12.51180362701416
2014-03-26,5.617639064788818
2014-03-27,0.0
2014-03-28,5.617639064788818
2014-03-29,0.0
2014-03-30,0.0
2014-03-31,0.0
2014-04-01,6.405740737915039
2014-04-02,6.405740737915039
2014-04-03,12.811481475830078
2014-04-04,12.811481475830078
2014-04-05,6.405740737915039
2014-04-06,0.0
2014-04-07,11.25060749053955
2014-04-08,22.5012149810791
2014-04-09,22.5012149810791
2014-04-10,0.0
2014-04-11,0.0
2014-04-12,0.0
2014-04-13,0.0
2014-04-14,0.0
2014-04-15,94.75873565673828
2014-04-16,0.0
2014-04-17,36.898155212402344
2014-04-18,12.299386024475098
2014-04-19,36.898155212402344
2014-04-20,12.299386024475098
2014-04-21,40.99932861328125
2014-04-22,32.799461364746094
2014-04-23,8.199865341186523
2014-04-24,32.799461364746094
2014-04-25,16.399730682373047
2014-04-26,26.539901733398438
2014-04-27,0.0
2014-04-28,6.634975433349609
2014-04-29,26.539901733398438
2014-04-30,6.634975433349609
2014-05-01,11.30815315246582
2014-05-02,0.0
2014-05-03,11.30815315246582
2014-05-04,0.0
2014-05-05,22.61630630493164
2014-05-06,0.0
2014-05-07,0.0
2014-05-08,23.40129852294922
2014-05-09,58.50324249267578
2014-05-10,0.0
2014-05-11,0.0
2014-05-12,0.0
2014-05-13,9.577461242675781
2014-05-14,19.154922485351562
2014-05-15,19.154922485351562
2014-05-16,0.0
2014-05-17,0.0
2014-05-18,37.288841247558594
2014-05-19,0.0
2014-05-20,24.859228134155273
2014-05-21,19.30147933959961
2014-05-22,9.650739669799805
2014-05-23,0.0
2014-05-24,0.0
2014-05-25,0.0
2014-05-26,0.0
2014-05-27,22.115589141845703
2014-05-28,0.0
2014-05-29,0.0
2014-05-30,22.115589141845703
2014-05-31,44.231178283691406
2014-06-01,0.0
2014-06-02,0.0
2014-06-03,0.0
2014-06-04,0.0
2014-06-05,0.0
2014-06-06,19.58150863647461
2014-06-07,19.58150863647461
2014-06-08,19.58150863647461
2014-06-09,0.0
2014-06-10,39.16301727294922
2014-06-11,0.0
2014-06-12,0.0
2014-06-13,45.717010498046875
2014-06-14,26.12401008605957
2014-06-15,0.0
2014-06-16,0.0
2014-06-17,0.0
2014-06-18,0.0
2014-06-19,0.0
2014-06-20,0.0
2014-06-21,0.0
2014-06-22,0.0
2014-06-23,0.0
2014-06-24,31.660667419433594
2014-06-25,31.660667419433594
2014-06-26,0.0
2014-06-27,0.0
2014-06-28,0.0
2014-06-29,0.0
2014-06-30,84.61371612548828
2014-07-01,0.0
2014-07-02,0.0
2014-07-03,0.0
2014-07-04,67.61772155761719
2014-07-05,0.0
2014-07-06,32.542049407958984
2014-07-07,65.08409881591797
2014-07-08,0.0
2014-07-09,0.0
2014-07-10,0.0
2014-07-11,0.0
2014-07-12,0.0
2014-07-13,0.0
2014-07-14,0.0
2014-07-15,0.0
2014-07-16,0.0
2014-07-17,0.0
2014-07-18,0.0
2014-07-19,0.0
2014-07-20,0.0
2014-07-21,0.0
2014-07-22,0.0
2014-07-23,0.0
2014-07-24,48.304359436035156
2014-07-25,0.0
2014-07-26,39.295711517333984
2014-07-27,0.0
2014-07-28,0.0
2014-07-29,0.0
2014-07-30,22.454694747924805
2014-07-31,0.0
2014-08-01,26.926969528198242
2014-08-02,0.0
2014-08-03,0.0
2014-08-04,0.0
2014-08-05,40.39045333862305
2014-08-06,0.0
2014-08-07,0.0
2014-08-08,0.0
2014-08-09,0.0
2014-08-10,0.0
2014-08-11,0.0
2014-08-12,0.0
2014-08-13,0.0
2014-08-14,0.0
2014-08-15,0.0
2014-08-16,0.0
2014-08-17,70.76161193847656
2014-08-18,0.0
2014-08-19,0.0
2014-08-20,0.0
2014-08-21,0.0
2014-08-22,0.0
2014-08-23,0.0
2014-08-24,27.819198608398438
2014-08-25,55.638397216796875
2014-08-26,0.0
2014-08-27,0.0
2014-08-28,42.24491500854492
2014-08-29,0.0
2014-08-30,0.0
2014-08-31,0.0
2014-09-01,0.0
2014-09-02,0.0
2014-09-03,55.64379119873047
2014-09-04,11.12875747680664
2014-09-05,0.0
2014-09-06,48.755653381347656
2014-09-07,24.377826690673828
2014-09-08,0.0
2014-09-09,0.0
2014-09-10,0.0
2014-09-11,0.0
2014-09-12,15.716522216796875
2014-09-13,15.716522216796875
2014-09-14,0.0
2014-09-15,0.0
2014-09-16,0.0
2014-09-17,13.06970500946045
2014-09-18,13.06970500946045
2014-09-19,0.0
2014-09-20,0.0
2014-09-21,0.0
2014-09-22,23.36016082763672
2014-09-23,0.0
2014-09-24,0.0
2014-09-25,0.0
2014-09-26,7.978267669677734
2014-09-27,7.978267669677734
2014-09-28,15.956535339355469
2014-09-29,0.0
2014-09-30,0.0
2014-10-01,0.0
2014-10-02,0.0
2014-10-03,0.0
2014-10-04,32.727272033691406
2014-10-05,32.727272033691406
2014-10-06,28.235944747924805
2014-10-07,14.117972373962402
2014-10-08,0.0
2014-10-09,28.235944747924805
2014-10-10,42.35391616821289
2014-10-11,0.0
2014-10-12,0.0
2014-10-13,0.0
2014-10-14,26.291423797607422
2014-10-15,0.0
2014-10-16,0.0
2014-10-17,0.0
2014-10-18,0.0
2014-10-19,0.0
2014-10-20,41.235923767089844
2014-10-21,0.0
2014-10-22,34.10758590698242
2014-10-23,0.0
2014-10-24,0.0
2014-10-25,22.73838996887207
2014-10-26,0.0
2014-10-27,53.483795166015625
2014-10-28,0.0
2014-10-29,0.0
2014-10-30,0.0
2014-10-31,0.0
2014-11-01,0.0
2014-11-02,9.595519065856934
2014-11-03,1.9191038608551025
2014-11-04,0.0
2014-11-05,0.0
2014-11-06,10.263538360595703
2014-11-07,10.263538360595703
2014-11-08,0.0
2014-11-09,20.527076721191406
2014-11-10,0.0
2014-11-11,10.918133735656738
2014-11-12,43.67253494262695
2014-11-13,10.918133735656738
2014-11-14,0.0
2014-11-15,0.0
2014-11-16,14.280485153198242
2014-11-17,0.0
2014-11-18,0.0
2014-11-19,0.0
2014-11-20,0.0
2014-11-21,0.0
2014-11-22,0.0
2014-11-23,0.0
2014-11-24,0.0
2014-11-25,0.0
2014-11-26,0.0
2014-11-27,0.0
2014-11-28,0.0
2014-11-29,0.0
2014-11-30,0.0
2014-12-01,0.0
2014-12-02,0.0
2014-12-03,0.0
2014-12-04,0.0
2014-12-05,21.564064025878906
2014-12-06,40.805179595947266
2014-12-07,0.0
2014-12-08,0.0
2014-12-09,0.0
2014-12-10,0.0
2014-12-11,35.61304473876953
2014-12-12,11.871015548706055
2014-12-13,0.0
2014-12-14,0.0
2014-12-15,0.0
2014-12-16,0.0
2014-12-17,0.0
2014-12-18,0.0
2014-12-19,0.0
2014-12-20,0.0
2014-12-21,0.0
2014-12-22,0.0
2014-12-23,0.0
2014-12-24,0.0
2014-12-25,0.0
2014-12-26,0.0
2014-12-27,0.0
2014-12-28,0.0
2014-12-29,0.0
2014-12-30,0.0
2014-12-31,0.0
2015-01-01,0.0
2015-01-02,0.0
2015-01-03,0.0
2015-01-04,0.0
2015-01-05,0.0
2015-01-06,0.0
2015-01-07,0.0
2015-01-08,0.0
2015-01-09,0.0
2015-01-10,0.0
2015-01-11,0.0
2015-01-12,0.0
2015-01-13,0.0
2015-01-14,0.0
2015-01-15,0.0
2015-01-16,0.0
2015-01-17,9.668603897094727
2015-01-18,0.0
2015-01-19,0.0
2015-01-20,19.337207794189453
2015-01-21,0.0
2015-01-22,13.447113990783691
2015-01-23,10.085334777832031
2015-01-24,3.361778497695923
2015-01-25,0.0
2015-01-26,0.0
2015-01-27,0.0
2015-01-28,0.0
2015-01-29,0.0
2015-01-30,0.0
2015-01-31,0.0
2015-02-01,21.733943939208984
2015-02-02,0.0
2015-02-03,0.0
2015-02-04,0.0
2015-02-05,0.0
2015-02-06,0.0
2015-02-07,0.0
2015-02-08,0.0
2015-02-09,0.0
2015-02-10,0.0
2015-02-11,0.0
2015-02-12,0.0
2015-02-13,14.73510456085205
2015-02-14,14.73510456085205
2015-02-15,0.0
2015-02-16,0.0
2015-02-17,0.0
2015-02-18,0.0
2015-02-19,0.0
2015-02-20,0.0
2015-02-21,0.0
2015-02-22,0.0
2015-02-23,0.0
2015-02-24,0.0
2015-02-25,0.0
2015-02-26,0.0
2015-02-27,0.0
2015-02-28,0.0
2015-03-01,0.0
2015-03-02,0.0
2015-03-03,0.0
2015-03-04,0.0
2015-03-05,0.0
2015-03-06,0.0
2015-03-07,0.0
2015-03-08,0.0
2015-03-09,0.0
2015-03-10,0.0
2015-03-11,0.0
2015-03-12,0.0
2015-03-13,0.0
2015-03-14,0.0
2015-03-15,0.0
2015-03-16,0.0
2015-03-17,6.8340935707092285
2015-03-18,27.336374282836914
2015-03-19,0.0
2015-03-20,20.50227928161621
2015-03-21,0.0
2015-03-22,0.0
2015-03-23,0.0
2015-03-24,0.0
2015-03-25,0.0
2015-03-26,0.0
2015-03-27,0.0
2015-03-28,0.0
2015-03-29,13.979540824890137
2015-03-30,0.0
2015-03-31,0.0
2015-04-01,0.0
2015-04-02,12.673688888549805
2015-04-03,25.34737777709961
2015-04-04,0.0
2015-04-05,0.0
2015-04-06,0.0
2015-04-07,12.935481071472168
2015-04-08,25.870962142944336
2015-04-09,25.870962142944336
2015-04-10,0.0
2015-04-11,21.05268096923828
2015-04-12,10.52634048461914
2015-04-13,31.57901954650879
2015-04-14,14.035120010375977
2015-04-15,21.05268096923828
2015-04-16,19.015024185180664
2015-04-17,9.507512092590332
2015-04-18,9.507512092590332
2015-04-19,19.015024185180664
2015-04-20,9.507512092590332
2015-04-21,9.165304183959961
2015-04-22,9.165304183959961
2015-04-23,0.0
2015-04-24,0.0
2015-04-25,9.165304183959961
2015-04-26,0.0
2015-04-27,0.0
2015-04-28,27.682519912719727
2015-04-29,0.0
2015-04-30,0.0
2015-05-01,0.0
2015-05-02,0.0
2015-05-03,0.0
2015-05-04,0.0
2015-05-05,27.386585235595703
2015-05-06,12.395048141479492
2015-05-07,12.395048141479492
2015-05-08,24.790096282958984
2015-05-09,0.0
2015-05-10,0.0
2015-05-11,0.0
2015-05-12,8.9799222946167
2015-05-13,17.9598445892334
2015-05-14,17.9598445892334
2015-05-15,8.9799222946167
2015-05-16,0.0
2015-05-17,26.475444793701172
2015-05-18,17.650297164916992
2015-05-19,0.0
2015-05-20,8.825148582458496
2015-05-21,0.0
2015-05-22,0.0
2015-05-23,23.59227752685547
2015-05-24,0.0
2015-05-25,23.59227752685547
2015-05-26,36.51639175415039
2015-05-27,0.0
2015-05-28,0.0
2015-05-29,0.0
2015-05-30,0.0
2015-05-31,0.0
2015-06-01,43.66542434692383
2015-06-02,21.832712173461914
2015-06-03,0.0
2015-06-04,21.832712173461914
2015-06-05,0.0
2015-06-06,0.0
2015-06-07,34.378265380859375
2015-06-08,34.378265380859375
2015-06-09,0.0
2015-06-10,0.0
2015-06-11,44.25025939941406
2015-06-12,0.0
2015-06-13,66.3753890991211
2015-06-14,22.12512969970703
2015-06-15,0.0
2015-06-16,0.0
2015-06-17,0.0
2015-06-18,0.0
2015-06-19,0.0
2015-06-20,0.0
2015-06-21,0.0
2015-06-22,0.0
2015-06-23,0.0
2015-06-24,0.0
2015-06-25,0.0
2015-06-26,0.0
2015-06-27,0.0
2015-06-28,0.0
2015-06-29,0.0
2015-06-30,0.0
2015-07-01,0.0
2015-07-02,0.0
2015-07-03,0.0
2015-07-04,0.0
2015-07-05,44.99058532714844
2015-07-06,18.947975158691406
2015-07-07,0.0
2015-07-08,0.0
2015-07-09,0.0
2015-07-10,18.947975158691406
2015-07-11,0.0
2015-07-12,17.23291015625
2015-07-13,0.0
2015-07-14,0.0
2015-07-15,17.23291015625
2015-07-16,0.0
2015-07-17,17.047714233398438
2015-07-18,17.047714233398438
2015-07-19,0.0
2015-07-20,0.0
2015-07-21,0.0
2015-07-22,34.57307052612305
2015-07-23,0.0
2015-07-24,0.0
2015-07-25,0.0
2015-07-26,0.0
2015-07-27,0.0
2015-07-28,0.0
2015-07-29,0.0
2015-07-30,0.0
2015-07-31,0.0
2015-08-01,43.39976501464844
2015-08-02,0.0
2015-08-03,0.0
2015-08-04,0.0
2015-08-05,0.0
2015-08-06,19.870481491088867
2015-08-07,0.0
2015-08-08,39.740962982177734
2015-08-09,0.0
2015-08-10,0.0
2015-08-11,0.0
2015-08-12,0.0
2015-08-13,0.0
2015-08-14,27.4432430267334
2015-08-15,0.0
2015-08-16,0.0
2015-08-17,0.0
2015-08-18,0.0
2015-08-19,0.0
2015-08-20,30.167160034179688
2015-08-21,0.0
2015-08-22,0.0
2015-08-23,0.0
2015-08-24,0.0
2015-08-25,21.570533752441406
2015-08-26,0.0
2015-08-27,37.08034133911133
2015-08-28,0.0
2015-08-29,0.0
2015-08-30,0.0
2015-08-31,18.540170669555664
2015-09-01,0.0
2015-09-02,16.476070404052734
2015-09-03,0.0
2015-09-04,0.0
2015-09-05,0.0
2015-09-06,41.2762451171875
2015-09-07,10.319061279296875
2015-09-08,0.0
2015-09-09,0.0
2015-09-10,0.0
2015-09-11,8.83821964263916
2015-09-12,0.0
2015-09-13,0.0
2015-09-14,0.0
2015-09-15,0.0
2015-09-16,8.701828956604004
2015-09-17,0.0
2015-09-18,26.105487823486328
2015-09-19,26.105487823486328
2015-09-20,17.403657913208008
2015-09-21,0.0
2015-09-22,0.0
2015-09-23,0.0
2015-09-24,0.0
2015-09-25,0.0
2015-09-26,0.0
2015-09-27,0.0
2015-09-28,0.0
2015-09-29,0.0
2015-09-30,0.0
2015-10-01,0.0
2015-10-02,10.079751968383789
2015-10-03,10.079751968383789
2015-10-04,0.0
2015-10-05,20.159503936767578
2015-10-06,9.130353927612305
2015-10-07,0.0
2015-10-08,0.0
2015-10-09,0.0
2015-10-10,9.130353927612305
2015-10-11,0.0
2015-10-12,26.209632873535156
2015-10-13,17.473087310791016
2015-10-14,0.0
2015-10-15,8.736543655395508
2015-10-16,0.0
2015-10-17,8.164457321166992
2015-10-18,8.164457321166992
2015-10-19,8.164457321166992
2015-10-20,0.0
2015-10-21,0.0
2015-10-22,0.0
2015-10-23,25.466899871826172
2015-10-24,0.0
2015-10-25,0.0
2015-10-26,0.0
2015-10-27,18.183528900146484
2015-10-28,0.0
2015-10-29,0.0
2015-10-30,0.0
2015-10-31,0.0
2015-11-01,0.0
2015-11-02,17.730281829833984
2015-11-03,0.0
2015-11-04,26.595422744750977
2015-11-05,26.595422744750977
2015-11-06,7.595346927642822
2015-11-07,15.190693855285645
2015-11-08,0.0
2015-11-09,0.0
2015-11-10,0.0
2015-11-11,0.0
2015-11-12,0.0
2015-11-13,24.49486541748047
2015-11-14,12.247432708740234
2015-11-15,0.0
2015-11-16,0.0
2015-11-17,0.0
2015-11-18,0.0
2015-11-19,0.0
2015-11-20,0.0
2015-11-21,0.0
2015-11-22,0.0
2015-11-23,0.0
2015-11-24,0.0
2015-11-25,0.0
2015-11-26,0.0
2015-11-27,0.0
2015-11-28,0.0
2015-11-29,0.0
2015-11-30,0.0
2015-12-01,13.020416259765625
2015-12-02,0.0
2015-12-03,0.0
2015-12-04,0.0
2015-12-05,0.0
2015-12-06,0.0
2015-12-07,0.0
2015-12-08,0.0
2015-12-09,0.0
2015-12-10,0.0
2015-12-11,0.0
2015-12-12,0.0
2015-12-13,0.0
2015-12-14,0.0
2015-12-15,0.0
2015-12-16,20.744014739990234
2015-12-17,0.0
2015-12-18,0.0
2015-12-19,10.372007369995117
2015-12-20,0.0
2015-12-21,0.0
2015-12-22,0.0
2015-12-23,0.0
2015-12-24,0.0
2015-12-25,0.0
2015-12-26,0.0
2015-12-27,0.0
2015-12-28,0.0
2015-12-29,0.0
2015-12-30,0.0
2015-12-31,0.0
2016-01-01,5.714221477508545
2016-01-02,0.0
2016-01-03,0.0
2016-01-04,0.0
2016-01-05,0.0
2016-01-06,0.0
2016-01-07,0.0
2016-01-08,0.0
2016-01-09,0.0
2016-01-10,0.0
2016-01-11,0.0
2016-01-12,0.0
2016-01-13,0.0
2016-01-14,0.0
2016-01-15,0.0
2016-01-16,0.0
2016-01-17,0.0
2016-01-18,0.0
2016-01-19,0.0
2016-01-20,4.792721271514893
2016-01-21,0.0
2016-01-22,0.0
2016-01-23,0.0
2016-01-24,0.0
2016-01-25,0.0
2016-01-26,0.0
2016-01-27,0.0
2016-01-28,0.0
2016-01-29,0.0
2016-01-30,6.403548717498779
2016-01-31,0.0
2016-02-01,0.0
2016-02-02,0.0
2016-02-03,0.0
2016-02-04,0.0
2016-02-05,0.0
2016-02-06,0.0
2016-02-07,0.0
2016-02-08,0.0
2016-02-09,0.0
2016-02-10,0.0
2016-02-11,0.0
2016-02-12,0.0
2016-02-13,0.0
2016-02-14,0.0
2016-02-15,0.0
2016-02-16,0.0
2016-02-17,0.0
2016-02-18,0.0
2016-02-19,0.0
2016-02-20,0.0
2016-02-21,4.906061172485352
2016-02-22,0.0
2016-02-23,0.0
2016-02-24,7.031473636627197
2016-02-25,8.410913467407227
2016-02-26,0.0
2016-02-27,5.796925067901611
2016-02-28,0.0
2016-02-29,0.0
2016-03-01,14.466828346252441
2016-03-02,0.0
2016-03-03,0.0
2016-03-04,0.0
2016-03-05,0.0
2016-03-06,0.0
2016-03-07,4.399377822875977
2016-03-08,8.798755645751953
2016-03-09,8.798755645751953
2016-03-10,0.0
2016-03-11,0.0
2016-03-12,0.0
2016-03-13,0.0
2016-03-14,0.0
2016-03-15,14.53921890258789
2016-03-16,0.0
2016-03-17,10.251745223999023
2016-03-18,10.251745223999023
2016-03-19,5.125872611999512
2016-03-20,0.0
2016-03-21,4.93955135345459
2016-03-22,0.0
2016-03-23,4.93955135345459
2016-03-24,0.0
2016-03-25,0.0
2016-03-26,0.0
2016-03-27,0.0
2016-03-28,0.0
2016-03-29,0.0
2016-03-30,32.29513168334961
2016-03-31,8.073782920837402
2016-04-01,6.258034706115723
2016-04-02,37.5482063293457
2016-04-03,6.258034706115723
2016-04-04,12.516069412231445
2016-04-05,0.0
2016-04-06,0.0
2016-04-07,0.0
2016-04-08,11.470898628234863
2016-04-09,22.941797256469727
2016-04-10,34.412696838378906
2016-04-11,18.007225036621094
2016-04-12,45.018062591552734
2016-04-13,18.007225036621094
2016-04-14,0.0
2016-04-15,18.007225036621094
2016-04-16,21.16339874267578
2016-04-17,0.0
2016-04-18,10.58169937133789
2016-04-19,0.0
2016-04-20,21.16339874267578
2016-04-21,0.0
2016-04-22,26.025653839111328
2016-04-23,0.0
2016-04-24,17.350435256958008
2016-04-25,0.0
2016-04-26,0.0
2016-04-27,15.903265953063965
2016-04-28,7.951632976531982
2016-04-29,31.80653190612793
2016-04-30,0.0
2016-05-01,0.0
2016-05-02,0.0
2016-05-03,18.834962844848633
2016-05-04,37.669925689697266
2016-05-05,0.0
2016-05-06,8.123271942138672
2016-05-07,8.123271942138672
2016-05-08,8.123271942138672
2016-05-09,16.246543884277344
2016-05-10,0.0
2016-05-11,0.0
2016-05-12,0.0
2016-05-13,61.242977142333984
2016-05-14,0.0
2016-05-15,15.310744285583496
2016-05-16,6.953344345092773
2016-05-17,20.860031127929688
2016-05-18,6.953344345092773
2016-05-19,34.766719818115234
2016-05-20,0.0
2016-05-21,0.0
2016-05-22,0.0
2016-05-23,0.0
2016-05-24,36.14366149902344
2016-05-25,0.0
2016-05-26,0.0
2016-05-27,10.900239944458008
2016-05-28,21.800479888916016
2016-05-29,10.900239944458008
2016-05-30,10.900239944458008
2016-05-31,10.900239944458008
2016-06-01,0.0
2016-06-02,0.0
2016-06-03,45.74949645996094
2016-06-04,0.0
2016-06-05,0.0
2016-06-06,0.0
2016-06-07,0.0
2016-06-08,26.61256217956543
2016-06-09,53.22512435913086
2016-06-10,0.0
2016-06-11,0.0
2016-06-12,24.067760467529297
2016-06-13,72.20327758789062
2016-06-14,0.0
2016-06-15,0.0
2016-06-16,0.0
2016-06-17,0.0
2016-06-18,23.23258399963379
2016-06-19,46.46516799926758
2016-06-20,23.23258399963379
2016-06-21,0.0
2016-06-22,0.0
2016-06-23,0.0
2016-06-24,61.521644592285156
2016-06-25,0.0
2016-06-26,0.0
2016-06-27,0.0
2016-06-28,0.0
2016-06-29,37.1750602722168
2016-06-30,0.0
2016-07-01,0.0
2016-07-02,57.98884201049805
2016-07-03,38.65923309326172
2016-07-04,0.0
2016-07-05,0.0
2016-07-06,36.770328521728516
2016-07-07,0.0
2016-07-08,0.0
2016-07-09,18.385164260864258
2016-07-10,0.0
2016-07-11,10.276609420776367
2016-07-12,0.0
2016-07-13,0.0
2016-07-14,10.276609420776367
2016-07-15,20.553218841552734
2016-07-16,0.0
2016-07-17,0.0
2016-07-18,16.101015090942383
2016-07-19,0.0
2016-07-20,32.202030181884766
2016-07-21,0.0
2016-07-22,0.0
2016-07-23,0.0
2016-07-24,0.0
2016-07-25,0.0
2016-07-26,0.0
2016-07-27,26.249197006225586
2016-07-28,0.0
2016-07-29,0.0
2016-07-30,52.49839401245117
2016-07-31,0.0
2016-08-01,0.0
2016-08-02,0.0
2016-08-03,0.0
2016-08-04,0.0
2016-08-05,0.0
2016-08-06,0.0
2016-08-07,0.0
2016-08-08,56.72686004638672
2016-08-09,56.72686004638672
2016-08-10,0.0
2016-08-11,0.0
2016-08-12,0.0
2016-08-13,0.0
2016-08-14,0.0
2016-08-15,0.0
2016-08-16,0.0
2016-08-17,43.313140869140625
2016-08-18,43.313140869140625
2016-08-19,0.0
2016-08-20,0.0
2016-08-21,34.438846588134766
2016-08-22,0.0
2016-08-23,0.0
2016-08-24,0.0
2016-08-25,0.0
2016-08-26,0.0
2016-08-27,0.0
2016-08-28,0.0
2016-08-29,0.0
2016-08-30,31.053829193115234
2016-08-31,31.053829193115234
2016-09-01,16.569618225097656
2016-09-02,16.569618225097656
2016-09-03,0.0
2016-09-04,16.569618225097656
2016-09-05,8.284809112548828
2016-09-06,26.33678436279297
2016-09-07,13.168392181396484
2016-09-08,0.0
2016-09-09,13.168392181396484
2016-09-10,0.0
2016-09-11,8.035357475280762
2016-09-12,0.0
2016-09-13,0.0
2016-09-14,4.017678737640381
2016-09-15,8.035357475280762
2016-09-16,0.0
2016-09-17,0.0
2016-09-18,0.0
2016-09-19,27.201801300048828
2016-09-20,0.0
2016-09-21,15.6621675491333
2016-09-22,0.0
2016-09-23,7.83108377456665
2016-09-24,15.6621675491333
2016-09-25,15.6621675491333
2016-09-26,0.0
2016-09-27,8.173810005187988
2016-09-28,8.173810005187988
2016-09-29,0.0
2016-09-30,0.0
2016-10-01,18.99058723449707
2016-10-02,18.99058723449707
2016-10-03,18.99058723449707
2016-10-04,0.0
2016-10-05,9.495293617248535
2016-10-06,0.0
2016-10-07,17.68572425842285
2016-10-08,0.0
2016-10-09,46.425025939941406
2016-10-10,0.0
2016-10-11,23.45610237121582
2016-10-12,15.637401580810547
2016-10-13,7.818700790405273
2016-10-14,15.637401580810547
2016-10-15,15.637401580810547
2016-10-16,0.0
2016-10-17,17.121055603027344
2016-10-18,0.0
2016-10-19,0.0
2016-10-20,17.121055603027344
2016-10-21,0.0
2016-10-22,11.246806144714355
2016-10-23,22.49361228942871
2016-10-24,0.0
2016-10-25,0.0
2016-10-26,0.0
2016-10-27,13.37473201751709
2016-10-28,13.37473201751709
2016-10-29,13.37473201751709
2016-10-30,0.0
2016-10-31,0.0
2016-11-01,0.0
2016-11-02,33.49456787109375
2016-11-03,16.747283935546875
2016-11-04,16.747283935546875
2016-11-05,0.0
2016-11-06,0.0
2016-11-07,0.0
2016-11-08,44.24457931518555
2016-11-09,0.0
2016-11-10,0.0
2016-11-11,22.946826934814453
2016-11-12,0.0
2016-11-13,0.0
2016-11-14,5.736706733703613
2016-11-15,0.0
2016-11-16,0.0
2016-11-17,0.0
2016-11-18,19.935707092285156
2016-11-19,0.0
2016-11-20,0.0
2016-11-21,0.0
2016-11-22,0.0
2016-11-23,12.475353240966797
2016-11-24,0.0
2016-11-25,12.475353240966797
2016-11-26,0.0
2016-11-27,48.084686279296875
2016-11-28,12.021171569824219
2016-11-29,48.084686279296875
2016-11-30,0.0
2016-12-01,15.215752601623535
2016-12-02,0.0
2016-12-03,0.0
2016-12-04,15.215752601623535
2016-12-05,0.0
2016-12-06,0.0
2016-12-07,0.0
2016-12-08,0.0
2016-12-09,0.0
2016-12-10,0.0
2016-12-11,0.0
2016-12-12,0.0
2016-12-13,0.0
2016-12-14,0.0
2016-12-15,0.0
2016-12-16,0.0
2016-12-17,0.0
2016-12-18,0.0
2016-12-19,0.0
2016-12-20,0.0
2016-12-21,0.0
2016-12-22,0.0
2016-12-23,0.0
2016-12-24,24.322874069213867
2016-12-25,0.0
2016-12-26,0.0
2016-12-27,0.0
2016-12-28,0.0
2016-12-29,0.0
2016-12-30,23.861967086791992
2016-12-31,0.0
2017-01-01,0.0
2017-01-02,0.0
2017-01-03,0.0
2017-01-04,0.0
2017-01-05,0.0
2017-01-06,0.0
2017-01-07,0.0
2017-01-08,24.381919860839844
2017-01-09,0.0
2017-01-10,0.0
2017-01-11,0.0
2017-01-12,0.0
2017-01-13,0.0
2017-01-14,0.0
2017-01-15,0.0
2017-01-16,0.0
2017-01-17,0.0
2017-01-18,0.0
2017-01-19,0.0
2017-01-20,0.0
2017-01-21,0.0
2017-01-22,0.0
2017-01-23,0.0
2017-01-24,0.0
2017-01-25,0.0
2017-01-26,0.0
2017-01-27,0.0
2017-01-28,0.0
2017-01-29,0.0
2017-01-30,0.0
2017-01-31,30.324460983276367
2017-02-01,0.0
2017-02-02,0.0
2017-02-03,0.0
2017-02-04,0.0
2017-02-05,0.0
2017-02-06,0.0
2017-02-07,0.0
2017-02-08,0.0
2017-02-09,0.0
2017-02-10,0.0
2017-02-11,0.0
2017-02-12,0.0
2017-02-13,0.0
2017-02-14,0.0
2017-02-15,0.0
2017-02-16,0.0
2017-02-17,0.0
2017-02-18,0.0
2017-02-19,0.0
2017-02-20,0.0
2017-02-21,0.0
2017-02-22,0.0
2017-02-23,44.05992889404297
2017-02-24,0.0
2017-02-25,0.0
2017-02-26,0.0
2017-02-27,9.821011543273926
2017-02-28,0.0
2017-03-01,0.0
2017-03-02,0.0
2017-03-03,0.0
2017-03-04,0.0
2017-03-05,0.0
2017-03-06,0.0
2017-03-07,3.258148670196533
2017-03-08,9.774445533752441
2017-03-09,3.258148670196533
2017-03-10,0.0
2017-03-11,0.0
2017-03-12,16.77028465270996
2017-03-13,5.590094566345215
2017-03-14,0.0
2017-03-15,0.0
2017-03-16,0.0
2017-03-17,0.0
2017-03-18,0.0
2017-03-19,0.0
2017-03-20,0.0
2017-03-21,0.0
2017-03-22,22.106290817260742
2017-03-23,29.47505760192871
2017-03-24,7.368764400482178
2017-03-25,0.0
2017-03-26,14.644392013549805
2017-03-27,29.28878402709961
2017-03-28,21.966588973999023
2017-03-29,14.644392013549805
2017-03-30,0.0
2017-03-31,0.0
2017-04-01,5.655343055725098
2017-04-02,5.655343055725098
2017-04-03,0.0
2017-04-04,0.0
2017-04-05,0.0
2017-04-06,0.0
2017-04-07,0.0
2017-04-08,0.0
2017-04-09,0.0
2017-04-10,5.732094764709473
2017-04-11,0.0
2017-04-12,13.228017807006836
2017-04-13,0.0
2017-04-14,39.684051513671875
2017-04-15,0.0
2017-04-16,0.0
2017-04-17,0.0
2017-04-18,39.74654769897461
2017-04-19,0.0
2017-04-20,0.0
2017-04-21,19.66008949279785
2017-04-22,0.0
2017-04-23,6.553362846374512
2017-04-24,19.66008949279785
2017-04-25,0.0
2017-04-26,30.222429275512695
2017-04-27,10.074143409729004
2017-04-28,10.074143409729004
2017-04-29,20.148286819458008
2017-04-30,0.0
2017-05-01,0.0
2017-05-02,17.628816604614258
2017-05-03,35.257633209228516
2017-05-04,17.628816604614258
2017-05-05,17.628816604614258
2017-05-06,20.42754554748535
2017-05-07,0.0
2017-05-08,13.618363380432129
2017-05-09,6.8091816902160645
2017-05-10,6.8091816902160645
2017-05-11,0.0
2017-05-12,19.763561248779297
2017-05-13,4.940890312194824
2017-05-14,14.822671890258789
2017-05-15,14.822671890258789
2017-05-16,9.463136672973633
2017-05-17,0.0
2017-05-18,0.0
2017-05-19,0.0
2017-05-20,0.0
2017-05-21,0.0
2017-05-22,14.801904678344727
2017-05-23,7.400952339172363
2017-05-24,14.801904678344727
2017-05-25,0.0
2017-05-26,0.0
2017-05-27,26.090299606323242
2017-05-28,13.045149803161621
2017-05-29,0.0
2017-05-30,13.045149803161621
2017-05-31,0.0
2017-06-01,0.0
2017-06-02,0.0
2017-06-03,21.903270721435547
2017-06-04,10.951635360717773
2017-06-05,21.903270721435547
2017-06-06,17.298717498779297
2017-06-07,17.298717498779297
2017-06-08,34.597434997558594
2017-06-09,17.298717498779297
2017-06-10,17.298717498779297
2017-06-11,0.0
2017-06-12,0.0
2017-06-13,60.21703338623047
2017-06-14,0.0
2017-06-15,15.054258346557617
2017-06-16,0.0
2017-06-17,37.965938568115234
2017-06-18,0.0
2017-06-19,0.0
2017-06-20,9.491484642028809
2017-06-21,0.0
2017-06-22,0.0
2017-06-23,31.811670303344727
2017-06-24,31.811670303344727
2017-06-25,15.905835151672363
2017-06-26,57.26585006713867
2017-06-27,0.0
2017-06-28,0.0
2017-06-29,19.0886173248291
2017-06-30,19.0886173248291
2017-07-01,34.72890090942383
2017-07-02,0.0
2017-07-03,0.0
2017-07-04,0.0
2017-07-05,0.0
2017-07-06,41.45696258544922
2017-07-07,20.72848129272461
2017-07-08,0.0
2017-07-09,0.0
2017-07-10,0.0
2017-07-11,24.396451950073242
2017-07-12,0.0
2017-07-13,0.0
2017-07-14,0.0
2017-07-15,0.0
2017-07-16,0.0
2017-07-17,0.0
2017-07-18,44.8358039855957
2017-07-19,0.0
2017-07-20,0.0
2017-07-21,0.0
2017-07-22,0.0
2017-07-23,0.0
2017-07-24,0.0
2017-07-25,41.71942138671875
2017-07-26,0.0
2017-07-27,0.0
2017-07-28,0.0
2017-07-29,0.0
2017-07-30,0.0
2017-07-31,0.0
2017-08-01,0.0
2017-08-02,0.0
2017-08-03,10.011631965637207
2017-08-04,10.011631965637207
2017-08-05,0.0
2017-08-06,0.0
2017-08-07,0.0
2017-08-08,15.825174331665039
2017-08-09,0.0
2017-08-10,15.825174331665039
2017-08-11,0.0
2017-08-12,30.45754051208496
2017-08-13,0.0
2017-08-14,0.0
2017-08-15,15.22877025604248
2017-08-16,36.41584777832031
2017-08-17,0.0
2017-08-18,0.0
2017-08-19,36.41584777832031
2017-08-20,0.0
2017-08-21,0.0
2017-08-22,11.575450897216797
2017-08-23,11.575450897216797
2017-08-24,11.575450897216797
2017-08-25,0.0
2017-08-26,0.0
2017-08-27,9.078615188598633
2017-08-28,9.078615188598633
2017-08-29,27.2358455657959
2017-08-30,9.078615188598633
2017-08-31,0.0
2017-09-01,0.0
2017-09-02,0.0
2017-09-03,0.0
2017-09-04,0.0
2017-09-05,45.35137176513672
2017-09-06,0.0
2017-09-07,0.0
2017-09-08,31.82462501525879
2017-09-09,0.0
2017-09-10,15.912312507629395
2017-09-11,0.0
2017-09-12,16.65064239501953
2017-09-13,11.100428581237793
2017-09-14,5.5502142906188965
2017-09-15,11.100428581237793
2017-09-16,24.087692260742188
2017-09-17,0.0
2017-09-18,0.0
2017-09-19,0.0
2017-09-20,0.0
2017-09-21,14.783509254455566
2017-09-22,14.783509254455566
2017-09-23,14.783509254455566
2017-09-24,0.0
2017-09-25,0.0
2017-09-26,0.0
2017-09-27,11.532770156860352
2017-09-28,0.0
2017-09-29,34.59831237792969
2017-09-30,0.0
2017-10-01,0.0
2017-10-02,0.0
2017-10-03,0.0
2017-10-04,24.766122817993164
2017-10-05,0.0
2017-10-06,12.95726203918457
2017-10-07,12.95726203918457
2017-10-08,25.91452407836914
2017-10-09,0.0
2017-10-10,12.95726203918457
2017-10-11,18.69853973388672
2017-10-12,9.34926986694336
2017-10-13,9.34926986694336
2017-10-14,9.34926986694336
2017-10-15,0.0
2017-10-16,12.085834503173828
2017-10-17,0.0
2017-10-18,0.0
2017-10-19,0.0
2017-10-20,12.085834503173828
2017-10-21,0.0
2017-10-22,0.0
2017-10-23,0.0
2017-10-24,0.0
2017-10-25,19.773780822753906
2017-10-26,0.0
2017-10-27,0.0
2017-10-28,5.798421859741211
2017-10-29,11.596843719482422
2017-10-30,5.798421859741211
2017-10-31,5.798421859741211
2017-11-01,14.418584823608398
2017-11-02,0.0
2017-11-03,0.0
2017-11-04,36.04646301269531
2017-11-05,0.0
2017-11-06,0.0
2017-11-07,0.0
2017-11-08,0.0
2017-11-09,0.0
2017-11-10,0.0
2017-11-11,0.0
2017-11-12,3.650508165359497
2017-11-13,0.0
2017-11-14,14.602032661437988
2017-11-15,0.0
2017-11-16,8.83885383605957
2017-11-17,0.0
2017-11-18,0.0
2017-11-19,0.0
2017-11-20,2.946284532546997
2017-11-21,0.0
2017-11-22,0.0
2017-11-23,0.0
2017-11-24,8.589059829711914
2017-11-25,42.94529724121094
2017-11-26,0.0
2017-11-27,0.0
2017-11-28,0.0
2017-11-29,0.0
2017-11-30,0.0
2017-12-01,0.0
2017-12-02,3.957577705383301
2017-12-03,0.0
2017-12-04,13.018925666809082
2017-12-05,0.0
2017-12-06,0.0
2017-12-07,0.0
2017-12-08,0.0
2017-12-09,0.0
2017-12-10,0.0
2017-12-11,0.0
2017-12-12,0.0
2017-12-13,0.0
2017-12-14,0.0
2017-12-15,0.0
2017-12-16,3.800412654876709
2017-12-17,0.0
2017-12-18,0.0
2017-12-19,0.0
2017-12-20,0.0
2017-12-21,0.0
2017-12-22,0.0
2017-12-23,0.0
2017-12-24,0.0
2017-12-25,0.0
2017-12-26,0.0
2017-12-27,0.0
2017-12-28,0.0
2017-12-29,0.0
2017-12-30,0.0
2017-12-31,0.0
2018-01-01,8.276928901672363
2018-01-02,33.10771560668945
2018-01-03,0.0
2018-01-04,0.0
2018-01-05,0.0
2018-01-06,0.0
2018-01-07,0.0
2018-01-08,0.0
2018-01-09,0.0
2018-01-10,0.0
2018-01-11,0.0
2018-01-12,6.5027384757995605
2018-01-13,6.5027384757995605
2018-01-14,0.0
2018-01-15,0.0
2018-01-16,20.26409339904785
2018-01-17,20.26409339904785
2018-01-18,0.0
2018-01-19,0.0
2018-01-20,0.0
2018-01-21,0.0
2018-01-22,0.0
2018-01-23,0.0
2018-01-24,0.0
2018-01-25,0.0
2018-01-26,0.0
2018-01-27,0.0
2018-01-28,0.0
2018-01-29,0.0
2018-01-30,0.0
2018-01-31,0.0
2018-02-01,0.0
2018-02-02,0.0
2018-02-03,0.0
2018-02-04,0.0
2018-02-05,0.0
2018-02-06,0.0
2018-02-07,0.0
2018-02-08,0.0
2018-02-09,0.0
2018-02-10,0.0
2018-02-11,0.0
2018-02-12,2.874044895172119
2018-02-13,0.0
2018-02-14,0.0
2018-02-15,0.0
2018-02-16,0.0
2018-02-17,3.5208568572998047
2018-02-18,0.0
2018-02-19,0.0
2018-02-20,0.0
2018-02-21,0.0
2018-02-22,0.0
2018-02-23,0.0
2018-02-24,0.0
2018-02-25,0.0
2018-02-26,0.0
2018-02-27,0.0
2018-02-28,0.0
2018-03-01,0.0
2018-03-02,0.0
2018-03-03,0.0
2018-03-04,0.0
2018-03-05,41.68647384643555
2018-03-06,0.0
2018-03-07,21.515893936157227
2018-03-08,0.0
2018-03-09,0.0
2018-03-10,0.0
2018-03-11,0.0
2018-03-12,0.0
2018-03-13,0.0
2018-03-14,0.0
2018-03-15,0.0
2018-03-16,0.0
2018-03-17,0.0
2018-03-18,0.0
2018-03-19,0.0
2018-03-20,0.0
2018-03-21,0.0
2018-03-22,0.0
2018-03-23,8.756425857543945
2018-03-24,0.0
2018-03-25,0.0
2018-03-26,0.0
2018-03-27,19.98801040649414
2018-03-28,39.97602081298828
2018-03-29,0.0
2018-03-30,19.98801040649414
2018-03-31,0.0
2018-04-01,0.0
2018-04-02,0.0
2018-04-03,23.443464279174805
2018-04-04,15.628976821899414
2018-04-05,0.0
2018-04-06,0.0
2018-04-07,9.892659187316895
2018-04-08,0.0
2018-04-09,0.0
2018-04-10,9.892659187316895
2018-04-11,0.0
2018-04-12,0.0
2018-04-13,0.0
2018-04-14,37.305118560791016
2018-04-15,12.435039520263672
2018-04-16,0.0
2018-04-17,24.93702507019043
2018-04-18,12.468512535095215
2018-04-19,0.0
2018-04-20,6.234256267547607
2018-04-21,0.0
2018-04-22,20.713916778564453
2018-04-23,10.356958389282227
2018-04-24,20.713916778564453
2018-04-25,10.356958389282227
2018-04-26,7.224710941314697
2018-04-27,0.0
2018-04-28,0.0
2018-04-29,28.89884376525879
2018-04-30,7.224710941314697
2018-05-01,0.0
2018-05-02,11.235698699951172
2018-05-03,11.235698699951172
2018-05-04,22.471397399902344
2018-05-05,11.235698699951172
2018-05-06,22.704788208007812
2018-05-07,0.0
2018-05-08,34.05717849731445
2018-05-09,0.0
2018-05-10,0.0
2018-05-11,29.28189468383789
2018-05-12,19.521263122558594
2018-05-13,9.760631561279297
2018-05-14,0.0
2018-05-15,19.521263122558594
2018-05-16,0.0
2018-05-17,0.0
2018-05-18,10.31946086883545
2018-05-19,20.6389217376709
2018-05-20,10.31946086883545
2018-05-21,9.00839900970459
2018-05-22,0.0
2018-05-23,27.025196075439453
2018-05-24,9.00839900970459
2018-05-25,9.00839900970459
2018-05-26,0.0
2018-05-27,25.100881576538086
2018-05-28,37.65132141113281
2018-05-29,25.100881576538086
2018-05-30,0.0
2018-05-31,0.0
2018-06-01,25.976116180419922
2018-06-02,51.952232360839844
2018-06-03,25.976116180419922
2018-06-04,12.988058090209961
2018-06-05,12.988058090209961
2018-06-06,0.0
2018-06-07,0.0
2018-06-08,0.0
2018-06-09,52.247032165527344
2018-06-10,26.123516082763672
2018-06-11,0.0
2018-06-12,0.0
2018-06-13,105.05384826660156
2018-06-14,52.52692413330078
2018-06-15,0.0
2018-06-16,0.0
2018-06-17,0.0
2018-06-18,0.0
2018-06-19,0.0
2018-06-20,0.0
2018-06-21,0.0
2018-06-22,0.0
2018-06-23,0.0
2018-06-24,0.0
2018-06-25,0.0
2018-06-26,40.04592514038086
2018-06-27,20.02296257019043
2018-06-28,20.02296257019043
2018-06-29,0.0
2018-06-30,40.04592514038086
2018-07-01,0.0
2018-07-02,0.0
2018-07-03,0.0
2018-07-04,43.36371612548828
2018-07-05,0.0
2018-07-06,0.0
2018-07-07,20.013818740844727
2018-07-08,20.013818740844727
2018-07-09,40.02763748168945
2018-07-10,0.0
2018-07-11,0.0
2018-07-12,36.892574310302734
2018-07-13,0.0
2018-07-14,0.0
2018-07-15,0.0
2018-07-16,22.88935661315918
2018-07-17,22.88935661315918
2018-07-18,0.0
2018-07-19,0.0
2018-07-20,22.88935661315918
2018-07-21,20.875720977783203
2018-07-22,0.0
2018-07-23,0.0
2018-07-24,62.62716293334961
2018-07-25,0.0
2018-07-26,0.0
2018-07-27,0.0
2018-07-28,0.0
2018-07-29,0.0
2018-07-30,0.0
2018-07-31,68.13185119628906
2018-08-01,17.58263397216797
2018-08-02,0.0
2018-08-03,0.0
2018-08-04,0.0
2018-08-05,17.58263397216797
2018-08-06,0.0
2018-08-07,32.42829513549805
2018-08-08,0.0
2018-08-09,0.0
2018-08-10,0.0
2018-08-11,0.0
2018-08-12,13.33932876586914
2018-08-13,13.33932876586914
2018-08-14,13.33932876586914
2018-08-15,0.0
2018-08-16,3.819690704345703
2018-08-17,8.97165298461914
2018-08-18,5.04986047744751
2018-08-19,11.36522388458252
2018-08-20,4.486769199371338
2018-08-21,21.940479278564453
2018-08-22,10.970239639282227
2018-08-23,10.970239639282227
2018-08-24,10.970239639282227
2018-08-25,21.940479278564453
2018-08-26,20.344980239868164
2018-08-27,0.0
2018-08-28,0.0
2018-08-29,0.0
2018-08-30,20.344980239868164
2018-08-31,0.0
2018-09-01,0.0
2018-09-02,18.171558380126953
2018-09-03,0.0
2018-09-04,9.085779190063477
2018-09-05,0.0
2018-09-06,0.0
2018-09-07,0.0
2018-09-08,0.0
2018-09-09,0.0
2018-09-10,0.0
2018-09-11,0.0
2018-09-12,0.0
2018-09-13,25.12285041809082
2018-09-14,12.56142520904541
2018-09-15,12.56142520904541
2018-09-16,0.0
2018-09-17,13.347003936767578
2018-09-18,0.0
2018-09-19,6.673501968383789
2018-09-20,0.0
2018-09-21,0.0
2018-09-22,22.5548152923584
2018-09-23,22.5548152923584
2018-09-24,0.0
2018-09-25,0.0
2018-09-26,18.110942840576172
2018-09-27,9.055471420288086
2018-09-28,0.0
2018-09-29,0.0
2018-09-30,9.055471420288086
2018-10-01,29.259267807006836
2018-10-02,0.0
2018-10-03,0.0
2018-10-04,0.0
2018-10-05,0.0
2018-10-06,27.76003074645996
2018-10-07,0.0
2018-10-08,0.0
2018-10-09,0.0
2018-10-10,9.25334358215332
2018-10-11,21.288227081298828
2018-10-12,0.0
2018-10-13,31.932342529296875
2018-10-14,0.0
2018-10-15,10.644113540649414
2018-10-16,0.0
2018-10-17,0.0
2018-10-18,0.0
2018-10-19,0.0
2018-10-20,12.930036544799805
2018-10-21,36.074302673339844
2018-10-22,18.037151336669922
2018-10-23,9.018575668334961
2018-10-24,0.0
2018-10-25,0.0
2018-10-26,9.30301570892334
2018-10-27,18.60603141784668
2018-10-28,9.30301570892334
2018-10-29,0.0
2018-10-30,0.0
2018-10-31,9.30301570892334
2018-11-01,0.0
2018-11-02,19.118793487548828
2018-11-03,0.0
2018-11-04,0.0
2018-11-05,0.0
2018-11-06,0.0
2018-11-07,26.41864776611328
2018-11-08,0.0
2018-11-09,0.0
2018-11-10,26.41864776611328
2018-11-11,0.0
2018-11-12,0.0
2018-11-13,0.0
2018-11-14,0.0
2018-11-15,0.0
2018-11-16,0.0
2018-11-17,0.0
2018-11-18,0.0
2018-11-19,0.0
2018-11-20,0.0
2018-11-21,0.0
2018-11-22,0.0
2018-11-23,0.0
2018-11-24,0.0
2018-11-25,0.0
2018-11-26,0.0
2018-11-27,0.0
2018-11-28,0.0
2018-11-29,4.71097469329834
2018-11-30,0.0
2018-12-01,0.0
2018-12-02,0.0
2018-12-03,0.0
2018-12-04,0.0
2018-12-05,0.0
2018-12-06,0.0
2018-12-07,0.0
2018-12-08,0.0
2018-12-09,0.0
2018-12-10,0.0
2018-12-11,0.0
2018-12-12,0.0
2018-12-13,4.995436191558838
2018-12-14,0.0
2018-12-15,0.0
2018-12-16,0.0
2018-12-17,0.0
2018-12-18,0.0
2018-12-19,0.0
2018-12-20,0.0
2018-12-21,0.0
2018-12-22,0.0
2018-12-23,0.0
2018-12-24,0.0
2018-12-25,0.0
2018-12-26,0.0
2018-12-27,3.096907138824463
2018-12-28,0.0
2018-12-29,0.0
2018-12-30,0.0
2018-12-31,0.0
2019-01-01,0.0
2019-01-02,0.0
2019-01-03,0.0
2019-01-04,0.0
2019-01-05,0.0
2019-01-06,0.0
2019-01-07,0.0
2019-01-08,0.0
2019-01-09,0.0
2019-01-10,0.0
2019-01-11,4.059290409088135
2019-01-12,0.0
2019-01-13,0.0
2019-01-14,0.0
2019-01-15,0.0
2019-01-16,0.0
2019-01-17,0.0
2019-01-18,0.0
2019-01-19,0.0
2019-01-20,0.0
2019-01-21,0.0
2019-01-22,0.0
2019-01-23,0.0
2019-01-24,0.0
2019-01-25,0.0
2019-01-26,0.0
2019-01-27,0.0
2019-01-28,0.0
2019-01-29,0.0
2019-01-30,0.0
2019-01-31,4.560356616973877
2019-02-01,0.0
2019-02-02,0.0
2019-02-03,0.0
2019-02-04,0.0
2019-02-05,0.0
2019-02-06,0.0
2019-02-07,0.0
2019-02-08,0.0
2019-02-09,0.0
2019-02-10,0.0
2019-02-11,0.0
2019-02-12,0.0
2019-02-13,0.0
2019-02-14,0.0
2019-02-15,0.0
2019-02-16,0.0
2019-02-17,0.0
2019-02-18,13.353523254394531
2019-02-19,0.0
2019-02-20,0.0
2019-02-21,0.0
2019-02-22,0.0
2019-02-23,0.0
2019-02-24,0.0
2019-02-25,0.0
2019-02-26,0.0
2019-02-27,0.0
2019-02-28,0.0
2019-03-01,0.0
2019-03-02,0.0
2019-03-03,0.0
2019-03-04,0.0
2019-03-05,0.0
2019-03-06,0.0
2019-03-07,0.0
2019-03-08,0.0
2019-03-09,0.0
2019-03-10,8.650671005249023
2019-03-11,12.525105476379395
2019-03-12,0.0
2019-03-13,0.0
2019-03-14,0.0
2019-03-15,0.0
2019-03-16,0.0
2019-03-17,0.0
2019-03-18,6.9478325843811035
2019-03-19,6.9478325843811035
2019-03-20,0.0
2019-03-21,0.0
2019-03-22,0.0
2019-03-23,5.0323920249938965
2019-03-24,0.0
2019-03-25,0.0
2019-03-26,0.0
2019-03-27,0.0
2019-03-28,6.428755760192871
2019-03-29,0.0
2019-03-30,25.715023040771484
2019-03-31,6.428755760192871
2019-04-01,9.989401817321777
2019-04-02,9.989401817321777
2019-04-03,0.0
2019-04-04,0.0
2019-04-05,0.0
2019-04-06,0.0
2019-04-07,0.0
2019-04-08,0.0
2019-04-09,0.0
2019-04-10,0.0
2019-04-11,17.505014419555664
2019-04-12,17.505014419555664
2019-04-13,8.752507209777832
2019-04-14,8.752507209777832
2019-04-15,8.752507209777832
2019-04-16,18.076032638549805
2019-04-17,18.076032638549805
2019-04-18,18.076032638549805
2019-04-19,0.0
2019-04-20,0.0
2019-04-21,6.156623840332031
2019-04-22,7.8320207595825195
2019-04-23,0.836290717124939
2019-04-24,8.732099533081055
2019-04-25,21.566299438476562
2019-04-26,0.0
2019-04-27,13.8021240234375
2019-04-28,27.604248046875
2019-04-29,0.0
2019-04-30,0.0
2019-05-01,0.0
2019-05-02,0.0
2019-05-03,17.525680541992188
2019-05-04,17.525680541992188
2019-05-05,0.0
2019-05-06,50.022254943847656
2019-05-07,0.0
2019-05-08,0.0
2019-05-09,0.0
2019-05-10,0.0
2019-05-11,0.0
2019-05-12,9.77410888671875
2019-05-13,19.5482177734375
2019-05-14,29.322324752807617
2019-05-15,0.0
2019-05-16,30.059663772583008
2019-05-17,10.01988697052002
2019-05-18,0.0
2019-05-19,20.03977394104004
2019-05-20,0.0
2019-05-21,0.0
2019-05-22,18.041019439697266
2019-05-23,0.0
2019-05-24,54.12306213378906
2019-05-25,18.041019439697266
2019-05-26,28.62967872619629
2019-05-27,28.62967872619629
2019-05-28,9.54322624206543
2019-05-29,0.0
2019-05-30,19.08645248413086
2019-05-31,9.54322624206543
2019-06-01,37.133155822753906
2019-06-02,0.0
2019-06-03,24.75543785095215
2019-06-04,24.75543785095215
2019-06-05,0.0
2019-06-06,85.4977798461914
2019-06-07,0.0
2019-06-08,0.0
2019-06-09,0.0
2019-06-10,0.0
2019-06-11,23.798627853393555
2019-06-12,6.750051021575928
2019-06-13,7.267177581787109
2019-06-14,11.933491706848145
2019-06-15,15.17943286895752
2019-06-16,0.0
2019-06-17,0.0
2019-06-18,0.0
2019-06-19,0.0
2019-06-20,0.0
2019-06-21,0.0
2019-06-22,0.0
2019-06-23,98.90263366699219
2019-06-24,0.0
2019-06-25,0.0
2019-06-26,0.0
2019-06-27,0.0
2019-06-28,0.0
2019-06-29,0.0
2019-06-30,73.00843811035156
2019-07-01,29.934232711791992
2019-07-02,0.0
2019-07-03,0.0
2019-07-04,0.0
2019-07-05,29.934232711791992
2019-07-06,0.0
2019-07-07,19.982860565185547
2019-07-08,0.0
2019-07-09,0.0
2019-07-10,0.0
2019-07-11,0.0
2019-07-12,0.0
2019-07-13,0.0
2019-07-14,21.256013870239258
2019-07-15,42.512027740478516
2019-07-16,21.125938415527344
2019-07-17,0.0
2019-07-18,0.0
2019-07-19,21.125938415527344
2019-07-20,42.25187683105469
2019-07-21,15.091058731079102
2019-07-22,0.0
2019-07-23,15.091058731079102
2019-07-24,0.0
2019-07-25,15.091058731079102
2019-07-26,30.823591232299805
2019-07-27,0.0
2019-07-28,30.823591232299805
2019-07-29,0.0
2019-07-30,0.0
2019-07-31,0.0
2019-08-01,0.0
2019-08-02,23.66963005065918
2019-08-03,47.33926010131836
2019-08-04,0.0
2019-08-05,0.0
2019-08-06,0.0
2019-08-07,0.0
2019-08-08,88.31041717529297
2019-08-09,0.0
2019-08-10,0.0
2019-08-11,0.0
2019-08-12,0.0
2019-08-13,0.0
2019-08-14,0.0
2019-08-15,0.0
2019-08-16,0.0
2019-08-17,0.0
2019-08-18,0.0
2019-08-19,53.32866287231445
2019-08-20,26.664331436157227
2019-08-21,0.0
2019-08-22,0.0
2019-08-23,46.160987854003906
2019-08-24,0.0
2019-08-25,0.0
2019-08-26,0.0
2019-08-27,17.578439712524414
2019-08-28,35.15687942504883
2019-08-29,0.0
2019-08-30,0.0
2019-08-31,0.0
2019-09-01,8.934856414794922
2019-09-02,8.934856414794922
2019-09-03,8.934856414794922
2019-09-04,8.934856414794922
2019-09-05,8.934856414794922
2019-09-06,0.0
2019-09-07,0.0
2019-09-08,0.0
2019-09-09,7.787169456481934
2019-09-10,0.0
2019-09-11,6.5489277839660645
2019-09-12,6.5489277839660645
2019-09-13,6.5489277839660645
2019-09-14,0.0
2019-09-15,0.0
2019-09-16,0.0
2019-09-17,24.10845947265625
2019-09-18,0.0
2019-09-19,0.0
2019-09-20,16.072307586669922
2019-09-21,8.444814682006836
2019-09-22,0.0
2019-09-23,25.33444595336914
2019-09-24,0.0
2019-09-25,8.444814682006836
2019-09-26,3.0669312477111816
2019-09-27,3.0669312477111816
2019-09-28,6.133862495422363
2019-09-29,0.0
2019-09-30,0.0
2019-10-01,0.0
2019-10-02,0.0
2019-10-03,55.744712829589844
2019-10-04,0.0
2019-10-05,9.29078483581543
2019-10-06,0.0
2019-10-07,0.0
2019-10-08,18.277921676635742
2019-10-09,9.138960838317871
2019-10-10,0.0
2019-10-11,9.102042198181152
2019-10-12,9.102042198181152
2019-10-13,0.0
2019-10-14,0.0
2019-10-15,18.204084396362305
2019-10-16,6.748326301574707
2019-10-17,0.0
2019-10-18,13.496652603149414
2019-10-19,0.0
2019-10-20,6.748326301574707
2019-10-21,3.315930128097534
2019-10-22,6.631860256195068
2019-10-23,0.0
2019-10-24,9.947789192199707
2019-10-25,3.315930128097534
2019-10-26,0.0
2019-10-27,6.50416374206543
2019-10-28,13.00832748413086
2019-10-29,0.0
2019-10-30,0.0
2019-10-31,19.51249122619629
2019-11-01,0.0
2019-11-02,28.933151245117188
2019-11-03,0.0
2019-11-04,0.0
2019-11-05,0.0
2019-11-06,9.93848991394043
2019-11-07,0.0
2019-11-08,0.0
2019-11-09,29.81546974182129
2019-11-10,9.93848991394043
2019-11-11,1.8049225807189941
2019-11-12,1.9682155847549438
2019-11-13,10.314885139465332
2019-11-14,5.528698921203613
2019-11-15,0.2118433713912964
2019-11-16,0.0
2019-11-17,0.0
2019-11-18,0.0
2019-11-19,0.0
2019-11-20,21.016334533691406
2019-11-21,10.571310043334961
2019-11-22,0.0
2019-11-23,0.0
2019-11-24,0.0
2019-11-25,0.0
2019-11-26,0.0
2019-11-27,0.0
2019-11-28,0.0
2019-11-29,0.0
2019-11-30,0.0
2019-12-01,0.0
2019-12-02,0.0
2019-12-03,0.0
2019-12-04,0.0
2019-12-05,0.0
2019-12-06,0.0
2019-12-07,0.0
2019-12-08,0.0
2019-12-09,0.0
2019-12-10,0.0
2019-12-11,0.0
2019-12-12,0.0
2019-12-13,0.0
2019-12-14,0.0
2019-12-15,10.31517219543457
2019-12-16,13.528399467468262
2019-12-17,0.0
2019-12-18,0.0
2019-12-19,0.0
2019-12-20,0.0
2019-12-21,9.518874168395996
2019-12-22,0.0
2019-12-23,0.0
2019-12-24,0.0
2019-12-25,9.518874168395996
2019-12-26,0.0
2019-12-27,7.422769069671631
2019-12-28,7.422769069671631
2019-12-29,0.0
2019-12-30,0.0
2019-12-31,0.0
2020-01-01,0.0
2020-01-02,0.0
2020-01-03,0.0
2020-01-04,0.0
2020-01-05,0.0
2020-01-06,0.0
2020-01-07,0.0
2020-01-08,0.0
2020-01-09,0.0
2020-01-10,0.0
2020-01-11,0.0
2020-01-12,0.0
2020-01-13,0.0
2020-01-14,0.0
2020-01-15,0.0
2020-01-16,0.0
2020-01-17,0.0
2020-01-18,0.0
2020-01-19,0.0
2020-01-20,21.610483169555664
2020-01-21,0.0
2020-01-22,0.0
2020-01-23,0.0
2020-01-24,0.0
2020-01-25,0.0
2020-01-26,0.0
2020-01-27,0.0
2020-01-28,0.0
2020-01-29,0.0
2020-01-30,0.0
2020-01-31,0.0
2020-02-01,0.0
2020-02-02,0.0
2020-02-03,0.0
2020-02-04,0.0
2020-02-05,0.0
2020-02-06,0.0
2020-02-07,0.0
2020-02-08,0.0
2020-02-09,0.0
2020-02-10,3.5651793479919434
2020-02-11,0.0
2020-02-12,0.0
2020-02-13,0.0
2020-02-14,0.0
2020-02-15,0.0
2020-02-16,0.0
2020-02-17,0.0
2020-02-18,0.0
2020-02-19,3.7981247901916504
2020-02-20,0.0
2020-02-21,0.0
2020-02-22,0.0
2020-02-23,0.0
2020-02-24,0.0
2020-02-25,0.0
2020-02-26,0.0
2020-02-27,0.0
2020-02-28,0.0
2020-02-29,0.0
2020-03-01,0.0
2020-03-02,0.0
2020-03-03,0.0
2020-03-04,0.0
2020-03-05,0.0
2020-03-06,0.0
2020-03-07,0.0
2020-03-08,0.0
2020-03-09,0.0
2020-03-10,0.0
2020-03-11,0.0
2020-03-12,0.0
2020-03-13,0.0
2020-03-14,29.067237854003906
2020-03-15,0.0
2020-03-16,0.0
2020-03-17,0.0
2020-03-18,0.0
2020-03-19,0.0
2020-03-20,0.0
2020-03-21,0.0
2020-03-22,0.0
2020-03-23,0.0
2020-03-24,0.0
2020-03-25,0.0
2020-03-26,0.0
2020-03-27,0.0
2020-03-28,0.0
2020-03-29,0.0
2020-03-30,0.0
2020-03-31,0.0
2020-04-01,18.138648986816406
2020-04-02,45.346622467041016
2020-04-03,0.0
2020-04-04,0.0
2020-04-05,36.27729797363281
2020-04-06,20.806047439575195
2020-04-07,20.806047439575195
2020-04-08,10.403023719787598
2020-04-09,41.61209487915039
2020-04-10,0.0
2020-04-11,12.026106834411621
2020-04-12,0.0
2020-04-13,0.0
2020-04-14,0.0
2020-04-15,0.0
2020-04-16,0.0
2020-04-17,15.800629615783691
2020-04-18,15.800629615783691
2020-04-19,0.0
2020-04-20,0.0
2020-04-21,10.069602966308594
2020-04-22,20.139205932617188
2020-04-23,20.139205932617188
2020-04-24,0.0
2020-04-25,0.0
2020-04-26,19.392417907714844
2020-04-27,0.0
2020-04-28,0.0
2020-04-29,58.17725372314453
2020-04-30,19.392417907714844
2020-05-01,8.320127487182617
2020-05-02,8.320127487182617
2020-05-03,24.960378646850586
2020-05-04,0.0
2020-05-05,8.320127487182617
2020-05-06,20.915283203125
2020-05-07,10.4576416015625
2020-05-08,31.372926712036133
2020-05-09,0.0
2020-05-10,0.0
2020-05-11,0.0
2020-05-12,0.0
2020-05-13,21.021879196166992
2020-05-14,0.0
2020-05-15,7.007292747497559
2020-05-16,10.976062774658203
2020-05-17,10.976062774658203
2020-05-18,10.976062774658203
2020-05-19,10.976062774658203
2020-05-20,0.0
2020-05-21,2.09364914894104
2020-05-22,0.8676214218139648
2020-05-23,17.457313537597656
2020-05-24,16.485454559326172
2020-05-25,38.675899505615234
2020-05-26,0.0
2020-05-27,0.0
2020-05-28,0.0
2020-05-29,0.0
2020-05-30,67.57903289794922
2020-05-31,0.0
2020-06-01,2.258779525756836
2020-06-02,1.7043178081512451
2020-06-03,13.890571594238281
2020-06-04,14.94502067565918
2020-06-05,7.132037162780762
2020-06-06,34.782047271728516
2020-06-07,34.782047271728516
2020-06-08,0.0
2020-06-09,0.0
2020-06-10,0.0
2020-06-11,22.216360092163086
2020-06-12,1.164663314819336
2020-06-13,2.734652280807495
2020-06-14,37.211944580078125
2020-06-15,2.711397171020508
2020-06-16,0.0
2020-06-17,15.306783676147461
2020-06-18,30.613567352294922
2020-06-19,0.0
2020-06-20,30.613567352294922
2020-06-21,0.0
2020-06-22,0.0
2020-06-23,0.0
2020-06-24,46.73283004760742
2020-06-25,0.0
2020-06-26,15.805743217468262
2020-06-27,47.41722869873047
2020-06-28,15.805743217468262
2020-06-29,0.0
2020-06-30,0.0
2020-07-01,23.007511138916016
2020-07-02,23.007511138916016
2020-07-03,0.0
2020-07-04,46.01502227783203
2020-07-05,0.0
2020-07-06,24.125877380371094
2020-07-07,0.0
2020-07-08,0.0
2020-07-09,24.125877380371094
2020-07-10,48.25175476074219
2020-07-11,0.0
2020-07-12,0.0
2020-07-13,9.550594329833984
2020-07-14,9.550594329833984
2020-07-15,19.10118865966797
2020-07-16,8.373089790344238
2020-07-17,7.784003734588623
2020-07-18,0.8765987157821655
2020-07-19,0.288028746843338
2020-07-20,0.830431342124939
2020-07-21,45.6122932434082
2020-07-22,45.6122932434082
2020-07-23,0.0
2020-07-24,0.0
2020-07-25,0.0
2020-07-26,67.93541717529297
2020-07-27,0.0
2020-07-28,0.0
2020-07-29,0.0
2020-07-30,0.0
2020-07-31,0.0
2020-08-01,0.0
2020-08-02,0.0
2020-08-03,0.0
2020-08-04,0.0
2020-08-05,0.0
2020-08-06,0.0
2020-08-07,0.0
2020-08-08,0.0
2020-08-09,0.0
2020-08-10,0.0
2020-08-11,0.0
2020-08-12,0.0
2020-08-13,61.211463928222656
2020-08-14,15.302865982055664
2020-08-15,15.302865982055664
2020-08-16,0.0
2020-08-17,26.569236755371094
2020-08-18,13.284618377685547
2020-08-19,13.284618377685547
2020-08-20,13.284618377685547
2020-08-21,33.58954620361328
2020-08-22,33.58954620361328
2020-08-23,0.0
2020-08-24,0.0
2020-08-25,0.0
2020-08-26,0.0
2020-08-27,0.0
2020-08-28,18.215179443359375
2020-08-29,0.0
2020-08-30,18.215179443359375
2020-08-31,0.0
2020-09-01,9.019062995910645
2020-09-02,0.0
2020-09-03,27.057188034057617
2020-09-04,0.0
2020-09-05,0.0
2020-09-06,0.0
2020-09-07,6.160515785217285
2020-09-08,0.0
2020-09-09,18.481548309326172
2020-09-10,6.160515785217285
2020-09-11,5.1410136222839355
2020-09-12,0.0
2020-09-13,0.0
2020-09-14,5.1410136222839355
2020-09-15,0.0
2020-09-16,0.5807200074195862
2020-09-17,2.692808151245117
2020-09-18,1.1020430326461792
2020-09-19,4.485335350036621
2020-09-20,5.787412643432617
2020-09-21,23.531831741333008
2020-09-22,0.0
2020-09-23,23.531831741333008
2020-09-24,0.0
2020-09-25,0.0
2020-09-26,6.578957557678223
2020-09-27,0.0
2020-09-28,0.0
2020-09-29,6.578957557678223
2020-09-30,6.578957557678223
2020-10-01,0.0
2020-10-02,19.424209594726562
2020-10-03,0.0
2020-10-04,0.0
2020-10-05,0.0
2020-10-06,0.0
2020-10-07,46.67829895019531
2020-10-08,23.339149475097656
2020-10-09,0.0
2020-10-10,0.0
2020-10-11,9.548835754394531
2020-10-12,19.097671508789062
2020-10-13,0.0
2020-10-14,0.0
2020-10-15,9.548835754394531
2020-10-16,5.209891319274902
2020-10-17,0.0
2020-10-18,0.0
2020-10-19,0.0
2020-10-20,5.209891319274902
2020-10-21,0.0
2020-10-22,23.511497497558594
2020-10-23,15.674332618713379
2020-10-24,7.8371663093566895
2020-10-25,0.0
2020-10-26,0.35500696301460266
2020-10-27,5.962078094482422
2020-10-28,3.8876216411590576
2020-10-29,0.054186560213565826
2020-10-30,2.6527700424194336
2020-10-31,23.366039276123047
2020-11-01,20.824237823486328
2020-11-02,13.88282585144043
2020-11-03,0.0
2020-11-04,6.941412925720215
2020-11-05,0.0
2020-11-06,0.0
2020-11-07,17.25434112548828
2020-11-08,8.62717056274414
2020-11-09,0.0
2020-11-10,17.25434112548828
2020-11-11,23.351993560791016
2020-11-12,5.837998390197754
2020-11-13,17.513994216918945
2020-11-14,0.0
2020-11-15,0.0
2020-11-16,7.711054801940918
2020-11-17,3.855527400970459
2020-11-18,3.855527400970459
2020-11-19,0.0
2020-11-20,0.0
2020-11-21,11.036003112792969
2020-11-22,0.0
2020-11-23,11.036003112792969
2020-11-24,0.0
2020-11-25,0.0
2020-11-26,0.0
2020-11-27,0.0
2020-11-28,23.450204849243164
2020-11-29,0.0
2020-11-30,0.0
2020-12-01,18.291810989379883
2020-12-02,0.0
2020-12-03,0.0
2020-12-04,0.0
2020-12-05,0.0
2020-12-06,0.0
2020-12-07,7.2441253662109375
2020-12-08,14.488250732421875
2020-12-09,14.488250732421875
2020-12-10,0.0
2020-12-11,0.0
2020-12-12,0.0
2020-12-13,0.0
2020-12-14,0.0
2020-12-15,0.0
2020-12-16,0.0
2020-12-17,0.0
2020-12-18,0.0
2020-12-19,0.0
2020-12-20,0.0
2020-12-21,0.0
2020-12-22,0.0
2020-12-23,0.0
2020-12-24,0.0
2020-12-25,0.0
2020-12-26,0.0
2020-12-27,0.0
2020-12-28,0.0
2020-12-29,0.0
2020-12-30,0.0
2020-12-31,0.0
2021-01-01,0.0
2021-01-02,0.0
2021-01-03,0.0
2021-01-04,0.0
2021-01-05,0.0
2021-01-06,0.0
2021-01-07,7.365300178527832
2021-01-08,7.365300178527832
2021-01-09,14.730600357055664
2021-01-10,7.365300178527832
2021-01-11,0.0
2021-01-12,9.92916488647461
2021-01-13,0.0
2021-01-14,0.0
2021-01-15,0.0
2021-01-16,0.0
2021-01-17,0.0
2021-01-18,0.0
2021-01-19,0.0
2021-01-20,0.0
2021-01-21,0.0
2021-01-22,0.0
2021-01-23,0.0
2021-01-24,0.0
2021-01-25,0.0
2021-01-26,0.0
2021-01-27,0.0
2021-01-28,0.0
2021-01-29,0.0
2021-01-30,0.0
2021-01-31,0.0
2021-02-01,0.0
2021-02-02,0.0
2021-02-03,0.0
2021-02-04,0.0
2021-02-05,0.0
2021-02-06,0.0
2021-02-07,0.0
2021-02-08,0.0
2021-02-09,0.0
2021-02-10,0.0
2021-02-11,0.0
2021-02-12,0.0
2021-02-13,0.0
2021-02-14,0.0
2021-02-15,0.0
2021-02-16,0.0
2021-02-17,0.0
2021-02-18,0.0
2021-02-19,0.0
2021-02-20,0.0
2021-02-21,0.0
2021-02-22,0.0
2021-02-23,0.0
2021-02-24,0.0
2021-02-25,12.280779838562012
2021-02-26,0.0
2021-02-27,0.0
2021-02-28,0.0
2021-03-01,0.0
2021-03-02,0.0
2021-03-03,0.0
2021-03-04,0.0
2021-03-05,0.0
2021-03-06,10.356431007385254
2021-03-07,20.712862014770508
2021-03-08,20.712862014770508
2021-03-09,0.0
2021-03-10,0.0
2021-03-11,0.0
2021-03-12,0.0
2021-03-13,22.72405242919922
2021-03-14,0.0
2021-03-15,0.0
2021-03-16,34.952056884765625
2021-03-17,0.0
2021-03-18,5.825343132019043
2021-03-19,0.0
2021-03-20,0.0
2021-03-21,0.0
2021-03-22,0.0
2021-03-23,0.0
2021-03-24,21.34160614013672
2021-03-25,10.67080307006836
2021-03-26,6.204013824462891
2021-03-27,6.204013824462891
2021-03-28,0.0
2021-03-29,6.204013824462891
2021-03-30,12.408027648925781
2021-03-31,6.204013824462891
2021-04-01,0.0
2021-04-02,0.0
2021-04-03,0.0
2021-04-04,12.404474258422852
2021-04-05,49.617897033691406
2021-04-06,25.60137367248535
2021-04-07,0.0
2021-04-08,8.533790588378906
2021-04-09,17.067581176757812
2021-04-10,17.067581176757812
2021-04-11,5.970556735992432
2021-04-12,5.970556735992432
2021-04-13,0.0
2021-04-14,5.970556735992432
2021-04-15,11.941113471984863
2021-04-16,0.0
2021-04-17,30.078128814697266
2021-04-18,0.0
2021-04-19,0.0
2021-04-20,0.0
2021-04-21,0.0
2021-04-22,0.0
2021-04-23,0.0
2021-04-24,0.0
2021-04-25,0.0
2021-04-26,26.074369430541992
2021-04-27,26.074369430541992
2021-04-28,0.0
2021-04-29,17.382911682128906
2021-04-30,43.457279205322266
2021-05-01,0.0
2021-05-02,0.0
2021-05-03,19.181455612182617
2021-05-04,9.590727806091309
2021-05-05,28.772184371948242
2021-05-06,8.415099143981934
2021-05-07,8.415099143981934
2021-05-08,16.830198287963867
2021-05-09,8.415099143981934
2021-05-10,33.660396575927734
2021-05-11,0.0
2021-05-12,0.0
2021-05-13,0.0
2021-05-14,22.73047637939453
2021-05-15,0.0
2021-05-16,28.6404972076416
2021-05-17,14.3202486038208
2021-05-18,0.0
2021-05-19,0.0
2021-05-20,0.0
2021-05-21,0.0
2021-05-22,0.0
2021-05-23,0.0
2021-05-24,21.382375717163086
2021-05-25,21.382375717163086
2021-05-26,0.0
2021-05-27,36.63986587524414
2021-05-28,0.0
2021-05-29,0.0
2021-05-30,12.213289260864258
2021-05-31,0.0
2021-06-01,18.34963607788086
2021-06-02,0.0
2021-06-03,0.0
2021-06-04,36.69927215576172
2021-06-05,0.0
2021-06-06,0.0
2021-06-07,0.0
2021-06-08,47.253700256347656
2021-06-09,0.0
2021-06-10,0.0
2021-06-11,0.0
2021-06-12,22.37017822265625
2021-06-13,22.37017822265625
2021-06-14,0.0
2021-06-15,22.37017822265625
2021-06-16,0.0
2021-06-17,0.0
2021-06-18,0.0
2021-06-19,64.45112609863281
2021-06-20,0.0
2021-06-21,0.0
2021-06-22,0.0
2021-06-23,44.645442962646484
2021-06-24,0.0
2021-06-25,0.0
2021-06-26,25.771528244018555
2021-06-27,0.0
2021-06-28,12.885764122009277
2021-06-29,12.885764122009277
2021-06-30,25.771528244018555
2021-07-01,0.0
2021-07-02,0.0
2021-07-03,0.0
2021-07-04,0.0
2021-07-05,0.0
2021-07-06,0.0
2021-07-07,0.0
2021-07-08,0.0
2021-07-09,16.57101058959961
2021-07-10,16.57101058959961
2021-07-11,0.0
2021-07-12,0.0
2021-07-13,0.0
2021-07-14,33.760284423828125
2021-07-15,0.0
2021-07-16,0.0
2021-07-17,0.0
2021-07-18,40.353736877441406
2021-07-19,0.0
2021-07-20,0.0
2021-07-21,0.0
2021-07-22,0.0
2021-07-23,19.757919311523438
2021-07-24,0.0
2021-07-25,0.0
2021-07-26,16.691438674926758
2021-07-27,16.691438674926758
2021-07-28,0.0
2021-07-29,33.382877349853516
2021-07-30,0.0
2021-07-31,0.0
2021-08-01,0.0
2021-08-02,0.0
2021-08-03,0.0
2021-08-04,0.0
2021-08-05,0.0
2021-08-06,0.0
2021-08-07,0.0
2021-08-08,14.526663780212402
2021-08-09,43.57999038696289
2021-08-10,14.526663780212402
2021-08-11,13.663091659545898
2021-08-12,0.0
2021-08-13,13.663091659545898
2021-08-14,13.663091659545898
2021-08-15,0.0
2021-08-16,15.461597442626953
2021-08-17,30.923194885253906
2021-08-18,0.0
2021-08-19,46.384788513183594
2021-08-20,0.0
2021-08-21,0.0
2021-08-22,36.70393753051758
2021-08-23,0.0
2021-08-24,12.23464584350586
2021-08-25,0.0
2021-08-26,0.0
2021-08-27,16.74867057800293
2021-08-28,33.49734115600586
2021-08-29,33.49734115600586
2021-08-30,16.74867057800293
2021-08-31,0.0
2021-09-01,9.606767654418945
2021-09-02,0.0
2021-09-03,0.0
2021-09-04,28.82030487060547
2021-09-05,0.0
2021-09-06,50.09123229980469
2021-09-07,0.0
2021-09-08,0.0
2021-09-09,0.0
2021-09-10,12.522808074951172
2021-09-11,13.834269523620605
2021-09-12,13.834269523620605
2021-09-13,6.917134761810303
2021-09-14,0.0
2021-09-15,6.917134761810303
2021-09-16,0.0
2021-09-17,0.0
2021-09-18,13.802906036376953
2021-09-19,0.0
2021-09-20,13.802906036376953
2021-09-21,8.04443645477295
2021-09-22,16.0888729095459
2021-09-23,0.0
2021-09-24,8.04443645477295
2021-09-25,0.0
2021-09-26,0.0
2021-09-27,0.0
2021-09-28,9.255805969238281
2021-09-29,18.511611938476562
2021-09-30,9.255805969238281
2021-10-01,7.774690628051758
2021-10-02,0.0
2021-10-03,0.0
2021-10-04,7.774690628051758
2021-10-05,15.549381256103516
2021-10-06,19.01792335510254
2021-10-07,9.50896167755127
2021-10-08,0.0
2021-10-09,0.0
2021-10-10,28.526885986328125
2021-10-11,8.595224380493164
2021-10-12,8.595224380493164
2021-10-13,0.0
2021-10-14,0.0
2021-10-15,0.0
2021-10-16,25.82782745361328
2021-10-17,6.45695686340332
2021-10-18,0.0
2021-10-19,6.45695686340332
2021-10-20,6.45695686340332
2021-10-21,12.670949935913086
2021-10-22,0.0
2021-10-23,0.0
2021-10-24,0.0
2021-10-25,0.0
2021-10-26,40.41958236694336
2021-10-27,0.0
2021-10-28,0.0
2021-10-29,0.0
2021-10-30,20.20979118347168
2021-10-31,30.314687728881836
2021-11-01,0.0
2021-11-02,0.0
2021-11-03,0.0
2021-11-04,0.0
2021-11-05,0.0
2021-11-06,0.0
2021-11-07,8.455377578735352
2021-11-08,0.0
2021-11-09,0.0
2021-11-10,0.0
2021-11-11,0.0
2021-11-12,0.0
2021-11-13,0.0
2021-11-14,0.0
2021-11-15,0.0
2021-11-16,0.0
2021-11-17,0.0
2021-11-18,0.0
2021-11-19,0.0
2021-11-20,7.579848766326904
2021-11-21,0.0
2021-11-22,0.0
2021-11-23,19.745100021362305
2021-11-24,9.872550010681152
2021-11-25,9.872550010681152
2021-11-26,0.0
2021-11-27,0.0
2021-11-28,0.0
2021-11-29,0.0
2021-11-30,0.0
2021-12-01,0.0
2021-12-02,0.0
2021-12-03,0.0
2021-12-04,0.0
2021-12-05,0.0
2021-12-06,0.0
2021-12-07,0.0
2021-12-08,0.0
2021-12-09,0.0
2021-12-10,0.0
2021-12-11,0.0
2021-12-12,0.0
2021-12-13,0.0
2021-12-14,0.0
2021-12-15,0.0
2021-12-16,3.597306966781616
2021-12-17,0.0
2021-12-18,0.0
2021-12-19,0.0
2021-12-20,0.0
2021-12-21,0.0
2021-12-22,0.0
2021-12-23,0.0
2021-12-24,14.127740859985352
2021-12-25,0.0
2021-12-26,4.929027080535889
2021-12-27,2.3453805446624756
2021-12-28,0.0
2021-12-29,0.0
2021-12-30,0.0
2021-12-31,0.0
2022-01-01,0.0
2022-01-02,0.0
2022-01-03,0.0
2022-01-04,0.0
2022-01-05,0.0
2022-01-06,0.0
2022-01-07,0.0
2022-01-08,0.0
2022-01-09,0.0
2022-01-10,0.0
2022-01-11,0.0
2022-01-12,0.0
2022-01-13,0.0
2022-01-14,0.0
2022-01-15,0.0
2022-01-16,0.0
2022-01-17,13.384532928466797
2022-01-18,0.0
2022-01-19,0.0
2022-01-20,0.0
2022-01-21,0.0
2022-01-22,0.0
2022-01-23,0.0
2022-01-24,0.0
2022-01-25,0.0
2022-01-26,2.3531625270843506
2022-01-27,0.0
2022-01-28,0.0
2022-01-29,0.0
2022-01-30,0.0
2022-01-31,0.0
2022-02-01,0.0
2022-02-02,0.0
2022-02-03,0.0
2022-02-04,0.0
2022-02-05,0.0
2022-02-06,0.0
2022-02-07,0.0
2022-02-08,0.0
2022-02-09,0.0
2022-02-10,49.50014877319336
2022-02-11,0.0
2022-02-12,0.0
2022-02-13,0.0
2022-02-14,0.0
2022-02-15,10.970305442810059
2022-02-16,0.0
2022-02-17,0.0
2022-02-18,0.0
2022-02-19,0.0
2022-02-20,0.0
2022-02-21,0.0
2022-02-22,0.0
2022-02-23,0.0
2022-02-24,0.0
2022-02-25,0.0
2022-02-26,0.0
2022-02-27,10.272085189819336
2022-02-28,10.272085189819336
2022-03-01,0.0
2022-03-02,6.62017297744751
2022-03-03,13.24034595489502
2022-03-04,13.24034595489502
2022-03-05,6.62017297744751
2022-03-06,0.0
2022-03-07,0.0
2022-03-08,0.0
2022-03-09,0.0
2022-03-10,0.0
2022-03-11,0.0
2022-03-12,1.9385749101638794
2022-03-13,7.754299640655518
2022-03-14,1.9385749101638794
2022-03-15,0.0
2022-03-16,3.758549213409424
2022-03-17,3.758549213409424
2022-03-18,0.0
2022-03-19,0.0
2022-03-20,3.758549213409424
2022-03-21,8.70116138458252
2022-03-22,0.0
2022-03-23,0.0
2022-03-24,0.0
2022-03-25,0.0
2022-03-26,0.0
2022-03-27,9.751938819885254
2022-03-28,29.255815505981445
2022-03-29,29.255815505981445
2022-03-30,0.0
2022-03-31,0.0
2022-04-01,0.0
2022-04-02,0.0
2022-04-03,17.895235061645508
2022-04-04,17.895235061645508
2022-04-05,26.842851638793945
2022-04-06,0.0
2022-04-07,49.71122741699219
2022-04-08,0.0
2022-04-09,0.0
2022-04-10,0.0
2022-04-11,0.0
2022-04-12,7.901371955871582
2022-04-13,0.0
2022-04-14,0.0
2022-04-15,0.0
2022-04-16,41.00223159790039
2022-04-17,0.0
2022-04-18,0.0
2022-04-19,0.0
2022-04-20,30.75167465209961
2022-04-21,18.27324867248535
2022-04-22,18.27324867248535
2022-04-23,0.0
2022-04-24,18.27324867248535
2022-04-25,36.5464973449707
2022-04-26,0.0
2022-04-27,51.133453369140625
2022-04-28,0.0
2022-04-29,34.088966369628906
2022-04-30,0.0
2022-05-01,0.0
2022-05-02,0.0
2022-05-03,0.0
2022-05-04,0.0
2022-05-05,30.570632934570312
2022-05-06,11.913949966430664
2022-05-07,35.74184799194336
2022-05-08,0.0
2022-05-09,0.0
2022-05-10,11.913949966430664
2022-05-11,0.0
2022-05-12,0.0
2022-05-13,23.127336502075195
2022-05-14,23.127336502075195
2022-05-15,0.0
2022-05-16,45.534141540527344
2022-05-17,34.150604248046875
2022-05-18,34.150604248046875
2022-05-19,0.0
2022-05-20,0.0
2022-05-21,14.939713478088379
2022-05-22,0.0
2022-05-23,14.939713478088379
2022-05-24,14.939713478088379
2022-05-25,0.0
2022-05-26,13.944561004638672
2022-05-27,13.944561004638672
2022-05-28,0.0
2022-05-29,0.0
2022-05-30,13.944561004638672
2022-05-31,13.944561004638672
2022-06-01,0.0
2022-06-02,0.0
2022-06-03,8.211288452148438
2022-06-04,16.422576904296875
2022-06-05,8.211288452148438
2022-06-06,0.0
2022-06-07,32.04192352294922
2022-06-08,16.02096176147461
2022-06-09,0.0
2022-06-10,0.0
2022-06-11,34.739952087402344
2022-06-12,11.579984664916992
2022-06-13,0.0
2022-06-14,0.0
2022-06-15,0.0
2022-06-16,2.0650148391723633
2022-06-17,2.166609525680542
2022-06-18,12.66295337677002
2022-06-19,40.908409118652344
2022-06-20,21.23060417175293
2022-06-21,0.0
2022-06-22,0.0
2022-06-23,43.06041717529297
2022-06-24,43.06041717529297
2022-06-25,0.0
2022-06-26,0.0
2022-06-27,0.0
2022-06-28,21.78780174255371
2022-06-29,0.0
2022-06-30,21.78780174255371
2022-07-01,0.0
2022-07-02,54.0921516418457
2022-07-03,54.0921516418457
2022-07-04,0.0
2022-07-05,0.0
2022-07-06,29.875553131103516
2022-07-07,0.0
2022-07-08,29.875553131103516
2022-07-09,29.875553131103516
2022-07-10,14.937776565551758
2022-07-11,65.43000793457031
2022-07-12,13.086003303527832
2022-07-13,0.0
2022-07-14,0.0
2022-07-15,0.0
2022-07-16,0.0
2022-07-17,18.97110939025879
2022-07-18,37.94221878051758
2022-07-19,0.0
2022-07-20,18.97110939025879
2022-07-21,0.0
2022-07-22,0.0
2022-07-23,11.13554573059082
2022-07-24,22.27109146118164
2022-07-25,11.13554573059082
2022-07-26,0.0
2022-07-27,22.21672821044922
2022-07-28,22.21672821044922
2022-07-29,0.0
2022-07-30,22.21672821044922
2022-07-31,22.21672821044922
2022-08-01,0.0
2022-08-02,49.88439178466797
2022-08-03,0.0
2022-08-04,0.0
2022-08-05,49.88439178466797
2022-08-06,34.810550689697266
2022-08-07,0.0
2022-08-08,0.0
2022-08-09,46.414066314697266
2022-08-10,11.603516578674316
2022-08-11,0.0
2022-08-12,0.0
2022-08-13,50.8198127746582
2022-08-14,0.0
2022-08-15,0.0
2022-08-16,0.0
2022-08-17,0.0
2022-08-18,0.0
2022-08-19,0.0
2022-08-20,42.254425048828125
2022-08-21,0.0
2022-08-22,0.0
2022-08-23,0.0
2022-08-24,0.0
2022-08-25,0.0
2022-08-26,0.0
2022-08-27,0.0
2022-08-28,29.605215072631836
2022-08-29,0.0
2022-08-30,14.802607536315918
2022-08-31,0.0
2022-09-01,0.0
2022-09-02,29.98780632019043
2022-09-03,14.993903160095215
2022-09-04,0.0
2022-09-05,0.0
2022-09-06,0.0
2022-09-07,0.0
2022-09-08,0.0
2022-09-09,75.90341186523438
2022-09-10,25.301137924194336
2022-09-11,0.0
2022-09-12,7.730255603790283
2022-09-13,0.0
2022-09-14,15.460511207580566
2022-09-15,0.0
2022-09-16,40.25798797607422
2022-09-17,0.0
2022-09-18,0.0
2022-09-19,20.12899398803711
2022-09-20,0.0
2022-09-21,25.848495483398438
2022-09-22,0.0
2022-09-23,0.0
2022-09-24,51.696990966796875
2022-09-25,0.0
2022-09-26,10.684955596923828
2022-09-27,0.42258426547050476
2022-09-28,15.55081558227539
2022-09-29,10.907288551330566
2022-09-30,10.692167282104492
2022-10-01,13.914350509643555
2022-10-02,6.957175254821777
2022-10-03,0.0
2022-10-04,0.0
2022-10-05,6.957175254821777
2022-10-06,33.660064697265625
2022-10-07,22.440044403076172
2022-10-08,22.440044403076172
2022-10-09,0.0
2022-10-10,0.0
2022-10-11,7.038632869720459
2022-10-12,0.0
2022-10-13,0.0
2022-10-14,0.0
2022-10-15,14.077265739440918
2022-10-16,0.0
2022-10-17,0.0
2022-10-18,20.9593448638916
2022-10-19,20.9593448638916
2022-10-20,0.0
2022-10-21,0.0
2022-10-22,0.0
2022-10-23,8.29655933380127
2022-10-24,16.59311866760254
2022-10-25,0.0
2022-10-26,22.176252365112305
2022-10-27,22.176252365112305
2022-10-28,0.0
2022-10-29,155.2337646484375
2022-10-30,0.0
2022-10-31,0.0
2022-11-01,0.0
2022-11-02,64.43370056152344
2022-11-03,0.0
2022-11-04,0.0
2022-11-05,0.0
2022-11-06,0.0
2022-11-07,0.0
2022-11-08,13.892613410949707
2022-11-09,9.261741638183594
2022-11-10,4.630870819091797
2022-11-11,10.239556312561035
2022-11-12,0.0
2022-11-13,0.0
2022-11-14,20.47911262512207
2022-11-15,0.0
2022-11-16,50.47290802001953
2022-11-17,12.618227005004883
2022-11-18,12.618227005004883
2022-11-19,0.0
2022-11-20,0.0
2022-11-21,0.0
2022-11-22,0.0
2022-11-23,0.0
2022-11-24,0.0
2022-11-25,43.026824951171875
2022-11-26,0.0
2022-11-27,19.329299926757812
2022-11-28,19.329299926757812
2022-11-29,12.886200904846191
2022-11-30,0.0
2022-12-01,0.0
2022-12-02,0.0
2022-12-03,0.0
2022-12-04,0.0
2022-12-05,0.0
2022-12-06,6.666632175445557
2022-12-07,0.0
2022-12-08,0.0
2022-12-09,0.0
2022-12-10,0.0
2022-12-11,4.104857921600342
2022-12-12,0.0
2022-12-13,0.0
2022-12-14,0.0
2022-12-15,0.0
2022-12-16,0.0
2022-12-17,0.0
2022-12-18,0.0
2022-12-19,0.0
2022-12-20,0.0
2022-12-21,0.0
2022-12-22,0.0
2022-12-23,0.0
2022-12-24,0.0
2022-12-25,0.0
2022-12-26,0.0
2022-12-27,0.0
2022-12-28,0.0
2022-12-29,0.0
2022-12-30,0.0
2022-12-31,0.0
2023-01-01,0.0
2023-01-02,0.0
2023-01-03,0.0
2023-01-04,0.0
2023-01-05,0.0
2023-01-06,0.0
2023-01-07,14.88023853302002
2023-01-08,14.88023853302002
2023-01-09,7.44011926651001
2023-01-10,0.0
2023-01-11,0.0
2023-01-12,8.133368492126465
2023-01-13,8.133368492126465
2023-01-14,0.0
2023-01-15,0.0
2023-01-16,0.0
2023-01-17,0.0
2023-01-18,0.0
2023-01-19,0.0
2023-01-20,0.0
2023-01-21,0.0
2023-01-22,0.0
2023-01-23,0.0
2023-01-24,0.0
2023-01-25,0.0
2023-01-26,0.0
2023-01-27,0.0
2023-01-28,0.0
2023-01-29,0.0
2023-01-30,0.0
2023-01-31,0.0
2023-02-01,0.0
2023-02-02,0.0
2023-02-03,0.0
2023-02-04,0.0
2023-02-05,0.0
2023-02-06,0.0
2023-02-07,0.0
2023-02-08,0.0
2023-02-09,0.0
2023-02-10,0.0
2023-02-11,0.0
2023-02-12,0.0
2023-02-13,0.0
2023-02-14,0.0
2023-02-15,0.0
2023-02-16,4.018199443817139
2023-02-17,0.0
2023-02-18,0.0
2023-02-19,0.0
2023-02-20,0.0
2023-02-21,0.0
2023-02-22,0.0
2023-02-23,2.8718905448913574
2023-02-24,0.0
2023-02-25,0.0
2023-02-26,0.0
2023-02-27,0.0
2023-02-28,0.0
2023-03-01,0.0
2023-03-02,0.0
2023-03-03,0.0
2023-03-04,0.0
2023-03-05,0.0
2023-03-06,0.0
2023-03-07,0.0
2023-03-08,0.0
2023-03-09,37.33915328979492
2023-03-10,0.0
2023-03-11,16.817386627197266
2023-03-12,16.817386627197266
2023-03-13,11.211590766906738
2023-03-14,5.605795383453369
2023-03-15,0.0
2023-03-16,0.0
2023-03-17,0.0
2023-03-18,0.0
2023-03-19,0.0
2023-03-20,0.0
2023-03-21,0.0
2023-03-22,0.0
2023-03-23,0.0
2023-03-24,0.0
2023-03-25,0.0
2023-03-26,11.752924919128418
2023-03-27,0.0
2023-03-28,0.0
2023-03-29,0.0
2023-03-30,0.0
2023-03-31,0.0
2023-04-01,0.0
2023-04-02,37.39282989501953
2023-04-03,0.0
2023-04-04,0.0
2023-04-05,18.696414947509766
2023-04-06,0.0
2023-04-07,0.0
2023-04-08,8.447431564331055
2023-04-09,4.223715782165527
2023-04-10,0.0
2023-04-11,0.0
2023-04-12,7.2291693687438965
2023-04-13,7.2291693687438965
2023-04-14,0.0
2023-04-15,0.0
2023-04-16,0.0
2023-04-17,25.164020538330078
2023-04-18,25.164020538330078
2023-04-19,0.0
2023-04-20,0.0
2023-04-21,6.206259727478027
2023-04-22,31.03129768371582
2023-04-23,18.6187801361084
2023-04-24,6.206259727478027
2023-04-25,6.206259727478027
2023-04-26,33.29561996459961
2023-04-27,8.323904991149902
2023-04-28,16.647809982299805
2023-04-29,0.0
2023-04-30,8.323904991149902
2023-05-01,8.852754592895508
2023-05-02,8.852754592895508
2023-05-03,0.0
2023-05-04,0.0
2023-05-05,0.0
2023-05-06,13.43049430847168
2023-05-07,0.0
2023-05-08,0.0
2023-05-09,67.15247344970703
2023-05-10,0.0
2023-05-11,36.93243408203125
2023-05-12,0.0
2023-05-13,9.233108520507812
2023-05-14,0.0
2023-05-15,0.0
2023-05-16,0.0
2023-05-17,29.97425651550293
2023-05-18,14.987128257751465
2023-05-19,14.987128257751465
2023-05-20,14.987128257751465
2023-05-21,60.14620590209961
2023-05-22,0.0
2023-05-23,0.0
2023-05-24,0.0
2023-05-25,24.058483123779297
2023-05-26,48.37693786621094
2023-05-27,0.0
2023-05-28,0.0
2023-05-29,0.0
2023-05-30,9.675387382507324
2023-05-31,38.7015495300293
2023-06-01,21.92243003845215
2023-06-02,0.0
2023-06-03,0.0
2023-06-04,0.0
2023-06-05,65.76728820800781
2023-06-06,0.0
2023-06-07,58.13380432128906
2023-06-08,0.0
2023-06-09,0.0
2023-06-10,0.0
2023-06-11,18.084911346435547
2023-06-12,54.254730224609375
2023-06-13,0.0
2023-06-14,36.169822692871094
2023-06-15,36.169822692871094
2023-06-16,0.0
2023-06-17,0.0
2023-06-18,0.0
2023-06-19,0.0
2023-06-20,0.0
2023-06-21,0.0
2023-06-22,0.0
2023-06-23,0.0
2023-06-24,108.29753112792969
2023-06-25,0.0
2023-06-26,0.0
2023-06-27,0.0
2023-06-28,37.4483528137207
2023-06-29,37.4483528137207
2023-06-30,0.0
2023-07-01,0.0
2023-07-02,31.62512969970703
2023-07-03,0.0
2023-07-04,0.0
2023-07-05,31.62512969970703
2023-07-06,0.0
2023-07-07,92.29720306396484
2023-07-08,0.0
2023-07-09,0.0
2023-07-10,0.0
2023-07-11,39.46287536621094
2023-07-12,0.0
2023-07-13,0.0
2023-07-14,0.0
2023-07-15,0.0
2023-07-16,0.0
2023-07-17,41.68067169189453
2023-07-18,0.0
2023-07-19,13.893556594848633
2023-07-20,0.0
2023-07-21,0.0
2023-07-22,0.0
2023-07-23,15.334692001342773
2023-07-24,0.0
2023-07-25,0.0
2023-07-26,0.0
2023-07-27,71.24465942382812
2023-07-28,0.0
2023-07-29,0.0
2023-07-30,0.0
2023-07-31,0.0
2023-08-01,0.0
2023-08-02,0.0
2023-08-03,0.0
2023-08-04,0.0
2023-08-05,79.90714263916016
2023-08-06,0.0
2023-08-07,0.0
2023-08-08,0.0
2023-08-09,0.0
2023-08-10,53.919036865234375
2023-08-11,15.170958518981934
2023-08-12,45.512874603271484
2023-08-13,30.341917037963867
2023-08-14,0.0
2023-08-15,0.0
2023-08-16,0.0
2023-08-17,0.0
2023-08-18,9.247418403625488
2023-08-19,18.494836807250977
2023-08-20,27.74225616455078
2023-08-21,15.25147819519043
2023-08-22,15.25147819519043
2023-08-23,0.0
2023-08-24,7.625739097595215
2023-08-25,0.0
2023-08-26,0.0
2023-08-27,11.657609939575195
2023-08-28,23.31521987915039
2023-08-29,0.0
2023-08-30,11.657609939575195
2023-08-31,0.0
2023-09-01,0.0
2023-09-02,0.0
2023-09-03,0.0
2023-09-04,5.816078186035156
2023-09-05,17.44823455810547
2023-09-06,48.77329635620117
2023-09-07,0.0
2023-09-08,0.0
2023-09-09,0.0
2023-09-10,0.0
2023-09-11,8.8900146484375
2023-09-12,0.0
2023-09-13,0.0
2023-09-14,8.8900146484375
2023-09-15,0.0
2023-09-16,10.121686935424805
2023-09-17,0.0
2023-09-18,0.0
2023-09-19,10.121686935424805
2023-09-20,0.0
2023-09-21,0.0
2023-09-22,0.0
2023-09-23,8.100106239318848
2023-09-24,8.100106239318848
2023-09-25,4.050053119659424
2023-09-26,0.0
2023-09-27,0.0
2023-09-28,0.0
2023-09-29,0.0
2023-09-30,0.0
2023-10-01,21.17320442199707
2023-10-02,0.0
2023-10-03,10.586602210998535
2023-10-04,0.0
2023-10-05,0.0
2023-10-06,18.075124740600586
2023-10-07,0.0
2023-10-08,0.0
2023-10-09,0.0
2023-10-10,12.05008316040039
2023-10-11,0.0
2023-10-12,0.0
2023-10-13,10.486091613769531
2023-10-14,20.972183227539062
2023-10-15,0.0
2023-10-16,17.405851364135742
2023-10-17,0.0
2023-10-18,0.0
2023-10-19,8.702925682067871
2023-10-20,0.0
2023-10-21,0.0
2023-10-22,30.47170066833496
2023-10-23,0.0
2023-10-24,0.0
2023-10-25,30.47170066833496
2023-10-26,0.0
2023-10-27,5.076614856719971
2023-10-28,5.076614856719971
2023-10-29,25.383073806762695
2023-10-30,0.0
2023-10-31,5.076614856719971
2023-11-01,13.273565292358398
2023-11-02,0.0
2023-11-03,0.0
2023-11-04,19.91034698486328
2023-11-05,0.0
2023-11-06,10.919235229492188
2023-11-07,10.919235229492188
2023-11-08,0.0
2023-11-09,0.0
2023-11-10,0.0
2023-11-11,0.0
2023-11-12,0.0
2023-11-13,0.0
2023-11-14,0.0
2023-11-15,0.0
2023-11-16,0.0
2023-11-17,0.0
2023-11-18,0.0
2023-11-19,0.0
2023-11-20,0.0
2023-11-21,0.0
2023-11-22,0.0
2023-11-23,0.0
2023-11-24,0.0
2023-11-25,42.063995361328125
2023-11-26,0.0
2023-11-27,0.0
2023-11-28,0.0
2023-11-29,0.0
2023-11-30,0.0
2023-12-01,0.0
2023-12-02,0.0
2023-12-03,0.0
2023-12-04,0.0
2023-12-05,0.0
2023-12-06,0.0
2023-12-07,0.0
2023-12-08,0.0
2023-12-09,0.0
2023-12-10,0.0
2023-12-11,0.0
2023-12-12,0.0
2023-12-13,0.0
2023-12-14,0.0
2023-12-15,0.0
2023-12-16,16.47318458557129
2023-12-17,24.70977783203125
2023-12-18,16.47318458557129
2023-12-19,0.0
2023-12-20,0.0
2023-12-21,0.0
2023-12-22,0.0
2023-12-23,0.0
2023-12-24,0.0
2023-12-25,33.90460968017578
2023-12-26,9.424537658691406
2023-12-27,28.273611068725586
2023-12-28,9.424537658691406
2023-12-29,0.0
2023-12-30,0.0
2023-12-31,0.0
2024-01-01,3.54319167137146
2024-01-02,0.0
2024-01-03,0.0
2024-01-04,0.0
2024-01-05,0.0
2024-01-06,0.0
2024-01-07,0.0
2024-01-08,0.0
2024-01-09,0.0
2024-01-10,0.0
2024-01-11,0.0
2024-01-12,0.0
2024-01-13,0.0
2024-01-14,0.0
2024-01-15,0.0
2024-01-16,0.0
2024-01-17,0.0
2024-01-18,0.0
2024-01-19,0.0
2024-01-20,0.0
2024-01-21,0.0
2024-01-22,0.0
2024-01-23,0.0
2024-01-24,0.0
2024-01-25,0.0
2024-01-26,0.0
2024-01-27,0.0
2024-01-28,0.0
2024-01-29,0.0
2024-01-30,0.0
2024-01-31,3.6541523933410645
2024-02-01,0.0
2024-02-02,36.525291442871094
2024-02-03,0.0
2024-02-04,27.39396858215332
2024-02-05,0.0
2024-02-06,15.69684886932373
2024-02-07,0.0
2024-02-08,7.848424434661865
2024-02-09,23.545272827148438
2024-02-10,0.0
2024-02-11,0.0
2024-02-12,0.0
2024-02-13,0.0
2024-02-14,0.0
2024-02-15,0.0
2024-02-16,22.654306411743164
2024-02-17,0.0
2024-02-18,0.0
2024-02-19,0.0
2024-02-20,0.0
2024-02-21,0.0
2024-02-22,0.0
2024-02-23,0.0
2024-02-24,0.0
2024-02-25,0.0
2024-02-26,0.0
2024-02-27,0.0
2024-02-28,0.0
2024-02-29,0.0
2024-03-01,0.0
2024-03-02,0.0
2024-03-03,0.0
2024-03-04,0.0
2024-03-05,0.0
2024-03-06,0.0
2024-03-07,9.51799201965332
2024-03-08,19.03598403930664
2024-03-09,19.03598403930664
2024-03-10,9.51799201965332
2024-03-11,5.113018035888672
2024-03-12,5.113018035888672
2024-03-13,5.113018035888672
2024-03-14,5.113018035888672
2024-03-15,0.0
2024-03-16,0.0
2024-03-17,4.288078308105469
2024-03-18,8.576156616210938
2024-03-19,4.288078308105469
2024-03-20,4.288078308105469
2024-03-21,0.0
2024-03-22,0.0
2024-03-23,0.0
2024-03-24,6.520571231842041
2024-03-25,19.56171417236328
2024-03-26,6.167279243469238
2024-03-27,0.0
2024-03-28,12.334558486938477
2024-03-29,6.167279243469238
2024-03-30,0.0
2024-03-31,6.167279243469238
2024-04-01,0.0
2024-04-02,7.752683162689209
2024-04-03,7.752683162689209
2024-04-04,15.505366325378418
2024-04-05,7.752683162689209
2024-04-06,0.0
2024-04-07,0.0
2024-04-08,0.0
2024-04-09,0.0
2024-04-10,0.0
2024-04-11,0.0
2024-04-12,0.0
2024-04-13,0.5724655389785767
2024-04-14,0.968298077583313
2024-04-15,0.19765682518482208
2024-04-16,0.0
2024-04-17,9.555208206176758
2024-04-18,28.66562271118164
2024-04-19,0.0
2024-04-20,19.110416412353516
2024-04-21,23.81822967529297
2024-04-22,6.561358451843262
2024-04-23,0.0
2024-04-24,11.909114837646484
2024-04-25,35.72734451293945
2024-04-26,51.50397872924805
2024-04-27,0.0
2024-04-28,0.0
2024-04-29,85.83997344970703
2024-04-30,0.0
2024-05-01,5.552872657775879
2024-05-02,0.0
2024-05-03,16.65861701965332
2024-05-04,11.105745315551758
2024-05-05,16.65861701965332
2024-05-06,11.425222396850586
2024-05-07,0.0
2024-05-08,22.850444793701172
2024-05-09,45.700889587402344
2024-05-10,0.0
2024-05-11,0.0
2024-05-12,8.578391075134277
2024-05-13,8.578391075134277
2024-05-14,0.0
2024-05-15,8.578391075134277
2024-05-16,7.79866886138916
2024-05-17,1.6736570596694946
2024-05-18,8.095355987548828
2024-05-19,61.77460479736328
2024-05-20,3.601675510406494
2024-05-21,0.0
2024-05-22,0.0
2024-05-23,0.0
2024-05-24,0.0
2024-05-25,60.79637908935547
2024-05-26,26.816957473754883
2024-05-27,0.0
2024-05-28,26.816957473754883
2024-05-29,0.0
2024-05-30,0.0
2024-05-31,0.0
2024-06-01,0.0
2024-06-02,0.0
2024-06-03,0.0
2024-06-04,41.08982849121094
2024-06-05,0.0
2024-06-06,0.0
2024-06-07,37.35426712036133
2024-06-08,0.0
2024-06-09,37.35426712036133
2024-06-10,0.0
2024-06-11,13.994865417480469
2024-06-12,6.402154922485352
2024-06-13,9.981038093566895
2024-06-14,25.270462036132812
2024-06-15,14.059798240661621
2024-06-16,19.09545135498047
2024-06-17,19.09545135498047
2024-06-18,0.0
2024-06-19,19.09545135498047
2024-06-20,19.09545135498047
2024-06-21,0.0
2024-06-22,23.067480087280273
2024-06-23,0.0
2024-06-24,46.13496017456055
2024-06-25,23.067480087280273
2024-06-26,0.0
2024-06-27,0.0
2024-06-28,0.0
2024-06-29,104.48887634277344
2024-06-30,0.0
2024-07-01,59.14542770385742
2024-07-02,0.0
2024-07-03,0.0
2024-07-04,0.0
2024-07-05,29.57271385192871
2024-07-06,0.0
2024-07-07,0.0
2024-07-08,38.18134307861328
2024-07-09,0.0
2024-07-10,0.0
2024-07-11,0.0
2024-07-12,82.41249084472656
2024-07-13,0.0
2024-07-14,0.0
2024-07-15,0.0
2024-07-16,0.0
2024-07-17,0.0
2024-07-18,0.0
2024-07-19,0.0
2024-07-20,8.51561450958252
2024-07-21,0.0
2024-07-22,0.0
2024-07-23,0.0
2024-07-24,0.0
2024-07-25,0.0
2024-07-26,0.0
2024-07-27,0.0
2024-07-28,82.77690124511719
2024-07-29,0.0
2024-07-30,0.0
2024-07-31,0.0
2024-08-01,0.0
2024-08-02,0.0
2024-08-03,0.0
2024-08-04,92.84153747558594
2024-08-05,23.210384368896484
2024-08-06,0.0
2024-08-07,0.0
2024-08-08,0.0
2024-08-09,23.446796417236328
2024-08-10,23.446796417236328
2024-08-11,34.894920349121094
2024-08-12,34.894920349121094
2024-08-13,0.0
2024-08-14,0.0
2024-08-15,0.0
2024-08-16,0.0
2024-08-17,0.0
2024-08-18,0.0
2024-08-19,13.3427734375
2024-08-20,0.0
2024-08-21,1.0514452457427979
2024-08-22,0.5379471182823181
2024-08-23,12.526208877563477
2024-08-24,16.36298179626465
2024-08-25,4.028964996337891
2024-08-26,16.90855598449707
2024-08-27,8.53236198425293
2024-08-28,55.06587600708008
2024-08-29,0.030524414032697678
2024-08-30,1.162523865699768
2024-08-31,2.8575682640075684
2024-09-01,0.0
2024-09-02,0.0
2024-09-03,0.0
2024-09-04,55.62239456176758
2024-09-05,0.0
2024-09-06,0.0
2024-09-07,0.0
2024-09-08,0.0
2024-09-09,0.0
2024-09-10,0.0
2024-09-11,0.36071422696113586
2024-09-12,13.09079647064209
2024-09-13,11.328381538391113
2024-09-14,62.086387634277344
2024-09-15,12.36355209350586
2024-09-16,5.4231061935424805
2024-09-17,5.4231061935424805
2024-09-18,0.0
2024-09-19,0.0
2024-09-20,5.4231061935424805
2024-09-21,22.44951820373535
2024-09-22,0.0
2024-09-23,22.44951820373535
2024-09-24,0.0
2024-09-25,0.0
2024-09-26,16.851179122924805
2024-09-27,16.851179122924805
2024-09-28,25.276765823364258
2024-09-29,16.851179122924805
2024-09-30,0.0
2024-10-01,2.787773370742798
2024-10-02,6.015830993652344
2024-10-03,4.70157527923584
2024-10-04,1.5088902711868286
2024-10-05,4.313888072967529
2024-10-06,7.648263931274414
2024-10-07,0.0
2024-10-08,15.296527862548828
2024-10-09,0.0
2024-10-10,22.944791793823242
2024-10-11,0.0
2024-10-12,10.124246597290039
2024-10-13,30.37274169921875
2024-10-14,0.0
2024-10-15,0.0
2024-10-16,0.0
2024-10-17,0.0
2024-10-18,0.0
2024-10-19,0.0
2024-10-20,11.380754470825195
2024-10-21,0.0
2024-10-22,0.0
2024-10-23,0.0
2024-10-24,0.0
2024-10-25,0.0
2024-10-26,14.936741828918457
2024-10-27,14.936741828918457
2024-10-28,9.957828521728516
2024-10-29,19.91565704345703
2024-10-30,9.957828521728516
2024-10-31,0.0
2024-11-01,0.0
2024-11-02,0.0
2024-11-03,0.0
2024-11-04,19.236370086669922
2024-11-05,0.0
2024-11-06,0.0
2024-11-07,0.0
2024-11-08,4.443238735198975
2024-11-09,13.329717636108398
2024-11-10,8.88647747039795
2024-11-11,0.0
2024-11-12,10.02616024017334
2024-11-13,10.02616024017334
2024-11-14,30.07848358154297
2024-11-15,0.0
2024-11-16,24.030502319335938
2024-11-17,12.015251159667969
2024-11-18,12.015251159667969
2024-11-19,0.0
2024-11-20,0.0
2024-11-21,12.099796295166016
2024-11-22,9.074846267700195
2024-11-23,6.049898147583008
2024-11-24,3.024949073791504
2024-11-25,0.0
2024-11-26,0.0
2024-11-27,0.0
2024-11-28,6.236120223999023
2024-11-29,0.0
2024-11-30,0.0
2024-12-01,0.0
2024-12-02,0.0
2024-12-03,0.0
2024-12-04,0.0
2024-12-05,0.0
2024-12-06,0.0
2024-12-07,0.0
2024-12-08,0.0
2024-12-09,0.0
2024-12-10,0.0
2024-12-11,0.0
2024-12-12,0.0
2024-12-13,0.0
2024-12-14,0.0
2024-12-15,0.0
2024-12-16,0.0
2024-12-17,20.41435432434082
2024-12-18,10.20717716217041
2024-12-19,0.0
2024-12-20,0.0
2024-12-21,6.983884811401367
2024-12-22,13.967769622802734
2024-12-23,13.967769622802734
2024-12-24,0.0
2024-12-25,0.0
2024-12-26,0.0
2024-12-27,0.0
2024-12-28,7.119638442993164
2024-12-29,14.239276885986328
2024-12-30,7.119638442993164
2024-12-31,7.119638442993164
2025-01-01,0.0
2025-01-02,12.523599624633789
2025-01-03,0.0
2025-01-04,0.0
2025-01-05,50.094398498535156
2025-01-06,0.0
2025-01-07,0.0
2025-01-08,0.0
2025-01-09,0.0
2025-01-10,0.0
2025-01-11,0.0
2025-01-12,0.0
2025-01-13,0.0
2025-01-14,0.0
2025-01-15,0.0
2025-01-16,0.0
2025-01-17,0.0
2025-01-18,0.0
2025-01-19,0.0
2025-01-20,0.0
2025-01-21,0.0
2025-01-22,1.7030330127454363e-05
2025-01-23,0.00018433958757668734
2025-01-24,25.682981491088867
2025-01-25,13.229720115661621
2025-01-26,0.0
2025-01-27,0.0
2025-01-28,0.0
2025-01-29,0.0
2025-01-30,0.0
2025-01-31,0.0
2025-02-01,0.0
2025-02-02,0.0
2025-02-03,0.0
2025-02-04,0.0
2025-02-05,0.0
2025-02-06,2.599616050720215
2025-02-07,2.7903788089752197
2025-02-08,6.792518615722656
2025-02-09,3.5333924293518066
2025-02-10,7.198080062866211
2025-02-11,0.0
2025-02-12,0.0
2025-02-13,0.0
2025-02-14,0.0
2025-02-15,0.0
2025-02-16,0.0
2025-02-17,0.0
2025-02-18,0.0
2025-02-19,0.0
2025-02-20,0.0
2025-02-21,0.0
2025-02-22,0.0
2025-02-23,0.0
2025-02-24,0.0
2025-02-25,0.0
2025-02-26,16.45826530456543
2025-02-27,10.900368690490723
2025-02-28,1.7873568534851074
2025-03-01,0.0
2025-03-02,0.0
2025-03-03,0.0
2025-03-04,0.0
2025-03-05,37.643550872802734
2025-03-06,20.34349822998047
2025-03-07,8.137398719787598
2025-03-08,0.0
2025-03-09,0.0
2025-03-10,4.068699359893799
2025-03-11,0.0
2025-03-12,0.0
2025-03-13,14.858216285705566
2025-03-14,44.57464599609375
2025-03-15,0.0
2025-03-16,0.0
2025-03-17,61.21744918823242
2025-03-18,15.304362297058105
2025-03-19,15.304362297058105
2025-03-20,0.0
2025-03-21,7.777029991149902
2025-03-22,15.554059982299805
2025-03-23,0.0
2025-03-24,0.0
2025-03-25,0.0
2025-03-26,0.0
2025-03-27,0.0
2025-03-28,0.0
2025-03-29,0.0
2025-03-30,0.0
2025-03-31,0.0
2025-04-01,0.0
2025-04-02,32.55287551879883
2025-04-03,21.70191764831543
2025-04-04,10.850958824157715
2025-04-05,0.0
2025-04-06,0.0
2025-04-07,11.218153953552246
2025-04-08,11.218153953552246
2025-04-09,0.0
2025-04-10,44.872615814208984
2025-04-11,2.9512622356414795
2025-04-12,0.0
2025-04-13,0.0
2025-04-14,0.0
2025-04-15,5.902524471282959
2025-04-16,0.0
2025-04-17,12.210543632507324
2025-04-18,24.42108726501465
2025-04-19,24.42108726501465
2025-04-20,24.42108726501465
2025-04-21,21.69019889831543
2025-04-22,0.0
2025-04-23,10.845099449157715
2025-04-24,32.53529739379883
2025-04-25,10.845099449157715
2025-04-26,13.378931045532227
2025-04-27,6.689465522766113
2025-04-28,33.44732666015625
2025-04-29,13.378931045532227
2025-04-30,33.44732666015625
2025-05-01,0.0
2025-05-02,37.40196228027344
2025-05-03,24.934640884399414
2025-05-04,12.467320442199707
2025-05-05,12.467320442199707
2025-05-06,9.727693557739258
2025-05-07,54.79375457763672
2025-05-08,0.1897977888584137
2025-05-09,7.551461219787598
2025-05-10,4.046114444732666
2025-05-11,0.0
2025-05-12,24.564624786376953
2025-05-13,24.564624786376953
2025-05-14,24.564624786376953
2025-05-15,49.129249572753906
2025-05-16,28.00590705871582
2025-05-17,30.143083572387695
2025-05-18,3.1327297687530518
2025-05-19,20.440608978271484
2025-05-20,13.967757225036621
2025-05-21,0.0
2025-05-22,43.56053924560547
2025-05-23,0.0
2025-05-24,0.0
2025-05-25,14.520179748535156
2025-05-26,0.0
2025-05-27,0.0
2025-05-28,0.0
2025-05-29,0.0
2025-05-30,89.8298568725586
2025-05-31,0.0
2025-06-01,0.0
2025-06-02,116.08412170410156
2025-06-03,0.0
2025-06-04,0.0
2025-06-05,0.0
2025-06-06,23.598060607910156
2025-06-07,23.598060607910156
2025-06-08,0.0
2025-06-09,70.79418182373047
2025-06-10,23.598060607910156
2025-06-11,3.9304590225219727
2025-06-12,6.0313920974731445
2025-06-13,9.86754035949707
2025-06-14,5.337242126464844
2025-06-15,10.449244499206543
2025-06-16,0.0
2025-06-17,29.566221237182617
2025-06-18,0.0
2025-06-19,29.566221237182617
2025-06-20,0.0
2025-06-21,0.0
2025-06-22,0.0
2025-06-23,22.467897415161133
2025-06-24,44.935794830322266
2025-06-25,0.0
2025-06-26,0.0
2025-06-27,0.0
2025-06-28,74.95829772949219
2025-06-29,49.972198486328125
2025-06-30,0.0
2025-07-01,14.63564682006836
2025-07-02,5.087978839874268
2025-07-03,36.892066955566406
2025-07-04,3.90556263923645
2025-07-05,0.5362944602966309
2025-07-06,0.0
2025-07-07,0.0
2025-07-08,0.0
2025-07-09,0.0
2025-07-10,0.0
2025-07-11,0.0
2025-07-12,0.0
2025-07-13,0.0
2025-07-14,0.0
2025-07-15,0.0
2025-07-16,0.0
2025-07-17,0.0
2025-07-18,0.0
2025-07-19,59.446022033691406
2025-07-20,0.0
2025-07-21,30.640522003173828
2025-07-22,30.640522003173828
2025-07-23,0.0
2025-07-24,30.640522003173828
2025-07-25,0.0
2025-07-26,0.0
2025-07-27,60.97416687011719
2025-07-28,0.0
2025-07-29,30.487083435058594
2025-07-30,0.0
2025-07-31,0.0
2025-08-01,33.294677734375
2025-08-02,33.294677734375
2025-08-03,33.294677734375
2025-08-04,0.0
2025-08-05,16.6473388671875
2025-08-06,0.0
2025-08-07,43.76811981201172
2025-08-08,21.88405990600586
2025-08-09,43.76811981201172
2025-08-10,21.88405990600586
2025-08-11,0.0
2025-08-12,0.0
2025-08-13,58.218326568603516
2025-08-14,0.0
2025-08-15,0.0
2025-08-16,0.0
2025-08-17,0.0
2025-08-18,0.0
2025-08-19,28.563112258911133
2025-08-20,0.0
2025-08-21,53.066680908203125
2025-08-22,0.0
2025-08-23,0.0
2025-08-24,0.0
2025-08-25,17.688894271850586
2025-08-26,0.0
2025-08-27,0.0
2025-08-28,0.0
2025-08-29,0.0
2025-08-30,0.0
2025-08-31,0.0
2025-09-01,23.848569869995117
2025-09-02,0.0
2025-09-03,0.0
2025-09-04,35.77285385131836
2025-09-05,0.0
2025-09-06,0.0
2025-09-07,12.675196647644043
2025-09-08,12.675196647644043
2025-09-09,0.0
2025-09-10,25.350393295288086
2025-09-11,0.0
2025-09-12,0.0
2025-09-13,0.0
2025-09-14,38.03580093383789
2025-09-15,0.0
2025-09-16,0.0
2025-09-17,12.724207878112793
2025-09-18,25.448415756225586
2025-09-19,25.448415756225586
2025-09-20,25.448415756225586
2025-09-21,0.0
2025-09-22,0.0
2025-09-23,27.516613006591797
2025-09-24,13.758306503295898
2025-09-25,0.0
2025-09-26,0.0
2025-09-27,0.0
2025-09-28,48.234710693359375
2025-09-29,0.0
2025-09-30,0.0
2025-10-01,8.783089637756348
2025-10-02,8.783089637756348
2025-10-03,17.566179275512695
2025-10-04,8.783089637756348
2025-10-05,17.566179275512695
2025-10-06,44.50386047363281
2025-10-07,22.108558654785156
2025-10-08,0.3153592050075531
2025-10-09,5.356495380401611
2025-10-10,1.4740554094314575
2025-10-11,0.0
2025-10-12,0.0
2025-10-13,8.859994888305664
2025-10-14,0.0
2025-10-15,17.719989776611328
2025-10-16,10.095840454101562
2025-10-17,10.095840454101562
2025-10-18,20.191680908203125
2025-10-19,10.095840454101562
2025-10-20,0.0
2025-10-21,10.166622161865234
2025-10-22,0.0
2025-10-23,20.33324432373047
2025-10-24,0.0
2025-10-25,0.0
2025-10-26,0.0
2025-10-27,9.010259628295898
2025-10-28,9.010259628295898
2025-10-29,27.030778884887695
2025-10-30,9.010259628295898
2025-10-31,0.0
2025-11-01,0.0
2025-11-02,0.0
2025-11-03,0.0
2025-11-04,0.0
2025-11-05,22.029199600219727
2025-11-06,7.484444618225098
2025-11-07,3.742222309112549
2025-11-08,0.0
2025-11-09,0.0
2025-11-10,3.742222309112549
2025-11-11,0.0
2025-11-12,12.419120788574219
2025-11-13,24.838241577148438
2025-11-14,12.419120788574219
2025-11-15,0.0
2025-11-16,33.179996490478516
2025-11-17,0.0
2025-11-18,0.0
2025-11-19,0.0
2025-11-20,0.0
2025-11-21,3.2602522373199463
2025-11-22,1.6820048093795776
2025-11-23,2.1787874698638916
2025-11-24,2.805880546569824
2025-11-25,3.832747459411621
2025-11-26,0.843928337097168
2025-11-27,1.597368597984314
2025-11-28,0.1286545842885971
2025-11-29,0.1265253722667694
2025-11-30,0.21020211279392242
2025-12-01,0.0
2025-12-02,4.728997230529785
2025-12-03,0.0
2025-12-04,0.0
2025-12-05,0.0
2025-12-06,0.0
2025-12-07,4.71561861038208
2025-12-08,12.707420349121094
2025-12-09,0.0
2025-12-10,0.0
2025-12-11,0.0
2025-12-12,0.0
2025-12-13,0.0
2025-12-14,0.0
2025-12-15,0.0
2025-12-16,0.0
2025-12-17,0.0
2025-12-18,0.0
2025-12-19,0.0
2025-12-20,0.0
2025-12-21,0.0
2025-12-22,0.0
2025-12-23,0.0
2025-12-24,0.0
2025-12-25,0.0
2025-12-26,0.0
2025-12-27,0.0
2025-12-28,0.0
2025-12-29,0.0
2025-12-30,0.0
2025-12-31,7.624320030212402
