Fecha;Rad (W/m2);Tmin (°C);Tmax (°C);ETP (mm);Prec (mm)
1/01/2011;258,3947;21,4965;30,4603;4,1638;0
2/01/2011;275,9801;21,9728;30,9388;4,1983;0
3/01/2011;217,2103;22,0925;29,0984;3,6651;0
4/01/2011;242,015;21,0818;30,5028;4,2548;0
5/01/2011;259,6312;20,4663;30,9976;4,5285;0
6/01/2011;205,8269;20,7765;29,5489;4,1019;0
7/01/2011;187,1423;21,3825;29,5081;3,9192;0
8/01/2011;202,5771;21,6974;29,0334;3,7246;32,4455
9/01/2011;127,295;21,6201;25,7065;2,7135;0
10/01/2011;235,0173;20,6398;30,5182;4,3197;0
11/01/2011;215,9264;22,1016;30,0703;3,9642;0
12/01/2011;245,5688;21,767;30,1112;4,0869;0
13/01/2011;254,7949;20,9332;31,0103;4,4767;0
14/01/2011;260,1184;20,5412;31,5397;4,723;0
15/01/2011;252,1564;21,02;30,9896;4,5361;0
16/01/2011;255,6087;21,9488;31,6458;4,5316;0
17/01/2011;248,8563;22,9461;31,0336;4,1354;0
18/01/2011;250,8172;22,7045;31,4446;4,3055;0
19/01/2011;282,279;21,177;32,2323;4,828;0
20/01/2011;283,214;21,0129;32,3097;4,8757;0
21/01/2011;262,1494;21,4365;32,0388;4,7337;0
22/01/2011;274,6839;22,1862;32,75;4,7962;0
23/01/2011;239,094;21,8579;31,9389;4,6758;0
24/01/2011;232,8444;21,4776;32,2081;4,7658;0
25/01/2011;234,261;21,919;32,1016;4,6803;0
26/01/2011;241,2332;21,6795;32,4091;4,8433;0
27/01/2011;255,3381;21,9718;33,3733;5,0754;0
28/01/2011;255,1475;23,721;33,3917;4,7499;0
29/01/2011;250,1032;22,5109;32,5292;4,7569;0
30/01/2011;253,2781;22,6159;33,3183;4,9544;0
31/01/2011;224,6956;22,3075;31,4544;4,5439;0
1/02/2011;211,3807;22,7914;31,3426;4,3884;0
2/02/2011;262,2549;22,7482;34,0836;5,1773;0
3/02/2011;245,6519;22,0974;34,6034;5,4754;0
4/02/2011;277,455;23,0977;34,5803;5,2848;0
5/02/2011;215,3404;23,1351;33,961;5,1073;0
6/02/2011;239,7948;23,9165;34,2792;5,0575;0
7/02/2011;212,4057;23,7412;34,563;5,174;0
8/02/2011;196,8676;23,7711;32,9236;4,7441;0
9/02/2011;153,466;25,4433;32,2392;4,0721;0
10/02/2011;228,9613;23,2107;32,3475;4,6723;0
11/02/2011;180,4713;25,0994;31,3885;3,8986;0
12/02/2011;210,4209;24,0845;32,4773;4,5285;0
13/02/2011;212,1058;23,8437;33,0187;4,7964;3,9955
14/02/2011;218,1052;24,705;33,4801;4,7088;7,991
15/02/2011;211,3898;24,1531;32,5822;4,5932;7,991
16/02/2011;224,6192;24,7619;31,9045;4,1709;21,8789
17/02/2011;221,0028;24,1459;32,8054;4,6494;14,5859
18/02/2011;212,5857;25,997;34,0002;4,5878;0
19/02/2011;213,8694;24,1417;33,0244;4,7264;0
20/02/2011;182,3143;24,1974;34,1679;5,0965;0
21/02/2011;178,0698;26,039;34,6004;4,7807;0
22/02/2011;185,5397;25,2161;33,4193;4,6684;0
23/02/2011;233,7684;24,4638;34,2146;5,051;0
24/02/2011;195,3171;24,5239;32,2293;4,4445;0
25/02/2011;203,035;24,182;31,7816;4,3116;19,4202
26/02/2011;198,067;23,27;31,1229;4,3346;24,5791
27/02/2011;94,8669;21,7277;27,4036;3,4556;12,2895
28/02/2011;215,7478;21,6931;30,3169;4,4191;4,0965
1/03/2011;247,6;22,5411;30,5541;4,3833;0
2/03/2011;145,1227;22,3878;28,4805;3,7194;0
3/03/2011;217,0529;21,864;30,5491;4,4787;0
4/03/2011;203,0964;22,3841;30,6666;4,4185;0
5/03/2011;210,8152;22,9747;31,7534;4,6522;0
6/03/2011;220,9006;23,9592;30,8693;4,1334;0
7/03/2011;225,0766;23,1108;31,2364;4,4559;3,3068
8/03/2011;236,5419;23,0342;31,1657;4,4494;6,6136
9/03/2011;205,6159;23,1188;30,4046;4,1785;6,6136
10/03/2011;107,1764;22,4606;26,5306;2,9973;19,8407
11/03/2011;228,87;22,6082;30,5057;4,3006;0
12/03/2011;214,7945;22,1404;29,3931;4,1129;0
13/03/2011;213,9212;22,8422;30,9754;4,4402;0
14/03/2011;221,7005;23,3896;31,758;4,5901;0
15/03/2011;265,1741;23,8668;32,8244;4,8113;0
16/03/2011;231,5782;23,2061;31,4832;4,5844;0
17/03/2011;210,0321;23,6564;32,445;4,6988;0
18/03/2011;170,4635;23,4413;30,0172;3,9717;0
19/03/2011;212,9609;21,9615;30,4112;4,5057;0
20/03/2011;246,9314;22,7053;31,9569;4,8565;0
21/03/2011;153,2123;22,6463;28,3281;3,6239;59,0157
22/03/2011;214,2402;22,2673;30,2113;4,3504;11,8031
23/03/2011;163,4775;23,1073;28,791;3,6713;35,4094
24/03/2011;157,6403;22,3494;28,4726;3,7648;0
25/03/2011;195,5185;22,0628;31,0665;4,5741;0
26/03/2011;164,0194;22,1622;29,8743;4,2037;6,5038
27/03/2011;242,167;22,8452;31,4551;4,616;0
28/03/2011;220,1192;22,7333;31,7383;4,7115;0
29/03/2011;273,067;22,5783;31,8932;4,855;0
30/03/2011;270,4267;22,5165;31,7976;4,8163;0
31/03/2011;193,1736;22,2177;29,1796;4,0293;13,0077
1/04/2011;255,0727;22,0715;30,9271;4,6085;7,3842
2/04/2011;275,4354;21,7863;31,629;4,895;0
3/04/2011;258,1936;22,0154;31,1745;4,6924;14,7685
4/04/2011;248,0296;23,0119;31,5847;4,6095;14,7685
5/04/2011;255,4363;22,8231;32,2207;4,9019;0
6/04/2011;234,9944;23,3111;31,5095;4,5798;0
7/04/2011;206,8203;22,3006;29,5926;4,1203;13,041
8/04/2011;191,9298;22,3787;30,0236;4,1645;26,0819
9/04/2011;192,8877;21,8832;28,4909;3,8619;26,0819
10/04/2011;100,2361;22,2883;27,0512;3,1822;78,2458
11/04/2011;169,3891;22,1501;29,0994;3,9811;19,0423
12/04/2011;88,742;22,1824;25,4753;2,6465;0
13/04/2011;238,9502;21,9304;29,6747;4,1658;0
14/04/2011;203,7062;22,0782;29,3339;4,1158;0
15/04/2011;161,1589;22,3393;27,3881;3,3363;57,1269
16/04/2011;207,3396;21,701;29,5029;4,1818;0
17/04/2011;121,1311;22,147;27,7619;3,4692;62,7529
18/04/2011;182,2288;21,8351;28,3197;3,778;0
19/04/2011;163,4692;22,0526;29,1438;3,9235;37,6518
20/04/2011;114,076;22,2854;27,7353;3,4297;12,5506
21/04/2011;185,1255;22,3052;28,2128;3,6083;0
22/04/2011;196,9091;21,6327;28,9495;3,9982;28,5456
23/04/2011;67,54;21,6167;24,6158;2,4557;71,364
24/04/2011;244,2583;21,152;30,75;4,5666;0
25/04/2011;158,9611;22,0474;27,9159;3,5664;28,5456
26/04/2011;184,4935;22,184;30,1588;4,2177;0
27/04/2011;184,0284;21,5681;28,6974;3,8948;13,973
28/04/2011;239,2363;22,158;30,1611;4,2496;0
29/04/2011;150,1263;22,3923;28,8481;3,773;6,9865
30/04/2011;200,9938;22,7543;29,515;3,889;6,9865
1/05/2011;144,1047;23,2213;27,6746;3,1356;28,1324
2/05/2011;191,4029;22,554;28,7721;3,6852;14,0662
3/05/2011;98,8879;21,9624;26,4988;3,0347;14,0662
4/05/2011;166,6716;21,6519;28,1211;3,6382;0
5/05/2011;147,3664;21,5272;27,7495;3,5834;0
6/05/2011;163,7987;21,1563;27,9083;3,7733;0
7/05/2011;139,997;22,8222;27,8843;3,2654;0
8/05/2011;130,1999;22,0466;27,8032;3,4388;14,9406
9/05/2011;200,7409;20,8765;29,6954;4,326;0
10/05/2011;133,1922;22,4585;28,6421;3,6214;14,9406
11/05/2011;218,5896;22,0437;30,1709;4,2217;16,5815
12/05/2011;180,4018;22,9692;27,7407;3,1883;0
13/05/2011;146,4151;22,514;28,3191;3,4949;24,8723
14/05/2011;87,7441;22,7868;27,0964;2,9473;66,3262
15/05/2011;195,5878;22,0669;29,2229;3,8879;0
16/05/2011;42,1064;22,4076;25,4745;2,4351;20,2544
17/05/2011;160,1533;22,2653;28,8166;3,6463;0
18/05/2011;143,4175;22,3336;27,4441;3,2276;0
19/05/2011;44,8938;22,32;24,8671;2,1888;15,1908
20/05/2011;217,8328;21,3046;29,2156;3,9667;5,0636
21/05/2011;180,9193;21,7743;27,8877;3,5269;0
22/05/2011;134,6153;21,6314;26,6343;3,1215;21,92
23/05/2011;223,4849;22,3155;29,0963;3,727;0
24/05/2011;217,4314;21,8158;29,6516;4,0463;0
25/05/2011;245,8713;21,5703;30,5595;4,3525;43,84
26/05/2011;187,0625;22,2675;28,8695;3,6449;92,5183
27/05/2011;222,1975;22,0228;29,6745;3,9865;0
28/05/2011;162,5634;22,0993;27,9386;3,4055;0
29/05/2011;160,4852;22,0857;27,9114;3,3785;0
30/05/2011;81,2522;21,4055;25,2915;2,6896;0
31/05/2011;177,6583;21,1856;29,0865;3,9013;0
1/06/2011;152,6791;22,0015;27,4134;3,2878;0
2/06/2011;157,7722;21,6251;28,4443;3,647;0
3/06/2011;193,1566;21,0175;29,7644;4,1763;0
4/06/2011;80,1112;22,5528;26,0997;2,5839;68,0081
5/06/2011;221,4907;21,6021;29,5835;3,9467;0
6/06/2011;263,5478;21,527;30,5693;4,3372;0
7/06/2011;253,5518;21,7298;30,8303;4,3425;16,8613
8/06/2011;191,919;21,9579;28,4768;3,5718;16,8613
9/06/2011;235,363;21,7933;30,393;4,1906;0
10/06/2011;148,8059;22,1836;28,9033;3,6529;16,8613
11/06/2011;177,5384;22,2387;29,5804;3,8074;0
12/06/2011;191,4622;22,12;29,3428;3,7823;22,7113
13/06/2011;164,5576;22,146;28,1152;3,4027;22,7113
14/06/2011;146,4732;22,285;27,8954;3,265;0
15/06/2011;205,3223;21,8394;30,0227;4,032;0
16/06/2011;225,0466;21,9407;29,4248;3,8652;0
17/06/2011;183,8404;21,4647;28,8606;3,795;12,3796
18/06/2011;117,8505;21,7873;25,9831;2,7904;0
19/06/2011;248,9117;21,3171;30,3241;4,1901;0
20/06/2011;191,5794;21,6929;28,637;3,6869;0
21/06/2011;225,9217;22,1997;30,2623;4,0337;0
22/06/2011;196,4088;22,0666;29,6071;3,8489;0
23/06/2011;183,5229;22,255;28,0281;3,336;44,6239
24/06/2011;177,5913;22,02;28,0684;3,4222;22,3119
25/06/2011;191,5532;21,911;27,8207;3,3639;0
26/06/2011;191,4631;21,8035;28,5984;3,6278;13,6126
27/06/2011;115,9113;21,5967;27,5247;3,3101;27,2252
28/06/2011;243,3487;21,5694;29,5476;3,9861;0
29/06/2011;183,1664;21,9592;27,8171;3,3828;0
30/06/2011;161,0841;21,6037;27,7012;3,3632;54,4505
1/07/2011;220,0031;21,6126;29,6797;3,945;0
2/07/2011;185,4998;21,8343;28,8783;3,7268;0
3/07/2011;208,3223;22,3101;29,7791;3,8768;33,6367
4/07/2011;205,8661;21,5735;28,3112;3,621;33,6367
5/07/2011;163,5091;21,9285;26,8991;3,0833;0
6/07/2011;81,3603;21,855;25,1767;2,4573;30,8778
7/07/2011;209,0622;21,0155;28,5242;3,7483;0
8/07/2011;202,0894;21,0312;28,5436;3,8021;0
9/07/2011;188,8714;21,5343;28,1691;3,5897;0
10/07/2011;153,7962;21,8758;26,8498;3,0783;15,4389
11/07/2011;203,1164;21,4972;28,8057;3,7712;0
12/07/2011;224,2244;21,2693;29,7536;4,1241;0
13/07/2011;181,7228;21,6395;28,7451;3,7305;10,5849
14/07/2011;225,5515;20,9629;29,1674;4,0243;21,1699
15/07/2011;244,9986;21,4748;29,2386;3,9419;0
16/07/2011;216,8481;21,9265;29,1328;3,8221;13,1369
17/07/2011;243,2833;22,0611;30,004;4,0693;26,2737
18/07/2011;194,2058;21,307;28,7678;3,8688;0
19/07/2011;241,7481;22,0766;30,3699;4,0984;13,1369
20/07/2011;215,8747;21,1376;28,6267;3,8808;26,2737
21/07/2011;212,9038;21,8809;29,9218;4,0581;0
22/07/2011;194,1333;22,1098;28,545;3,6218;0
23/07/2011;152,9665;21,8205;27,2979;3,2742;0
24/07/2011;127,9932;22,26;27,4695;3,2238;0
25/07/2011;129,5622;21,588;26,7051;3,1585;0
26/07/2011;223,8973;21,6691;29,5909;4,0295;0
27/07/2011;123,9922;22,9074;27,1011;2,9077;19,7833
28/07/2011;246,0285;20,7116;30,2987;4,4464;0
29/07/2011;221,584;21,5229;28,9642;3,9053;39,5666
30/07/2011;146,642;21,0859;26,7419;3,3374;0
31/07/2011;246,8985;21,1484;30,095;4,2605;0
1/08/2011;255,6117;20,945;30,9897;4,6624;0
2/08/2011;234,8689;21,8266;31,1395;4,5325;0
3/08/2011;239,625;21,8059;30,9294;4,4029;36,4402
4/08/2011;216,188;20,9638;28,4937;3,8887;18,2201
5/08/2011;251,2907;21,2624;29,8891;4,241;0
6/08/2011;214,4451;21,6451;29,282;4,015;0
7/08/2011;228,7075;21,0243;28,9627;4,0864;0
8/08/2011;252,4306;21,1594;30,034;4,3922;28,9822
9/08/2011;190,674;21,7352;28,6948;3,8439;0
10/08/2011;261,3563;21,9256;31,1195;4,5271;0
11/08/2011;263,1683;20,9323;31,6455;4,8899;0
12/08/2011;163,4578;21,9992;28,3692;3,7151;0
13/08/2011;204,523;22,1472;29,3788;3,9522;0
14/08/2011;227,2505;22,1997;29,5567;4,0022;0
15/08/2011;193,2976;22,0217;28,4354;3,6983;0
16/08/2011;254,6034;22,1004;30,3616;4,2929;8,7976
17/08/2011;220,0821;21,227;30,1012;4,3771;8,7976
18/08/2011;260,4028;21,7073;30,7929;4,5477;0
19/08/2011;267,4268;21,0316;30,4535;4,565;35,1903
20/08/2011;227,3269;22,1106;29,1028;3,9224;8,7976
21/08/2011;266,6587;21,7142;30,898;4,5437;0
22/08/2011;167,2898;21,5481;27,5934;3,5643;38,5877
23/08/2011;217,6399;22,4918;27,827;3,3903;0
24/08/2011;230,3332;21,8485;28,8909;3,9074;0
25/08/2011;253,5449;21,6558;29,8261;4,2692;0
26/08/2011;192,1711;21,3779;28,2671;3,8589;0
27/08/2011;262,3359;21,2684;30,7971;4,6293;0
28/08/2011;259,994;21,9127;30,3301;4,408;22,1913
29/08/2011;269,8703;21,4068;31,2111;4,7064;0
30/08/2011;262,0679;21,0874;31,4337;4,8928;0
31/08/2011;242,5194;21,3839;30,8217;4,63;22,1913
1/09/2011;206,4477;21,5608;29,9597;4,3519;0
2/09/2011;281,6445;20,7865;31,0372;4,8449;0
3/09/2011;179,5668;23,2026;29,5917;3,8342;0
4/09/2011;288,6263;21,9639;31,2438;4,662;0
5/09/2011;276,4734;20,9367;31,1759;4,9255;0
6/09/2011;229,9324;21,3755;29,3198;4,2691;29,6242
7/09/2011;260,8456;21,9339;30,4784;4,4767;14,8121
8/09/2011;259,7809;22,7505;30,8213;4,3729;14,8121
9/09/2011;257,2718;21,3329;30,6993;4,6705;0
10/09/2011;268,3172;21,7933;30,8577;4,6024;0
11/09/2011;214,2788;22,1337;29,4754;4,0677;11,8874
12/09/2011;235,0364;22,3135;31,0889;4,5309;3,9625
13/09/2011;282,8065;21,7827;31,2946;4,767;0
14/09/2011;203,8028;23,0076;28,9141;3,6927;7,9249
15/09/2011;264,2857;22,459;31,204;4,5379;0
16/09/2011;244,2456;21,1051;29,9726;4,5689;0
17/09/2011;219,8299;21,5037;29,5539;4,2567;0
18/09/2011;259,4241;21,9281;30,9264;4,577;39,7004
19/09/2011;211,6536;22,1826;30,0867;4,2629;0
20/09/2011;247,2819;21,3063;30,4906;4,6028;0
21/09/2011;249,3294;21,5212;30,1299;4,4187;23,6751
22/09/2011;268,092;22,9537;30,9696;4,3545;0
23/09/2011;260,7245;22,3739;31,0173;4,5668;11,8376
24/09/2011;192,077;22,2504;28,009;3,6332;11,8376
25/09/2011;106,4948;21,6945;26,1475;3,0322;23,6751
26/09/2011;250,2512;21,8332;30,7639;4,5397;18,9642
27/09/2011;274,0796;22,159;31,4979;4,6995;0
28/09/2011;246,8266;21,3285;30,6406;4,6543;18,9642
29/09/2011;234,1005;22,1094;30,5991;4,4818;9,4821
30/09/2011;279,3326;22,701;31,5214;4,6308;0
1/10/2011;268,1634;21,3743;31,3706;4,8578;0
2/10/2011;257,5688;22,3737;31,2833;4,5834;0
3/10/2011;218,8276;21,9624;30,5516;4,4538;0
4/10/2011;198,9627;21,9314;28,7268;3,8435;14,769
5/10/2011;157,2211;22,5463;28,1227;3,4998;7,3845
6/10/2011;195,6916;22,3981;28,8981;3,8037;11,8835
7/10/2011;186,0503;22,9117;29,5471;3,8531;11,8835
8/10/2011;212,6254;22,8367;29,4966;3,8686;0
9/10/2011;201,2507;22,8261;30,3725;4,1979;0
10/10/2011;252,7752;22,7271;31,2216;4,4885;0
11/10/2011;169,1218;22,5737;29,0949;3,8448;18,2052
12/10/2011;206,9325;22,3717;30,3094;4,2038;0
13/10/2011;192,1076;23,3153;29,3207;3,6884;9,1026
14/10/2011;205,9787;23,3894;30,3653;3,9866;0
15/10/2011;206,5736;22,4204;29,6021;3,9823;27,3077
16/10/2011;193,1818;22,4618;29,2676;3,8499;6,1797
17/10/2011;188,5876;21,8775;28,4956;3,7265;0
18/10/2011;122,4244;21,7523;26,4318;3,0917;37,0782
19/10/2011;203,138;22,2151;28,8702;3,7569;6,1797
20/10/2011;176,1738;21,6792;28,1205;3,6565;30,8985
21/10/2011;215,0203;21,6045;29,6212;4,1458;3,9288
22/10/2011;229,4243;21,851;29,7609;4,1244;11,7865
23/10/2011;231,3194;21,404;30,5142;4,3971;3,9288
24/10/2011;186,6201;21,9044;28,7731;3,7768;11,7865
25/10/2011;252,7252;21,4803;30,4934;4,4571;3,9288
26/10/2011;229,6953;21,6307;30,1095;4,2628;0
27/10/2011;226,8194;21,5149;29,9696;4,2294;13,3085
28/10/2011;106,3284;21,88;26,383;2,9601;13,3085
29/10/2011;228,8769;21,2529;30,0422;4,2536;0
30/10/2011;201,8981;21,5691;28,7528;3,8394;13,3085
31/10/2011;285,3974;19,3946;31,1504;4,9471;0
1/11/2011;275,1302;20,4383;31,0065;4,7477;0
2/11/2011;205,1129;21,5596;29,906;4,1462;0
3/11/2011;200,1437;21,5388;29,1666;3,9702;0
4/11/2011;204,0451;22,0414;29,2512;3,8755;16,7304
5/11/2011;231,5644;22,3505;30,3886;4,1539;0
6/11/2011;219,3484;22,2825;29,1656;3,7571;16,0494
7/11/2011;237,6117;22,1555;30,6606;4,2835;0
8/11/2011;228,224;21,9589;30,5444;4,2224;0
9/11/2011;209,9222;22,2589;30,1168;4,0022;24,0741
10/11/2011;213,5002;22,2373;30,2429;4,0463;0
11/11/2011;231,0903;21,1029;30,6101;4,4038;35,1921
12/11/2011;121,1057;22,1152;27,5573;3,2219;0
13/11/2011;216,9039;21,3472;29,2192;3,9006;0
14/11/2011;206,9386;22,5401;29,8175;3,797;0
15/11/2011;140,5638;21,7777;27,2901;3,2297;0
16/11/2011;202,2233;21,4366;29,2393;3,9057;9,3526
17/11/2011;132,3167;21,8561;27,288;3,2022;28,0579
18/11/2011;140,4405;22,1911;28,2198;3,3621;9,3526
19/11/2011;182,427;22,1502;28,5051;3,4899;9,3526
20/11/2011;133,5366;21,5997;26,7549;3,0872;18,7053
21/11/2011;182,9788;22,3713;28,5696;3,439;9,6937
22/11/2011;171,2128;21,5759;28,1686;3,5159;38,7748
23/11/2011;224,8786;21,5025;29,6755;4,0053;0
24/11/2011;193,2607;21,8854;28,9981;3,7093;19,3874
25/11/2011;217,7655;21,3078;29,7234;4,0381;9,6937
26/11/2011;248,3096;22,4243;30,5253;4,0222;0
27/11/2011;259,992;21,5871;30,9325;4,3276;0
28/11/2011;211,9399;22,8899;30,5229;3,9054;17,6201
29/11/2011;181,9707;23,3677;28,9624;3,312;35,2402
30/11/2011;222,7937;22,6027;30,0421;3,8211;17,6201
1/12/2011;147,4501;22,4281;28,6983;3,4474;11,2737
2/12/2011;194,7212;21,6996;28,5318;3,6308;0
3/12/2011;172,2098;21,5481;28,6125;3,6236;0
4/12/2011;208,0059;21,4665;29,266;3,7998;0
5/12/2011;204,7325;22,4122;28,8309;3,5082;22,5473
6/12/2011;153,7824;22,7043;28,3686;3,2621;24,8817
7/12/2011;128,5664;22,3967;26,9311;2,8689;24,8817
8/12/2011;210,5476;21,7496;29,1077;3,6657;0
9/12/2011;257,703;20,5007;30,3335;4,308;0
10/12/2011;258,0249;21,8157;30,4129;4,0805;0
11/12/2011;175,487;21,339;29,3938;3,8401;0
12/12/2011;193,4512;22,7702;29,6198;3,6056;28,9374
13/12/2011;237,9344;21,4132;30,4959;4,1481;0
14/12/2011;233,7431;21,8124;30,1196;4,0058;0
15/12/2011;245,0172;21,6531;29,975;4,0053;0
16/12/2011;226,4004;22,9633;29,9401;3,6779;0
17/12/2011;195,2935;22,649;29,6461;3,6617;0
18/12/2011;224,3939;21,7195;29,9387;3,9728;0
19/12/2011;246,923;21,9509;30,1772;4,0004;0
20/12/2011;241,0086;22,5094;29,8739;3,7616;0
21/12/2011;178,49;22,4427;29,9613;3,7783;0
22/12/2011;254,2331;20,5934;31,1434;4,5093;0
23/12/2011;192,1554;23,5158;29,1739;3,3005;0
24/12/2011;183,8428;22,513;29,0624;3,5139;0
25/12/2011;228,6305;21,5635;29,9181;3,9976;0
26/12/2011;234,2409;21,4307;30,7847;4,2765;0
27/12/2011;125,4957;22,8837;27,9428;3,0748;0
28/12/2011;245,7851;22,5192;30,3462;3,9031;0
29/12/2011;242,4786;21,9739;29,8142;3,9016;0
30/12/2011;202,2751;22,9225;29,7754;3,6821;0
31/12/2011;243,1337;21,2726;30,9189;4,3569;0
1/01/2012;237,0551;22,2286;30,4253;4,0384;0
2/01/2012;259,8162;20,8988;32,1612;4,7417;0
3/01/2012;222,5316;22,3628;31,0043;4,1642;0
4/01/2012;186,2166;22,6007;30,2863;3,8873;0
5/01/2012;199,7931;21,819;29,5664;3,8888;6,1583
6/01/2012;217,3422;22,2322;29,8216;3,8716;0
7/01/2012;230,7929;22,0128;31,0675;4,2614;4,5805
8/01/2012;238,0663;21,6542;31,087;4,3903;0
9/01/2012;235,829;22,1556;31,8799;4,4935;0
10/01/2012;231,9775;23,0571;31,8374;4,3079;0
11/01/2012;224,874;23,3994;31,3098;4,0875;0
12/01/2012;199,7851;22,579;31,8099;4,3977;0
13/01/2012;197,251;23,0046;32,6534;4,5541;0
14/01/2012;233,0138;23,2839;33,2357;4,675;0
15/01/2012;213,8561;21,4391;32,5215;4,8548;0
16/01/2012;203,6912;22,1531;30,498;4,1455;0
17/01/2012;204,5273;21,786;31,6961;4,5526;0
18/01/2012;193,8612;23,4829;31,233;4,0816;0
19/01/2012;196,943;23,3519;31,6151;4,2262;0
20/01/2012;124,8812;24,0427;29,8962;3,522;0
21/01/2012;163,7019;23,3333;31,2771;4,1198;0
22/01/2012;225,586;23,0893;33,2869;4,7518;0
23/01/2012;268,6452;21,8494;33,8483;5,1574;0
24/01/2012;248,4926;22,0171;33,4943;5,0638;0
25/01/2012;206,5004;23,3786;32,3106;4,5065;0
26/01/2012;229,7432;23,8553;32,8609;4,5626;0
27/01/2012;224,6193;22,8937;33,0572;4,8583;0
28/01/2012;233,9479;23,2429;33,1075;4,8035;0
29/01/2012;243,0244;24,3048;33,4306;4,678;0
30/01/2012;238,0186;23,3784;32,9894;4,7534;0
31/01/2012;273,8837;24,3701;34,3287;4,9293;0
1/02/2012;216,2307;24,8116;32,5639;4,3472;0
2/02/2012;191,8325;24,9532;32,7631;4,3606;0
3/02/2012;208,3986;25,3198;33,7063;4,5437;0
4/02/2012;196,8867;25,5827;34,1003;4,6237;0
5/02/2012;155,2285;25,5352;30,8012;3,4925;13,799
6/02/2012;72,2391;23,1065;26,243;2,4951;0
7/02/2012;219,6287;22,2964;29,8628;3,9999;0
8/02/2012;144,3724;22,4559;27,3349;3,1561;36,9756
9/02/2012;242,6993;21,7798;30,7599;4,4188;0
10/02/2012;249,0103;22,9279;31,0275;4,2852;12,3252
11/02/2012;240,2788;22,7814;31,3159;4,4435;0
12/02/2012;241,3543;23,3235;31,3464;4,3396;0
13/02/2012;204,5248;23,7744;31,4942;4,2621;0
14/02/2012;237,9671;23,1827;31,9044;4,5231;0
15/02/2012;283,6949;22,4695;32,6212;4,9016;0
16/02/2012;293,7854;21,7997;33,1757;5,2156;0
17/02/2012;268,5403;22,525;32,9812;5,0558;0
18/02/2012;274,6509;23,3333;33,2254;4,9839;0
19/02/2012;233,4199;23,4133;31,72;4,4963;0
20/02/2012;253,0422;23,1232;32,7324;4,8699;0
21/02/2012;288,2023;22,5892;34,2333;5,4138;0
22/02/2012;251,3792;22,6941;33,7932;5,2781;0
23/02/2012;271,8587;23,1278;34,2473;5,3259;0
24/02/2012;197,3964;22,5013;31,6335;4,714;0
25/02/2012;268,2193;23,2693;32,8036;4,858;0
26/02/2012;244,7782;23,5535;32,4193;4,7315;0
27/02/2012;258,4797;23,0223;33,0295;5,0605;0
28/02/2012;244,4024;22,9004;32,9953;5,0474;0
29/02/2012;248,2346;24,1561;33,5091;4,9423;0
1/03/2012;242,6099;24,7228;33,3;4,7862;0
2/03/2012;183,1741;24,5896;31,3107;4,1249;11,4895
3/03/2012;124,7501;21,8844;28,9882;3,9859;11,4895
4/03/2012;131,0824;21,7525;29,206;4,043;11,4895
5/03/2012;251,1677;21,1409;31,1124;4,824;11,4895
6/03/2012;223,9855;22,6505;31,065;4,5444;0
7/03/2012;246,7089;22,8848;31,2429;4,5479;0
8/03/2012;228,3618;22,6937;31,5453;4,7033;0
9/03/2012;116,7373;24,4325;28,2659;3,0369;0
10/03/2012;109,3564;22,568;26,8265;3,0677;0
11/03/2012;214,499;22,5142;30,2322;4,2558;11,8286
12/03/2012;140,5818;22,0661;27,3574;3,4421;0
13/03/2012;188,1112;21,7199;30,0787;4,3611;0
14/03/2012;225,0889;21,4186;30,7193;4,7276;0
15/03/2012;233,0804;23,6842;31,945;4,5882;0
16/03/2012;174,4955;23,1439;30,1567;4,1176;6,2324
17/03/2012;251,7806;22,6387;32,0585;4,8048;0
18/03/2012;203,83;22,0409;29,9669;4,3026;0
19/03/2012;194,8617;22,8399;30,4602;4,2823;18,6973
20/03/2012;219,0152;23,1662;31,0535;4,43;6,2324
21/03/2012;209,4894;22,8257;31,095;4,4888;9,3219
22/03/2012;218,7474;22,2616;30,2331;4,3875;18,6437
23/03/2012;246,11;23,5809;31,9828;4,6254;9,3219
24/03/2012;212,6071;22,1338;29,4144;4,2076;0
25/03/2012;161,0437;23,2463;27,9346;3,3187;9,3219
26/03/2012;230,4921;22,3101;30,2256;4,3549;0
27/03/2012;178,1996;22,6979;29,8771;4,0974;45,7446
28/03/2012;120,285;22,3639;26,4637;2,9985;60,9927
29/03/2012;147,6366;22,0151;27,6246;3,529;0
30/03/2012;151,345;21,6919;27,6923;3,651;45,7446
31/03/2012;128,4356;22,4831;26,9912;3,1592;0
1/04/2012;268,4437;21,0856;31,3426;4,9096;0
2/04/2012;244,0864;22,1038;30,5794;4,5305;0
3/04/2012;237,8425;22,0435;30,4004;4,4683;0
4/04/2012;247,8507;21,798;30,123;4,4126;0
5/04/2012;205,4953;21,8425;29,7192;4,235;38,6931
6/04/2012;155,7781;22,1571;27,5519;3,5162;9,2908
7/04/2012;133,1934;21,9707;27,6968;3,5722;18,5815
8/04/2012;193,9856;22,1713;28,955;3,9138;0
9/04/2012;156,9754;22,5706;27,3473;3,2712;18,5815
10/04/2012;156,6448;22,2761;27,5498;3,4216;27,8723
11/04/2012;211,3994;22,2243;29,2393;3,9661;0
12/04/2012;73,4629;21,7761;25,7705;2,8985;34,4129
13/04/2012;173,2535;21,5872;27,9594;3,7435;11,471
14/04/2012;220,3098;21,5207;29,5068;4,2639;0
15/04/2012;236,5288;21,5234;30,021;4,3923;11,471
16/04/2012;117,7079;22,2194;26,3871;2,9835;23,257
17/04/2012;218,1248;22,4797;29,4037;3,986;0
18/04/2012;127,2127;22,2464;26,8057;3,1626;34,8855
19/04/2012;138,6084;21,77;27,4052;3,4439;0
20/04/2012;203,6189;22,313;29,8902;4,1226;34,8855
21/04/2012;186,8848;21,5515;28,9006;4,0168;0
22/04/2012;189,1347;21,9225;29,7937;4,162;19,255
23/04/2012;216,0085;21,9699;30,2539;4,2816;4,8137
24/04/2012;232,058;21,5697;30,256;4,4104;0
25/04/2012;247,4327;22,0171;30,2768;4,31;0
26/04/2012;235,3366;21,8868;30,5183;4,4256;0
27/04/2012;251,5837;21,8599;31,2812;4,6351;0
28/04/2012;152,0887;23,1227;27,4262;3,0733;30,5801
29/04/2012;188,1622;22,2892;29,9851;4,0861;15,29
30/04/2012;183,6362;21,8248;29,2383;3,9853;61,1602
1/05/2012;86,1854;22,3312;25,5218;2,5505;37,1874
2/05/2012;141,4755;21,5944;26,9641;3,3082;0
3/05/2012;189,5581;21,5116;28,2911;3,7271;0
4/05/2012;161,3869;21,3831;27,085;3,445;0
5/05/2012;127,7005;21,8846;26,4776;3,0801;0
6/05/2012;221,6095;21,769;29,8318;4,1408;0
7/05/2012;160,4789;22,3902;28,5279;3,599;0
8/05/2012;153,0448;21,971;29,8137;4,0346;0
9/05/2012;220,0314;21,9558;30,4079;4,2556;0
10/05/2012;258,864;21,8216;30,41;4,3623;0
11/05/2012;150,6909;22,7225;27,7945;3,2986;0
12/05/2012;170,0493;22,5052;29,0772;3,6587;53,1662
13/05/2012;195,9856;22,1946;29,3034;3,8524;0
14/05/2012;246,8213;22,8562;30,4857;4,1123;0
15/05/2012;219,0921;22,6243;30,0178;4,0011;0
16/05/2012;191,7634;21,8686;28,9882;3,8254;0
17/05/2012;179,3262;22,08;27,7969;3,4357;0
18/05/2012;203,4285;21,4652;30,187;4,2433;18,1344
19/05/2012;71,8711;21,8849;25,1386;2,4906;36,2689
20/05/2012;219,187;21,4626;28,8512;3,8647;0
21/05/2012;158,2995;23,1909;28,927;3,4433;24,1891
22/05/2012;159,7475;21,4178;28,8856;3,8297;12,0946
23/05/2012;234,4654;21,1421;30,0545;4,279;12,0946
24/05/2012;204,5355;21,8156;29,5581;3,9425;12,0946
25/05/2012;230,8033;22,4777;30,5351;4,1138;12,0946
26/05/2012;233,6737;21,4115;29,5546;4,0885;0
27/05/2012;180,4913;21,6481;28,5006;3,7177;45,6719
28/05/2012;167,5726;21,1972;28,0973;3,6798;45,6719
29/05/2012;100,3678;21,8185;25,8594;2,7865;0
30/05/2012;237,302;21,1634;31,1363;4,494;0
31/05/2012;143,9057;22,7883;27,5704;3,0937;0
1/06/2012;153,7979;22,5166;27,126;2,9788;0
2/06/2012;124,7256;21,7109;27,0995;3,2077;0
3/06/2012;193,5943;21,2958;29,4019;3,9456;0
4/06/2012;247,2359;22,3054;29,8076;3,9004;0
5/06/2012;236,2665;21,5601;30,5634;4,2925;0
6/06/2012;237,7575;21,0776;30,3048;4,3873;0
7/06/2012;131,2942;22,1612;26,6049;2,9136;34,5174
8/06/2012;109,8569;21,6442;26,8959;3,0986;69,0348
9/06/2012;145,5007;21,604;27,0284;3,1503;0
10/06/2012;68,7072;21,5767;25,0676;2,4917;0
11/06/2012;137,2454;20,3855;25,9376;3,166;0
12/06/2012;210,437;21,2247;28,8522;3,8019;0
13/06/2012;88,6341;21,9184;25,243;2,4704;0
14/06/2012;176,0716;21,2979;28,142;3,592;0
15/06/2012;205,2354;20,5092;28,4687;3,874;0
16/06/2012;217,9556;21,774;29,1782;3,8186;41,0589
17/06/2012;161,1948;21,4025;27,9385;3,5725;0
18/06/2012;222,8584;21,3893;29,1348;3,8601;8,2118
19/06/2012;259,3909;20,8091;30,387;4,3517;0
20/06/2012;160,3433;21,4329;28,1207;3,5957;0
21/06/2012;245,0988;21,4059;30,2802;4,1827;16,385
22/06/2012;270,5008;20,2627;31,2416;4,692;0
23/06/2012;203,1393;20,6207;29,1255;4,0882;16,385
24/06/2012;222,0025;21,5357;28,857;3,8138;16,385
25/06/2012;188,6177;21,0974;27,5269;3,4779;16,385
26/06/2012;236,5576;20,8963;29,2945;4,01;31,9626
27/06/2012;202,1916;21,1033;28,1229;3,6637;31,9626
28/06/2012;208,5961;20,424;27,8726;3,7287;0
29/06/2012;204,3613;20,1567;29,2617;4,2171;0
30/06/2012;205,5986;20,7082;28,8952;3,9616;0
1/07/2012;186,6534;20,7231;27,0046;3,3903;0
2/07/2012;237,0754;21,1173;29,548;4,0846;0
3/07/2012;158,5195;20,7842;28,3135;3,7641;0
4/07/2012;144,7304;21,2162;26,4865;3,1336;0
5/07/2012;228,7642;20,6597;28,9028;3,9888;0
6/07/2012;132,7389;21,2368;26,7562;3,2049;28,4332
7/07/2012;152,6857;20,7524;28,326;3,7139;14,2166
8/07/2012;215,4012;20,556;28,5111;3,8914;14,2166
9/07/2012;184,9157;21,1926;29,2136;3,9379;0
10/07/2012;157,664;21,506;27,3876;3,3376;28,4332
11/07/2012;171,2197;21,4667;28,1507;3,5563;39,186
12/07/2012;200,4038;21,5018;29,021;3,8068;0
13/07/2012;179,6171;22,5004;28,0135;3,3011;0
14/07/2012;203,6024;21,4628;28,8761;3,8;39,186
15/07/2012;132,1339;21,259;26,2609;3,0584;0
16/07/2012;238,8663;20,5818;29,4144;4,1478;0
17/07/2012;201,7529;21,6673;28,3737;3,6262;57,382
18/07/2012;123,5542;21,5171;26,7761;3,1473;0
19/07/2012;32,0459;21,3092;23,0838;1,7613;0
20/07/2012;136,6199;20,6945;26,806;3,3552;0
21/07/2012;156,0101;20,6525;28,5671;3,8891;0
22/07/2012;170,6057;21,1402;27,2428;3,4498;0
23/07/2012;207,2127;20,5204;28,6291;3,9823;42,7484
24/07/2012;115,0506;21,5375;26,1312;2,9529;0
25/07/2012;240,1712;19,9683;30,1671;4,4895;0
26/07/2012;229,435;22,3287;29,0339;3,7652;0
27/07/2012;100,8472;22,2168;26,4351;2,8535;0
28/07/2012;165,0984;21,9109;28,068;3,4925;24,7732
29/07/2012;132,2212;21,618;27,7759;3,5102;0
30/07/2012;88,3461;21,3044;24,9866;2,6519;24,7732
31/07/2012;208,9956;21,4102;29,2751;3,9816;0
1/08/2012;142,0594;22,0665;28,3215;3,5869;0
2/08/2012;232,8156;21,6559;30,5484;4,3625;0
3/08/2012;205,9523;21,485;28,9987;4,0076;0
4/08/2012;224,375;21,7605;29,2205;3,9665;0
5/08/2012;126,5624;21,684;25,5518;2,7724;43,9054
6/08/2012;195,5716;21,2634;29,276;4,058;0
7/08/2012;243,4515;22,3874;29,4818;3,9318;0
8/08/2012;239,8122;21,811;30,5706;4,3966;0
9/08/2012;91,3684;21,8412;26,7205;3,1439;0
10/08/2012;78,3468;20,0228;25,7203;3,3208;0
11/08/2012;260,6097;20,5633;30,753;4,6637;0
12/08/2012;252,5824;22,2847;30,5454;4,2983;0
13/08/2012;130,2066;21,5127;26,1499;3,0329;66,3119
14/08/2012;78,6034;21,006;24,6066;2,6459;0
15/08/2012;257,8463;20,4325;30,6215;4,6197;0
16/08/2012;223,2078;21,3946;29,4723;4,162;16,4974
17/08/2012;101,8513;21,4326;24,8465;2,6002;16,4974
18/08/2012;231,0617;21,3989;30,6456;4,457;0
19/08/2012;264,8771;20,327;30,5385;4,7558;0
20/08/2012;214,5484;21,3902;29,4407;4,1829;16,4974
21/08/2012;238,1032;21,3867;30,0875;4,3611;0
22/08/2012;250,6932;20,9408;30,0856;4,4704;0
23/08/2012;267,6237;21,0542;31,0222;4,7678;0
24/08/2012;225,7046;22,0855;29,7577;4,1887;0
25/08/2012;175,7863;23,3108;27,9331;3,1973;43,0368
26/08/2012;134,7163;21,3565;27,8506;3,7426;0
27/08/2012;213,2156;21,7839;28,4634;3,84;0
28/08/2012;224,9403;21,4372;27,9984;3,7944;0
29/08/2012;158,3978;21,8939;27,1706;3,3627;0
30/08/2012;228,1918;20,1207;28,7793;4,3441;0
31/08/2012;92,9305;21,1262;26,3499;3,3195;0
1/09/2012;281,4947;20,0258;30,8036;4,8781;0
2/09/2012;246,1828;22,3963;29,8016;4,1265;0
3/09/2012;129,2804;22,0197;26,5154;3,1236;0
4/09/2012;272,079;21,6741;30,5746;4,5165;0
5/09/2012;268,826;22,728;30,574;4,3023;0
6/09/2012;264,0779;22,152;29,8241;4,2017;23,1676
7/09/2012;272,2297;21,1019;30,8669;4,766;0
8/09/2012;267,6457;21,1416;30,4849;4,6108;0
9/09/2012;276,0918;20,1426;31,7917;5,209;0
10/09/2012;235,9191;21,8408;30,5561;4,486;23,1676
11/09/2012;126,8694;21,9315;27,3062;3,4248;0
12/09/2012;258,8928;21,5911;30,7177;4,607;0
13/09/2012;168,7893;22,3983;28,8017;3,7983;0
14/09/2012;281,0341;20,9063;31,5463;4,9988;0
15/09/2012;261,0882;21,8206;30,6798;4,565;0
16/09/2012;290,7447;21,3722;32,0895;5,0667;0
17/09/2012;265,7193;21,3348;30,3112;4,5865;0
18/09/2012;271,6644;22,2619;31,4811;4,6763;0
19/09/2012;267,042;22,1134;30,7436;4,528;25,2461
20/09/2012;275,3808;21,3752;31,3766;4,9152;0
21/09/2012;251,5595;21,6536;31,2677;4,7581;0
22/09/2012;263,9405;21,5071;31,5711;4,8261;32,5667
23/09/2012;268,7382;21,6475;31,0178;4,6742;0
24/09/2012;179,6376;21,109;28,5684;3,9961;65,1334
25/09/2012;204,8277;22,5076;29,2076;3,8932;0
26/09/2012;238,6942;21,9248;30,3093;4,416;0
27/09/2012;213,6071;21,6175;28,2475;3,7798;37,8074
28/09/2012;259,6982;21,7379;30,0431;4,3405;0
29/09/2012;230,6938;21,9328;29,9356;4,2658;0
30/09/2012;218,1233;21,9997;30,3732;4,3979;0
1/10/2012;253,3204;21,9721;29,9474;4,2827;0
2/10/2012;268,7935;21,7621;30,8137;4,5678;0
3/10/2012;277,4741;20,297;31,2656;4,9952;0
4/10/2012;271,9217;22,2786;31,2432;4,6333;14,6752
5/10/2012;215,0273;22,4253;29,5222;4,0391;29,3505
6/10/2012;136,6923;22,2806;28,2197;3,5808;31,7089
7/10/2012;219,981;22,1107;30,5736;4,3822;0
8/10/2012;234,8241;21,933;29,9422;4,2349;15,8544
9/10/2012;279,2001;20,8507;30,9335;4,7624;0
10/10/2012;269,1064;21,6852;31,5071;4,7846;0
11/10/2012;253,6024;22,4068;31,573;4,6435;0
12/10/2012;202,7942;22,2992;28,8843;3,8291;27,5394
13/10/2012;160,3821;22,5715;28,6103;3,6123;27,5394
14/10/2012;197,2253;21,9325;29,0217;3,883;0
15/10/2012;244,6352;21,9906;29,9247;4,1804;0
16/10/2012;108,8299;22,4085;26,5362;2,9374;26,603
17/10/2012;210,5459;22,1207;29,5051;3,9733;5,3206
18/10/2012;165,3139;21,5629;28,4914;3,807;26,603
19/10/2012;238,6837;20,7532;30,4314;4,5593;15,9618
20/10/2012;186,5287;22,557;28,7379;3,6219;5,3206
21/10/2012;180,0942;22,1471;28,3932;3,596;7,3068
22/10/2012;191,4262;21,9963;29,1766;3,8912;21,9204
23/10/2012;254,3843;23,083;30,6669;4,1319;0
24/10/2012;202,1574;23,3167;31,1146;4,2021;14,6136
25/10/2012;271,0096;21,4819;31,5452;4,7572;7,3068
26/10/2012;223,8244;21,737;30,2747;4,2592;29,7424
27/10/2012;253,6748;21,3238;30,6406;4,4887;0
28/10/2012;275,7684;20,6502;31,7833;4,9848;0
29/10/2012;249,9383;21,5096;31,5583;4,7061;9,9141
30/10/2012;217,5758;22,104;29,5332;3,9136;9,9141
31/10/2012;262,5375;21,9569;31,2323;4,4614;0
1/11/2012;275,846;21,5378;31,1691;4,5502;0
2/11/2012;249,0859;21,3725;30,8967;4,507;0
3/11/2012;252,6981;22,1297;31,0281;4,379;0
4/11/2012;203,3102;21,4386;30,0127;4,2271;30,4315
5/11/2012;144,0187;22,0104;27,41;3,2326;45,6472
6/11/2012;268,6344;21,3868;30,4551;4,2962;0
7/11/2012;279,0489;20,6938;31,7507;4,8371;0
8/11/2012;253,4185;22,3321;31,1579;4,3791;0
9/11/2012;248,0598;22,2725;31,1336;4,3428;0
10/11/2012;268,8439;22,1683;31,7232;4,5345;0
11/11/2012;250,1733;22,2801;31,5369;4,4494;0
12/11/2012;234,762;22,2237;31,2113;4,3566;15,2077
13/11/2012;104,3816;22,1832;28,2624;3,3879;0
14/11/2012;197,5777;22,454;29,4997;3,7917;0
15/11/2012;118,0999;23,0576;27,5088;2,9571;0
16/11/2012;232,854;22,1236;30,547;4,1187;0
17/11/2012;186,8997;22,6024;29,8942;3,8316;53,0553
18/11/2012;238,0693;21,9561;30,4548;4,1144;53,0553
19/11/2012;253,3044;22,8824;31,4587;4,2631;0
20/11/2012;255,6812;22,6031;31,0562;4,2022;0
21/11/2012;271,047;21,3637;31,6555;4,6208;0
22/11/2012;262,9892;21,5347;31,6307;4,5817;0
23/11/2012;249,3592;22,331;31,4813;4,3715;0
24/11/2012;250,7637;23,3911;31,891;4,2483;0
25/11/2012;259,4758;21,2803;31,7653;4,6373;0
26/11/2012;187,5834;21,7737;30,1936;4,0982;0
27/11/2012;229,53;23,052;30,3861;3,8724;0
28/11/2012;254,9489;22,28;31,7013;4,4195;0
29/11/2012;241,9244;22,465;31,3755;4,285;0
30/11/2012;232,0972;22,8789;31,8853;4,3236;0
1/12/2012;238,1709;23,8758;31,5766;4,004;0
2/12/2012;226,6517;23,632;31,531;4,0461;0
3/12/2012;197,5678;22,6483;30,3168;3,8889;0
4/12/2012;184,6513;24,0922;30,586;3,6266;0
5/12/2012;235,2581;22,8951;31,9771;4,3139;0
6/12/2012;218,1102;22,3118;31,2714;4,2541;0
7/12/2012;239,7635;22,8861;31,2363;4,108;0
8/12/2012;211,8978;22,2258;32,0092;4,462;0
9/12/2012;206,3619;22,2045;31,6802;4,3698;0
10/12/2012;205,4383;21,9367;31,6386;4,4152;0
11/12/2012;243,8462;21,8541;32,2494;4,6271;0
12/12/2012;256,0144;22,6575;32,5145;4,5267;0
13/12/2012;233,6517;23,0578;32,5459;4,4578;0
14/12/2012;212,9211;23,9513;32,0272;4,1015;0
15/12/2012;188,7404;22,2609;31,0505;4,154;9,9239
16/12/2012;219,1766;22,9165;31,5185;4,1565;0
17/12/2012;222,2658;23,9455;31,8408;4,0451;0
18/12/2012;223,3224;23,6582;31,8635;4,1083;0
19/12/2012;201,0606;22,1478;31,6837;4,3893;0
20/12/2012;247,0732;22,3628;32,5396;4,5613;0
21/12/2012;239,0938;22,7051;32,6369;4,5428;0
22/12/2012;240,7918;22,2895;32,0969;4,473;0
23/12/2012;66,2076;22,5553;26,7637;2,7062;103,576
24/12/2012;197,8291;21,4022;29,5115;3,8563;0
25/12/2012;193,2149;22,1799;29,0583;3,5912;0
26/12/2012;185,7383;21,8641;30,4066;4,052;0
27/12/2012;161,8238;22,982;30,0556;3,6516;30,8368
28/12/2012;247,2405;21,4595;31,0572;4,3782;0
29/12/2012;240,6987;21,2206;30,606;4,2893;0
30/12/2012;228,6628;21,0693;30,4863;4,2837;0
31/12/2012;219,8587;21,3115;30,7443;4,3003;0
1/01/2013;236,2682;21,5883;31,0532;4,3505;0
2/01/2013;245,999;21,1067;31,0558;4,4575;0
3/01/2013;248,9258;21,5754;31,86;4,5748;5,7142
4/01/2013;247,2972;21,8572;32,1378;4,6097;0
5/01/2013;263,913;21,9108;32,9436;4,7912;0
6/01/2013;259,2484;21,4954;32,5815;4,7724;0
7/01/2013;261,4144;19,981;32,7801;5,0801;0
8/01/2013;237,482;21,2349;31,8269;4,647;0
9/01/2013;200,698;21,4359;31,6252;4,5604;5,4306
10/01/2013;241,4781;21,9015;32,718;4,7627;0
11/01/2013;273,4223;21,5545;32,5975;4,8358;0
12/01/2013;232,0837;22,57;32,387;4,5521;0
13/01/2013;160,6606;23,8933;31,2476;3,944;0
14/01/2013;180,8099;23,5718;31,3416;4,0694;0
15/01/2013;182,45;23,2284;32,2478;4,3914;0
16/01/2013;194,4848;23,9603;31,8382;4,1248;0
17/01/2013;189,0099;24,2615;32,7151;4,3348;0
18/01/2013;184,782;25,0913;31,7142;3,8511;0
19/01/2013;211,2046;23,8809;32,8394;4,47;0
20/01/2013;204,7868;22,7544;32,1191;4,5533;0
21/01/2013;247,1062;23,9292;34,0531;4,8425;0
22/01/2013;215,8075;24,0077;33,7478;4,7811;0
23/01/2013;194,5317;24,9194;32,2367;4,1381;0
24/01/2013;207,853;24,1462;32,1447;4,2355;0
25/01/2013;249,448;24,2866;34,2852;4,8883;0
26/01/2013;265,1093;24,9075;35,3119;5,0718;0
27/01/2013;267,9624;24,7151;35,4058;5,146;0
28/01/2013;237,9411;24,7965;35,458;5,1435;0
29/01/2013;203,4372;24,3454;33,3305;4,6614;0
30/01/2013;221,8109;24,1933;34,0118;4,8741;0
31/01/2013;204,1079;24,7064;33,0284;4,4988;0
1/02/2013;229,6107;24,8251;34,7994;4,9767;0
2/02/2013;261,93;25,0599;35,2969;5,1113;0
3/02/2013;227,7646;25,1324;35,0737;5,0742;0
4/02/2013;259,7346;25,681;36,1237;5,2406;0
5/02/2013;141,3782;25,7103;33,1859;4,3469;0
6/02/2013;188,658;25,4567;33,4806;4,4957;28,2876
7/02/2013;243,9451;25,4042;34,1046;4,723;0
8/02/2013;223,679;25,0274;33,2649;4,5576;0
9/02/2013;206,4934;24,4653;32,6739;4,4383;0
10/02/2013;160,8032;24,6428;30,7416;3,7784;0
11/02/2013;196,1637;24,6886;33,6911;4,7;10,9324
12/02/2013;194,4073;24,8318;32,3945;4,315;0
13/02/2013;187,28;24,7153;33,3364;4,6309;0
14/02/2013;242,3995;24,669;34,9886;5,1671;0
15/02/2013;225,7661;23,4186;33,6717;5,0956;0
16/02/2013;227,7403;24,3392;32,6016;4,5546;0
17/02/2013;210,3991;24,0664;30,6466;3,9539;0
18/02/2013;201,2049;24,6539;31,8227;4,1976;0
19/02/2013;178,2408;24,1099;32,4499;4,5698;0
20/02/2013;205,2158;23,5646;32,4678;4,7064;0
21/02/2013;155,7106;24,2723;31,3794;4,1439;0
22/02/2013;259,634;22,9938;34,5576;5,475;0
23/02/2013;254,9199;24,0086;33,7392;5,0173;0
24/02/2013;232,3423;23,1216;31,9665;4,6228;0
25/02/2013;246,3313;24,045;33,3771;4,8992;0
26/02/2013;217,9641;24,2515;33,3894;4,9114;0
27/02/2013;241,7133;23,5095;32,5708;4,788;0
28/02/2013;195,0549;23,2339;30,0885;4,0191;13,5405
1/03/2013;215,6289;22,8548;31,0589;4,4049;0
2/03/2013;261,2923;22,7819;32,7273;4,9502;0
3/03/2013;222,0575;23,1264;32,3206;4,739;5,2532
4/03/2013;162,8631;22,831;28,9239;3,7168;15,7595
5/03/2013;278,8325;21,8398;32,7748;5,09;0
6/03/2013;232,0277;23,199;30,9542;4,2901;11,0609
7/03/2013;262,3104;23,4055;32,1075;4,6353;5,5304
8/03/2013;271,3471;23,1575;33,0951;5,0083;5,5304
9/03/2013;231,1627;23,2316;31,7144;4,5833;5,5304
10/03/2013;226,476;23,1948;30,9323;4,3754;4,9476
11/03/2013;250,2633;23,4795;32,9145;4,9206;0
12/03/2013;253,0863;22,516;32,1546;4,8686;19,0193
13/03/2013;250,0681;22,8647;31,7684;4,7086;0
14/03/2013;260,1595;23,5519;32,2216;4,6743;0
15/03/2013;238,826;23,3085;31,5675;4,5459;0
16/03/2013;168,6295;22,2925;28,8708;3,9189;4,8792
17/03/2013;210,8068;22,924;29,7507;4,049;9,7585
18/03/2013;179,5108;22,1756;29,5518;4,0999;4,8792
19/03/2013;218,1187;22,3705;30,5717;4,3971;9,7585
20/03/2013;226,6687;23,5272;31,8565;4,6031;0
21/03/2013;236,479;23,4168;31,5249;4,5287;0
22/03/2013;204,8559;23,1926;32,2165;4,7688;17,5369
23/03/2013;137,0925;23,2483;27,3377;3,0746;40,9194
24/03/2013;278,067;21,6736;31,0557;4,6942;0
25/03/2013;261,144;22,6592;31,7614;4,7565;0
26/03/2013;250,3349;22,998;31,3756;4,6016;0
27/03/2013;291,9199;21,7831;32,746;5,3225;0
28/03/2013;179,2225;23,2638;28,6769;3,6076;6,2924
29/03/2013;257,8733;21,8764;31,1233;4,7118;0
30/03/2013;197,9447;22,4278;29,758;4,1291;6,2924
31/03/2013;220,3434;23,264;30,246;4,1261;6,2924
1/04/2013;255,221;22,3847;32,2466;4,9633;0
2/04/2013;166,1209;22,8257;30,0026;4,1816;0
3/04/2013;252,4704;22,5058;31,493;4,7204;0
4/04/2013;227,7562;23,046;30,9544;4,407;0
5/04/2013;261,2866;22,3939;31,6865;4,7794;0
6/04/2013;258,0705;22,9092;31,7552;4,7152;0
7/04/2013;264,8697;22,0461;32,8057;5,1535;0
8/04/2013;205,342;23,4472;31,4284;4,4187;34,9838
9/04/2013;251,945;22,6656;32,073;4,825;0
10/04/2013;229,1349;22,9066;31,1573;4,509;0
11/04/2013;285,3534;22,8531;32,5259;4,9491;0
12/04/2013;246,3274;23,4502;32,2099;4,7265;9,7159
13/04/2013;211,2033;23,1951;31,2497;4,4246;0
14/04/2013;182,7067;22,8631;29,1921;3,8113;38,8638
15/04/2013;147,7551;22,8585;29,1243;3,7477;38,8638
16/04/2013;225,9491;22,2729;30,4884;4,3961;17,0993
17/04/2013;214,3118;22,2408;29,452;4,0629;17,0993
18/04/2013;134,4472;22,9499;27,2099;3,0878;34,1985
19/04/2013;56,5495;22,7762;25,2257;2,2711;51,2978
20/04/2013;146,331;22,2682;27,8188;3,4557;0
21/04/2013;176,1191;22,1527;29,2243;3,9907;0
22/04/2013;177,5028;22,4282;28,871;3,7998;0
23/04/2013;161,9135;22,4971;28,9287;3,7318;32,387
24/04/2013;210,2707;22,1786;29,8648;4,1683;32,387
25/04/2013;253,1279;22,5967;30,5507;4,3219;0
26/04/2013;272,7573;23,4223;31,8747;4,5567;0
27/04/2013;251,8481;24,381;31,4826;4,205;0
28/04/2013;182,4204;24,4152;29,8141;3,5837;0
29/04/2013;142,9853;22,3478;27,5513;3,3486;96,76
30/04/2013;197,9695;21,8433;29,5316;4,0605;0
1/05/2013;195,7301;22,1841;29,1763;3,912;11,0264
2/05/2013;225,8364;22,5283;29,5;3,933;11,0264
3/05/2013;167,9999;22,6748;30,2808;4,1165;0
4/05/2013;173,4123;22,2322;28,9408;3,8387;33,0793
5/05/2013;69,9296;22,488;25,1809;2,3245;33,0793
6/05/2013;188,4249;22,0665;29,3785;3,9675;0
7/05/2013;65,856;22,1997;26,8237;3,0367;46,5895
8/05/2013;207,6442;21,0545;28,5576;3,9521;0
9/05/2013;184,8409;21,6433;28,2419;3,6992;69,8842
10/05/2013;234,3096;22,187;30,2647;4,1944;0
11/05/2013;218,369;22,4167;30,5707;4,2458;0
12/05/2013;255,0507;22,3853;30,8467;4,3666;0
13/05/2013;157,9081;22,4253;28,7236;3,6759;0
14/05/2013;164,1581;22,7108;29,4829;3,7619;0
15/05/2013;213,042;23,2109;29,7911;3,8021;14,523
16/05/2013;154,7634;22,5214;28,7461;3,571;0
17/05/2013;171,4734;22,3622;29,7437;3,926;0
18/05/2013;206,8188;21,9978;30,0261;4,1288;16,732
19/05/2013;188,7478;22,154;28,4511;3,6317;33,464
20/05/2013;56,2157;22,5741;25,252;2,2626;16,732
21/05/2013;115,4987;21,9167;27,2835;3,2308;14,4288
22/05/2013;170,5609;21,5598;28,9115;3,8301;0
23/05/2013;76,3758;22,1271;24,6998;2,2032;14,4288
24/05/2013;191,3551;21,3071;28,566;3,7945;14,4288
25/05/2013;242,2596;22,1352;30,2927;4,1353;0
26/05/2013;134,2172;21,9336;26,8999;3,1358;8,723
27/05/2013;223,4248;21,0917;29,365;4,0647;3,2572
28/05/2013;207,5849;22,9183;28,6538;3,4184;15,5916
29/05/2013;227,8178;21,7379;29,8414;4,0931;0
30/05/2013;186,4045;22,6189;28,505;3,4649;8,723
31/05/2013;187,3564;21,4049;27,5943;3,4732;17,446
1/06/2013;191,1419;21,2444;29,1412;3,9821;0
2/06/2013;179,7424;22,1473;27,66;3,285;0
3/06/2013;158,7887;21,852;27,1701;3,2043;43,8964
4/06/2013;216,3145;21,6457;29,5997;3,9583;0
5/06/2013;234,6326;22,5574;29,7745;3,8561;0
6/06/2013;122,2554;22,3876;26,8143;2,9246;28,3647
7/06/2013;158,5597;21,911;27,3888;3,2098;28,3647
8/06/2013;181,3125;21,7755;28,0192;3,4427;0
9/06/2013;197,88;21,132;28,3175;3,7152;0
10/06/2013;187,1;21,6619;27,6757;3,3998;28,3647
11/06/2013;199,6383;21,7264;28,549;3,6608;0
12/06/2013;204,0804;21,5859;29,4757;3,9495;0
13/06/2013;133,3861;22,4141;26,9779;2,9668;0
14/06/2013;120,1842;21,96;27,048;3,0804;0
15/06/2013;209,4664;22,0253;29,2528;3,7769;0
16/06/2013;230,0626;22,3649;29,9698;3,9301;6,1409
17/06/2013;204,3881;21,986;29,6699;3,9241;0
18/06/2013;128,5269;22,1427;26,6814;2,9297;6,1409
19/06/2013;175,5542;22,7001;28,0978;3,2434;0
20/06/2013;216,8921;21,2519;29,5269;4,0195;6,1409
21/06/2013;177,4501;21,0108;28,1349;3,6803;0
22/06/2013;180,0712;22,3803;30,0862;3,8866;0
23/06/2013;168,9934;21,7983;27,0857;3,1952;12,4319
24/06/2013;209,6757;22,504;28,4752;3,4377;12,4319
25/06/2013;229,0363;21,3613;29,8659;4,1148;0
26/06/2013;224,734;22,0259;30,1461;4,0499;0
27/06/2013;148,8536;21,8867;29,9041;3,958;0
28/06/2013;205,7761;21,7572;29,347;3,831;53,8678
29/06/2013;250,1703;21,3641;29,8852;4,1189;0
30/06/2013;228,9446;21,1731;28,9164;3,9071;13,4669
1/07/2013;172,4981;21,7239;27,479;3,3209;30,0647
2/07/2013;234,9751;21,2809;29,5935;4,0258;0
3/07/2013;237,3735;20,3054;29,9324;4,3602;0
4/07/2013;239,9677;19,9282;29,3108;4,281;0
5/07/2013;112,7875;20,7007;26,561;3,2513;30,0647
6/07/2013;194,2577;21,2504;28,3701;3,6374;0
7/07/2013;233,4235;21,4206;29,563;4,0095;0
8/07/2013;206,9431;21,0891;28,6121;3,812;0
9/07/2013;144,2954;21,6628;26,2935;2,9527;0
10/07/2013;200,9814;21,8542;28,1535;3,4697;54,1673
11/07/2013;241,144;21,0234;29,7975;4,1857;16,9181
12/07/2013;178,0493;21,7615;27,9434;3,4759;33,8362
13/07/2013;200,3002;21,1212;28,5018;3,7921;0
14/07/2013;215,7518;20,5648;29,0267;4,0911;0
15/07/2013;107,1629;22,1313;26,0601;2,7265;0
16/07/2013;107,6826;21,7416;25,6496;2,6923;20,3522
17/07/2013;163,8791;21,4447;26,6512;3,1503;0
18/07/2013;241,5505;20,8103;30,0298;4,2812;0
19/07/2013;120,9496;21,4927;26,5707;3,1046;40,7044
20/07/2013;86,5016;20,1207;23,9266;2,5678;20,3522
21/07/2013;240,2306;20,0747;29,4034;4,2434;21,5128
22/07/2013;259,5577;20,852;30,8281;4,5207;0
23/07/2013;96,898;21,2694;26,7558;3,1877;43,0256
24/07/2013;234,5301;20,1969;29,2969;4,1825;0
25/07/2013;65,603;21,0588;25,3903;2,807;0
26/07/2013;71,0023;20,7088;23,6869;2,2742;0
27/07/2013;183,7568;19,2823;27,1163;3,7459;0
28/07/2013;154,2374;20,1329;26,3832;3,426;0
29/07/2013;239,4509;21,1097;29,4291;4,0998;0
30/07/2013;94,9509;21,6956;26,9363;3,1995;0
31/07/2013;245,6768;21,3745;29,8087;4,1735;16,6911
1/08/2013;223,955;20,963;29,8743;4,3065;20,1439
2/08/2013;197,6888;21,5451;28,425;3,7563;20,1439
3/08/2013;194,727;21,4089;27,6402;3,559;0
4/08/2013;232,6081;21,2308;29,2535;4,0884;20,1439
5/08/2013;229,5454;21,0029;29,7809;4,291;0
6/08/2013;216,4906;22,1484;29,7071;4,0165;0
7/08/2013;147,7277;21,8995;26,5247;3,0632;0
8/08/2013;249,0973;21,9513;30,8625;4,3846;0
9/08/2013;243,638;21,7247;29,8448;4,2158;34,2299
10/08/2013;172,213;21,1219;28,1561;3,7854;34,2299
11/08/2013;152,4419;21,6252;26,6165;3,196;21,453
12/08/2013;190,6034;21,4309;28,9786;3,9429;0
13/08/2013;219,5493;20,9707;29,0408;4,069;21,453
14/08/2013;166,9893;21,7291;27,9263;3,5842;7,151
15/08/2013;177,3075;21,2699;29,1139;4,0028;7,151
16/08/2013;174,0881;21,5555;28,5811;3,8239;4,5941
17/08/2013;165,3541;20,9264;26,4675;3,3486;0
18/08/2013;147,5517;20,2711;26,7205;3,6011;3,2341
19/08/2013;119,9632;21,008;27,4195;3,6355;4,9027
20/08/2013;114,4824;21,8938;27,9432;3,5471;2,8331
21/08/2013;205,143;20,6978;29,1964;4,2524;5,8561
22/08/2013;235,9793;20,9492;30,1795;4,5134;3,7396
23/08/2013;247,459;20,0859;30,5071;4,8044;14,705
24/08/2013;221,077;21,8314;28,8624;3,9653;0
25/08/2013;118,4431;21,8227;26,9031;3,281;14,705
26/08/2013;225,4383;20,5789;28,9685;4,26;0
27/08/2013;209,786;21,9119;28,312;3,7326;0
28/08/2013;106,4018;21,2746;25,777;3,0359;0
29/08/2013;59,7574;21,6779;24,1844;2,2261;0
30/08/2013;98,8653;21,0599;25,3132;2,9216;0
31/08/2013;277,9832;19,0712;30,6923;4,9795;0
1/09/2013;270,0445;20,9563;30,9629;4,8019;0
2/09/2013;261,732;21,1382;31,2467;4,8216;0
3/09/2013;263,8185;21,9223;31,0646;4,6252;9,0782
4/09/2013;200,7554;21,4154;28,6672;3,9805;9,0782
5/09/2013;170,3537;22,3246;28,6803;3,7335;18,1565
6/09/2013;254,9743;21,0053;30,7729;4,6772;0
7/09/2013;254,1906;21,8672;30,9237;4,6031;12,2087
8/09/2013;229,0593;21,3085;30,2496;4,4576;0
9/09/2013;184,2159;21,2885;26,9258;3,4791;12,2087
10/09/2013;251,2787;21,7266;29,9166;4,3091;0
11/09/2013;243,3864;21,8442;29,9306;4,3099;0
12/09/2013;268,9511;21,7568;31,0475;4,6499;0
13/09/2013;254,7762;21,1502;30,9282;4,78;0
14/09/2013;187,08;21,9043;29,025;3,9861;19,5987
15/09/2013;213,7744;21,9852;29,9998;4,3294;29,3981
16/09/2013;249,9285;22,1523;30,8719;4,5218;0
17/09/2013;165,0755;21,8577;28,2518;3,7583;16,767
18/09/2013;275,1498;20,8778;31,0563;4,8223;16,767
19/09/2013;275,376;21,4043;30,61;4,5785;16,767
20/09/2013;267,3271;22,197;30,9608;4,5513;16,767
21/09/2013;281,8914;21,0508;31,075;4,8665;0
22/09/2013;223,1448;21,885;29,7151;4,2672;46,8262
23/09/2013;242,9755;21,9992;31,5512;4,7515;0
24/09/2013;260,2873;21,7476;31,3048;4,7509;0
25/09/2013;244,7644;21,9173;29,713;4,2381;0
26/09/2013;183,1528;21,4367;28,0621;3,8114;9,1648
27/09/2013;221,3293;21,7169;29,3474;4,1469;0
28/09/2013;257,6537;22,0293;31,5591;4,7231;0
29/09/2013;150,3753;22,0614;27,9664;3,5609;27,4945
30/09/2013;273,3338;20,4729;31,0692;4,8874;0
1/10/2013;244,8359;21,4;30,0939;4,4362;0
2/10/2013;263,5354;20,9849;30,6754;4,6601;0
3/10/2013;216,5292;21,68;30,1219;4,4038;0
4/10/2013;232,3718;21,9254;30,6594;4,4543;22,3807
5/10/2013;279,8794;21,3429;30,8273;4,6909;0
6/10/2013;264,8099;21,383;30,905;4,701;6,4348
7/10/2013;257,5582;21,3088;31,115;4,7353;0
8/10/2013;252,1837;22,0148;30,8516;4,4928;6,4348
9/10/2013;268,9209;21,9094;30,885;4,5352;0
10/10/2013;186,9773;21,6297;29,5949;4,2111;6,4348
11/10/2013;240,3222;21,8284;30,5903;4,4368;0
12/10/2013;242,6635;21,6312;30,016;4,3085;9,8572
13/10/2013;197,388;22,3769;29,3934;3,9021;19,7144
14/10/2013;138,7061;21,8108;27,8334;3,5186;19,7144
15/10/2013;263,5809;21,2015;30,4619;4,4955;4,9286
16/10/2013;48,9698;22,1416;26,7263;3,0153;7,1917
17/10/2013;286,2819;21,0834;30,838;4,5645;14,3834
18/10/2013;270,0071;22,2169;31,0283;4,465;0
19/10/2013;261,5294;20,8382;31,1555;4,7608;0
20/10/2013;275,7809;20,8007;30,9674;4,7813;0
21/10/2013;274,4267;22,4029;31,3007;4,4695;0
22/10/2013;183,4142;21,9999;29,1415;3,9225;12,3943
23/10/2013;167,9151;21,7982;29,3571;3,9989;12,3943
24/10/2013;262,8073;21,8108;31,2325;4,5709;0
25/10/2013;267,6037;21,0323;31,8706;4,931;0
26/10/2013;256,6128;21,0379;30,5634;4,5709;0
27/10/2013;234,6525;21,9868;30,2013;4,2319;0
28/10/2013;262,4269;22,4142;30,8986;4,3387;0
29/10/2013;237,237;21,7637;29,693;4,093;21,7737
30/10/2013;238,4993;21,9191;30,3426;4,2707;0
31/10/2013;96,0812;22,5102;26,3884;2,7821;32,6606
1/11/2013;185,7411;21,9496;28,4163;3,6255;0
2/11/2013;185,4402;21,6027;29,3406;3,968;16,5006
3/11/2013;199,1111;22,2151;29,7099;3,9395;33,0012
4/11/2013;80,6256;21,8081;25,742;2,7184;99,0035
5/11/2013;230,688;21,5325;29,7325;4,067;16,5006
6/11/2013;145,9982;21,9273;28,3;3,5351;23,8846
7/11/2013;108,7983;21,9768;27,7718;3,3452;0
8/11/2013;186,9276;22,1221;28,6664;3,6133;15,9231
9/11/2013;238,6774;22,934;30,4334;3,9553;15,9231
10/11/2013;172,5877;22,2164;28,0035;3,3739;15,9231
11/11/2013;245,6209;22,1831;30,4517;4,1011;0
12/11/2013;247,8399;22,401;30,421;4,0793;0
13/11/2013;231,6165;21,8641;30,7769;4,3109;0
14/11/2013;169,1678;21,3699;27,929;3,5714;50,952
15/11/2013;178,7627;21,1622;28,5306;3,7852;0
16/11/2013;257,7615;21,645;30,3126;4,1709;0
17/11/2013;240,4078;22,2125;30,8687;4,2494;0
18/11/2013;148,0346;23,2966;29,0406;3,4009;10,7681
19/11/2013;178,6764;22,1021;28,8346;3,618;10,7681
20/11/2013;237,4828;22,6537;30,7131;4,0275;32,3043
21/11/2013;258,8768;22,2155;30,8241;4,1866;0
22/11/2013;239,5826;20,8406;30,1951;4,3028;0
23/11/2013;224,3037;22,5696;29,7093;3,7643;0
24/11/2013;194,9873;22,2073;29,4739;3,778;0
25/11/2013;234,7843;21,3348;30,0718;4,1427;0
26/11/2013;243,2464;21,24;29,9109;4,1067;0
27/11/2013;218,5967;21,4873;29,6726;3,9906;10,028
28/11/2013;172,7413;22,5994;29,0497;3,5241;20,0559
29/11/2013;220,884;22,1398;29,2998;3,7172;0
30/11/2013;195,9074;22,1758;29,0884;3,6598;0
1/12/2013;208,5391;23,1318;30,0966;3,7147;0
2/12/2013;159,805;23,7251;28,9429;3,1829;11,0137
3/12/2013;136,8515;22,4032;28,9754;3,5048;0
4/12/2013;203,1268;22,1463;30,0589;3,9206;11,0137
5/12/2013;194,9794;21,6434;29,6093;3,862;11,0137
6/12/2013;258,5874;21,4442;30,254;4,1277;0
7/12/2013;202,4704;22,4181;29,2016;3,6142;0
8/12/2013;222,4447;21,7689;30,4411;4,0924;0
9/12/2013;235,6144;22,1974;30,6602;4,0559;0
10/12/2013;237,5432;21,8292;30,996;4,2454;0
11/12/2013;183,2421;21,5353;29,8178;3,9946;0
12/12/2013;162,822;21,8892;28,7254;3,5533;24,3064
13/12/2013;199,5282;22,286;29,8199;3,7986;0
14/12/2013;255,7307;22,1592;31,1175;4,1739;0
15/12/2013;227,867;21,9065;30,817;4,1702;0
16/12/2013;165,5543;23,0062;28,9866;3,4038;0
17/12/2013;237,2239;21,9634;31,4119;4,3304;0
18/12/2013;222,4436;22,1809;30,6436;4,0776;0
19/12/2013;233,5931;22,7575;31,1778;4,112;0
20/12/2013;200,5575;24,1079;30,7832;3,6558;0
21/12/2013;220,1381;22,5697;30,934;4,05;0
22/12/2013;229,3205;22,794;30,8675;3,9903;0
23/12/2013;166,8334;21,9996;30,7831;4,0635;4,8456
24/12/2013;200,0378;20,454;30,8036;4,4075;0
25/12/2013;132,3925;22,9402;31,5596;4,0728;0
26/12/2013;246,5665;21,7874;32,621;4,7139;0
27/12/2013;245,7809;23,1385;32,7625;4,4859;0
28/12/2013;236,6338;22,1412;32,7326;4,7414;0
29/12/2013;231,8357;22,3984;32,7697;4,6825;0
30/12/2013;255,2939;23,7821;34,0853;4,7493;0
31/12/2013;216,1963;22,7184;33,743;4,8391;0
1/01/2014;229,8766;23,2188;32,7492;4,5415;0
2/01/2014;234,496;22,6665;32,912;4,6848;0
3/01/2014;203,1172;23,2229;32,5055;4,4739;0
4/01/2014;209,1681;24,1617;32,6909;4,2973;0
5/01/2014;195,9387;23,3249;32,4132;4,4204;0
6/01/2014;158,1087;23,6436;29,7915;3,5626;0
7/01/2014;122,7482;23,6238;30,9593;3,8715;0
8/01/2014;203,1011;23,9155;32,4388;4,2833;0
9/01/2014;217,3357;23,2305;32,578;4,4702;0
10/01/2014;273,6173;22,8143;33,6998;4,886;0
11/01/2014;245,7275;23,5453;33,7411;4,76;0
12/01/2014;257,8898;23,6438;34,1568;4,8644;0
13/01/2014;177,2719;23,7064;33,1052;4,5599;0
14/01/2014;221,2358;21,5862;34,1631;5,2719;0
15/01/2014;198,3536;22,9841;33,627;4,8757;0
16/01/2014;218,0917;22,9345;33,0903;4,7561;0
17/01/2014;226,7903;23,587;33,6155;4,7857;0
18/01/2014;157,1947;24,7775;32,1821;4,0889;22,7038
19/01/2014;160,1163;22,8168;31,8127;4,3915;0
20/01/2014;218,2899;23,2723;33,6048;4,8327;0
21/01/2014;216,7156;22,7644;33,1714;4,8628;0
22/01/2014;230,9543;23,2681;34,9701;5,2502;0
23/01/2014;249,8908;23,8946;35,9133;5,4152;0
24/01/2014;267,2118;24,0373;35,7016;5,378;0
25/01/2014;233,4242;23,8471;34,447;5,0761;0
26/01/2014;198,7891;25,0167;35,1885;5,0121;0
27/01/2014;217,2344;25,5902;34,7664;4,7822;0
28/01/2014;223,9988;24,719;34,2022;4,8422;0
29/01/2014;246,6001;25,2207;34,8305;4,9134;0
30/01/2014;236,4869;24,969;34,6003;4,9077;0
31/01/2014;213,3178;25,2418;33,805;4,6094;0
1/02/2014;202,6248;23,5898;34,876;5,2614;0
2/02/2014;239,0951;23,8011;35,5472;5,4531;0
3/02/2014;248,8046;24,5724;35,6027;5,3478;0
4/02/2014;206,176;25,6193;33,3007;4,4409;0
5/02/2014;171,4313;25,484;33,9831;4,6489;0
6/02/2014;128,7841;25,9061;32,2234;3,9566;0
7/02/2014;222,4382;24,9945;34,6915;4,938;3,7691
8/02/2014;215,348;24,239;33,7089;4,8821;0
9/02/2014;223,5526;24,1878;33,4755;4,833;0
10/02/2014;242,8477;25,7707;36,1643;5,2911;0
11/02/2014;183,3387;24,5411;33,2111;4,6603;0
12/02/2014;206,8119;23,3858;32,3103;4,6853;0
13/02/2014;254,6803;23,4975;34,3295;5,265;0
14/02/2014;256,6931;24,2519;35,3662;5,4408;0
15/02/2014;277,1323;24,4942;36,098;5,5858;0
16/02/2014;302,8057;23,6675;36,364;5,8211;0
17/02/2014;225,7962;24,4483;35,2011;5,3637;0
18/02/2014;168,7294;25,4628;33,7384;4,6884;0
19/02/2014;177,4336;25,6928;33,7475;4,6305;0
20/02/2014;223,4633;25,3737;35,2741;5,244;0
21/02/2014;210,6609;27,3196;35,0102;4,6376;0
22/02/2014;228,6119;26,6318;34,9985;4,8496;0
23/02/2014;219,9784;25,6289;34,9642;5,1114;0
24/02/2014;230,2484;25,9701;34,2066;4,7607;0
25/02/2014;194,023;24,2934;33,3252;4,8775;0
26/02/2014;219,6543;25,0078;33,7588;4,8521;0
27/02/2014;214,4129;23,5319;31,5235;4,4399;12,1858
28/02/2014;93,5356;22,5624;27,1631;3,1483;24,3716
1/03/2014;151,9355;23,1965;29,4909;3,7959;0
2/03/2014;161,3535;23,2971;30,0245;3,9381;0
3/03/2014;130,8715;23,7541;30,4653;3,9973;0
4/03/2014;207,1036;23,7756;31,6063;4,4232;0
5/03/2014;218,2169;23,9296;31,7314;4,4501;0
6/03/2014;226,2821;24,2201;31,0275;4,1627;0
7/03/2014;245,9107;23,4357;32,1297;4,651;0
8/03/2014;250,6188;23,258;32,8552;4,8654;4,9302
9/03/2014;210,7951;23,292;31,7324;4,5235;2,4651
10/03/2014;181,3443;22,8851;30,6257;4,2836;4,9302
11/03/2014;214,8706;23,4107;31,6894;4,5461;0
12/03/2014;256,8367;23,3617;32,5953;4,8678;0
13/03/2014;251,6363;24,0482;33,0674;4,8972;6,1508
14/03/2014;226,2537;22,8536;31,1726;4,4537;12,3016
15/03/2014;172,4831;22,5111;30,5021;4,326;18,4525
16/03/2014;228,2085;23,3851;31,32;4,4504;0
17/03/2014;265,1644;22,828;32,3815;4,9585;0
18/03/2014;265,1526;23,1867;32,8361;5,0314;0
19/03/2014;210,5972;22,6786;31,4588;4,678;4,5964
20/03/2014;272,7181;23,1126;32,7473;5,0063;0
21/03/2014;273,1718;22,8845;32,8767;5,141;0
22/03/2014;241,6614;23,2582;32,3171;4,8111;22,2296
23/03/2014;236,3175;22,5356;30,9241;4,5269;0
24/03/2014;253,4722;22,6455;31,432;4,5947;11,1148
25/03/2014;228,946;21,891;31,0488;4,6076;11,1148
26/03/2014;212,1272;22,2502;30,4649;4,3672;3,5073
27/03/2014;228,8919;22,0714;30,6779;4,5158;3,5073
28/03/2014;242,3391;22,3533;31,4894;4,7463;3,5073
29/03/2014;318,8235;21,8996;33,0023;5,3501;0
30/03/2014;306,5335;22,1413;33,4414;5,4236;0
31/03/2014;281,4213;23,1207;33,3012;5,2023;0
1/04/2014;263,3402;22,4602;33,1705;5,2532;0
2/04/2014;151,9076;22,9121;28,708;3,6913;16,0253
3/04/2014;182,5491;22,9373;28,6011;3,6276;0
4/04/2014;234,9166;22,4058;30,6692;4,4693;0
5/04/2014;41,7963;22,9476;27,0361;2,9605;64,1014
6/04/2014;172,1194;21,3772;31,0089;4,6506;0
7/04/2014;149,0711;22,9575;27,9671;3,397;30,1314
8/04/2014;257,9584;22,7155;31,6197;4,6444;30,1314
9/04/2014;261,4802;22,2256;31,5796;4,7317;30,1314
10/04/2014;228,3125;22,4469;31,6469;4,6962;0
11/04/2014;238,0258;21,7799;31,3162;4,8059;0
12/04/2014;257,4797;22,1797;31,7123;4,8681;0
13/04/2014;279,2573;22,7808;31,811;4,7342;0
14/04/2014;263,6221;22,082;30,7284;4,5455;13,3701
15/04/2014;152,6945;22,7676;27,6328;3,3153;40,1103
16/04/2014;236,7771;22,0531;29,6346;4,1541;0
17/04/2014;218,826;22,4121;29,1058;3,9218;24,045
18/04/2014;173,3691;22,3556;28,6732;3,7446;12,0225
19/04/2014;169,9534;22,4296;28,5274;3,6624;12,0225
20/04/2014;178,6374;22,0638;29,4501;4,0464;12,0225
21/04/2014;141,9286;22,3253;28,1819;3,5842;27,0472
22/04/2014;229,9796;23,203;30,6801;4,1539;36,0629
23/04/2014;227,3281;22,7118;29,7746;4,0132;9,0157
24/04/2014;94,7103;22,9287;26,3814;2,7181;45,0786
25/04/2014;197,9953;22,4288;28,6692;3,7173;0
26/04/2014;171,6345;22,3281;27,941;3,5147;14,6888
27/04/2014;143,1721;22,5066;30,078;4,0992;0
28/04/2014;215,7626;22,3112;31,2509;4,5185;7,3444
29/04/2014;184,9434;22,4359;30,1794;4,1227;22,0332
30/04/2014;272,2734;22,6314;31,5465;4,5746;0
1/05/2014;206,4413;22,5457;30,9968;4,3584;10,1842
2/05/2014;193,9526;23,2154;30,6376;4,1662;0
3/05/2014;215,1429;22,1174;30,6367;4,4283;0
4/05/2014;257,2559;22,4469;30,976;4,3758;0
5/05/2014;208,7538;22,3755;29,8619;4,0358;10,1842
6/05/2014;243,4505;21,8228;30,7992;4,4642;0
7/05/2014;237,3707;22,5288;31,1568;4,4217;28,7927
8/05/2014;129,7527;22,4723;27,4288;3,232;14,3964
9/05/2014;58,3511;23,0205;25,1328;2,056;43,1891
10/05/2014;178,7501;22,2097;28,1768;3,5277;0
11/05/2014;90,6079;22,4948;26,2275;2,7384;0
12/05/2014;208,4451;22,1161;29,5725;3,9645;0
13/05/2014;244,3696;21,9049;31,1475;4,5788;0
14/05/2014;182,3826;22,5574;30,0133;4,0264;10,6191
15/05/2014;164,6181;22,5568;28,1281;3,4068;10,6191
16/05/2014;218,3316;21,9805;30,0172;4,1101;12,4368
17/05/2014;221,1406;21,8031;30,9451;4,3853;0
18/05/2014;176,6875;22,5542;29,0469;3,6643;12,4368
19/05/2014;69,2002;22,8188;27,0639;2,9112;24,8736
20/05/2014;228,1011;22,0012;31,4498;4,4882;24,8736
21/05/2014;243,0296;20,999;31,2901;4,7262;5,8078
22/05/2014;222,0569;22,9511;30,9519;4,1847;5,8078
23/05/2014;258,6258;22,9555;31,9047;4,5124;5,8078
24/05/2014;258,7685;22,1613;31,6705;4,612;5,8078
25/05/2014;250,3338;21,4942;31,4914;4,6637;0
26/05/2014;243,8863;21,7704;31,2755;4,5018;8,9187
27/05/2014;32,1194;22,2706;25,9819;2,6453;53,5123
28/05/2014;126,9688;22,0407;26,9516;3,0646;0
29/05/2014;84,2431;22,3212;25,9217;2,6019;0
30/05/2014;222,1378;21,1531;30,2277;4,2657;17,8374
31/05/2014;229,036;21,7136;30,3746;4,1934;0
1/06/2014;152,3803;22,0471;29,4772;3,8514;7,3519
2/06/2014;106,4936;22,6198;27,4785;3,0822;7,3519
3/06/2014;207,6909;22,1368;29,7184;3,8931;0
4/06/2014;164,886;22,1537;29,5397;3,8193;14,7039
5/06/2014;212,6199;21,8547;29,941;4,0665;7,3519
6/06/2014;108,4257;22,3966;28,3723;3,3948;0
7/06/2014;180,3869;23,0115;29,4067;3,5569;19,3622
8/06/2014;200,9559;22,0809;29,635;3,8721;0
9/06/2014;239,2979;21,817;29,9648;4,0557;0
10/06/2014;195,5515;21,6195;30,2084;4,1493;38,7243
11/06/2014;177,9788;21,6676;28,2532;3,5694;0
12/06/2014;203,7269;22,1398;29,036;3,6946;0
13/06/2014;156,5358;22,4413;28,5604;3,4635;0
14/06/2014;161,8;22,1504;28,4273;3,4978;78,4733
15/06/2014;129,4036;21,7421;27,173;3,185;0
16/06/2014;173,4853;21,9155;28,5669;3,5734;0
17/06/2014;61,0369;21,8296;26,0144;2,7446;0
18/06/2014;26,2683;21,8165;23,1008;1,4907;0
19/06/2014;49,8176;21,6647;24,2516;2,1258;0
20/06/2014;73,0541;21,0981;24,7325;2,5002;0
21/06/2014;118,1698;19,9914;26,1387;3,2742;0
22/06/2014;149,5971;20,7588;28,3062;3,7518;0
23/06/2014;144,7772;21,3954;27,8946;3,5465;0
24/06/2014;83,5476;22,1524;26,927;2,9676;23,9502
25/06/2014;104,273;20,7467;26,4337;3,1957;47,9004
26/06/2014;184,0431;19,4236;28,2217;3,9959;0
27/06/2014;251,9787;21,3335;30,6947;4,3404;0
28/06/2014;169,3117;22,3965;28,9919;3,5938;15,0186
29/06/2014;210,3987;21,552;29,4243;3,9384;15,0186
30/06/2014;140,7898;22,069;26,9947;3,0341;15,0186
1/07/2014;189,726;21,1148;27,6784;3,5371;0
2/07/2014;171,4125;22,0806;28,187;3,3974;20,8473
3/07/2014;196,2844;21,1067;28,8123;3,8592;0
4/07/2014;196,8042;20,9868;28,9642;3,9892;20,8473
5/07/2014;222,9985;21,3923;29,568;3,9802;0
6/07/2014;195,73;22,1928;29,2485;3,7365;0
7/07/2014;121,541;22,358;26,5481;2,8297;0
8/07/2014;81,0141;21,108;25,0225;2,6363;0
9/07/2014;172,6927;21,4541;27,5991;3,3825;0
10/07/2014;70,2793;21,4084;25,1836;2,607;0
11/07/2014;140,4454;21,0881;25,5862;2,8411;0
12/07/2014;84,0406;21,198;25,139;2,6394;0
13/07/2014;42,8267;21,5072;23,7445;1,9898;0
14/07/2014;176,2143;20,7668;28,9849;3,9175;0
15/07/2014;146,3942;21,2713;27,5432;3,4475;0
16/07/2014;226,1001;20,2311;28,802;4,1246;30,8934
17/07/2014;209,6431;20,5877;29,0226;4,0752;0
18/07/2014;214,2466;21,7177;29,7389;3,9875;0
19/07/2014;192,8143;21,2281;28,1781;3,7185;0
20/07/2014;184,6515;21,8906;27,3313;3,2748;0
21/07/2014;231,7722;21,7016;28,9725;3,8184;0
22/07/2014;72,9724;21,7886;27,2515;3,1897;44,1004
23/07/2014;221,3637;20,1474;28,9736;4,1521;0
24/07/2014;188,0211;21,4622;28,5505;3,8076;0
25/07/2014;219,5701;21,118;29,5814;4,1694;44,1004
26/07/2014;218,4182;21,2181;28,7205;3,9109;0
27/07/2014;219,9807;21,3738;29,3777;4,0103;0
28/07/2014;191,5446;20,3132;27,9688;3,8892;0
29/07/2014;178,8424;21,2814;27,7003;3,5874;0
30/07/2014;158,4511;21,5971;28,0301;3,5753;50,6098
31/07/2014;245,8155;21,6001;30,1327;4,2402;0
1/08/2014;85,1671;21,5951;26,2322;3,037;0
2/08/2014;168,9344;22,197;27,469;3,27;0
3/08/2014;248,5875;20,439;30,5508;4,609;0
4/08/2014;243,0825;22,6939;30,4362;4,1391;0
5/08/2014;168,0437;21,4052;27,7939;3,5897;61,3196
6/08/2014;220,0899;21,4793;29,5313;4,0821;12,0824
7/08/2014;221,8925;21,8673;29,1403;3,9187;0
8/08/2014;242,9989;21,4269;30,2054;4,3404;12,0824
9/08/2014;190,0234;21,7108;27,6672;3,5208;0
10/08/2014;250,8269;22,2034;29,539;3,9774;12,0824
11/08/2014;238,6095;21,212;29,8322;4,268;0
12/08/2014;180,1184;21,017;27,7854;3,7658;0
13/08/2014;231,4006;21,3475;30,2341;4,3483;69,1978
14/08/2014;152,0165;21,2294;26,8746;3,3974;0
15/08/2014;196,5379;21,9359;28,1813;3,6593;0
16/08/2014;211,9617;21,7769;28,6688;3,8536;0
17/08/2014;156,8818;22,0169;27,748;3,4752;0
18/08/2014;176,8374;21,6447;27,9602;3,6377;0
19/08/2014;158,3614;21,5864;27,6107;3,5725;0
20/08/2014;115,3594;21,8388;26,5528;3,1516;0
21/08/2014;250,075;22,0325;30,4584;4,3763;0
22/08/2014;266,8791;22,323;30,92;4,4392;0
23/08/2014;253,712;22,2915;30,3008;4,2981;0
24/08/2014;254,6894;21,4233;30,9059;4,6727;0
25/08/2014;246,4584;21,6882;29,9197;4,2997;30,7063
26/08/2014;229,9354;21,4588;29,3251;4,1301;0
27/08/2014;252,2302;21,0519;30,1891;4,5101;0
28/08/2014;190,5984;21,6832;27,6989;3,6209;0
29/08/2014;270,0153;20,3275;30,4583;4,7622;0
30/08/2014;271,3089;19,9678;30,4129;4,8265;0
31/08/2014;287,3027;20,204;31,413;5,0975;0
1/09/2014;256,8696;21,7358;30,7514;4,5893;0
2/09/2014;219,6983;21,4649;30,222;4,4533;7,1754
3/09/2014;235,3514;20,9853;30,1902;4,5488;14,3508
4/09/2014;259,1589;21,9069;30,4085;4,4227;7,1754
5/09/2014;231,9702;20,7778;29,393;4,3859;0
6/09/2014;217,2982;21,6663;29,6009;4,2526;11,0065
7/09/2014;170,6449;21,6862;28,2494;3,8103;11,0065
8/09/2014;230,6495;22,0955;30,161;4,3176;0
9/09/2014;279,324;21,0169;30,9302;4,833;0
10/09/2014;218,9557;21,5587;29,3175;4,184;11,0065
11/09/2014;192,4761;21,5618;27,2792;3,5485;0
12/09/2014;229,3368;22,1776;29,2067;4,0035;0
13/09/2014;186,9933;21,6847;29,2235;4,0935;0
14/09/2014;236,3987;21,7358;30,7783;4,5246;25,0011
15/09/2014;258,8247;21,1487;30,5443;4,6229;0
16/09/2014;251,0222;21,3293;30,2584;4,5084;0
17/09/2014;268,8718;21,6009;30,6567;4,5993;7,3752
18/09/2014;242,4586;21,7526;30,044;4,3579;7,3752
19/09/2014;253,1999;22,6858;30,6477;4,3523;0
20/09/2014;243,63;21,876;29,9255;4,2884;14,7504
21/09/2014;262,2203;22,314;30,6949;4,5262;0
22/09/2014;256,5888;21,4217;30,3376;4,5627;9,6226
23/09/2014;265,6607;21,1945;30,4567;4,63;0
24/09/2014;272,5961;21,5189;30,9597;4,6735;19,2452
25/09/2014;271,4541;21,6722;31,5305;4,8554;0
26/09/2014;271,0664;21,8619;31,335;4,7439;0
27/09/2014;197,1853;22,8653;30,4487;4,2219;13,1382
28/09/2014;255,4948;21,9809;31,8022;4,8512;0
29/09/2014;260,1042;22,1444;31,3044;4,6877;0
30/09/2014;265,5993;21,5961;31,6776;4,8959;0
1/10/2014;275,962;20,9745;31,2148;4,8765;0
2/10/2014;250,6962;22,0138;31,4854;4,7521;0
3/10/2014;235,9181;22,1703;29,2504;4,0104;0
4/10/2014;255,5673;22,6297;30,6604;4,3141;0
5/10/2014;224,0125;22,358;29,9286;4,1566;41,97
6/10/2014;184,4261;22,1267;27,4922;3,4478;30,6526
7/10/2014;235,1462;22,4644;30,182;4,1784;0
8/10/2014;167,1547;22,4167;27,6835;3,3866;0
9/10/2014;170,6624;22,5198;28,6206;3,7008;0
10/10/2014;72,2464;22,4323;26,5356;2,9051;51,0877
11/10/2014;168,221;22,0303;28,4097;3,6647;0
12/10/2014;191,526;21,1404;29,3883;4,238;0
13/10/2014;167,4933;21,8251;28,4206;3,7472;0
14/10/2014;258,2011;21,4248;30,735;4,5023;26,9014
15/10/2014;243,3341;22,549;30,3653;4,2068;0
16/10/2014;282,4038;21,6947;31,7324;4,8259;0
17/10/2014;270,0218;22,7838;31,6967;4,5699;5,6605
18/10/2014;195,7816;22,3217;29,9761;4,1126;0
19/10/2014;238,5576;21,5733;30,0303;4,2901;5,6605
20/10/2014;237,5491;21,4235;30,6521;4,4666;11,3211
21/10/2014;260,8703;21,4734;30,9684;4,5654;0
22/10/2014;185,0835;22,1263;28,578;3,6759;33,5481
23/10/2014;260,2022;22,2146;31,0068;4,3974;0
24/10/2014;261,9084;22,4386;30,8069;4,3056;0
25/10/2014;195,2666;22,4063;29,4658;3,8922;8,387
26/10/2014;128,8537;22,6906;28,1508;3,3586;0
27/10/2014;202,5123;21,8097;29,3606;3,9795;22,5171
28/10/2014;194,6402;21,8702;28,9359;3,8343;0
29/10/2014;192,1104;21,4729;29,2887;4,0552;0
30/10/2014;236,0558;21,5031;30,8042;4,4985;0
31/10/2014;247,7084;22,3573;30,6344;4,2765;0
1/11/2014;225,2408;21,6527;30,4993;4,3462;6,179
2/11/2014;223,6181;21,4248;29,9981;4,2403;12,358
3/11/2014;263,8135;22,4762;30,9458;4,295;0
4/11/2014;249,6453;21,7735;30,8661;4,4454;0
5/11/2014;230,9988;23,7248;30,7832;3,9514;0
6/11/2014;223,1619;23,3287;30,9631;4,0557;12,2661
7/11/2014;162,7006;22,7445;28,8369;3,5179;36,7983
8/11/2014;219,1785;22,5364;30,175;3,9806;0
9/11/2014;225,0569;22,3693;30,9071;4,2133;12,2661
10/11/2014;235,5556;21,9904;30,2311;4,1624;36,7983
11/11/2014;193,1156;22,0233;28,5528;3,635;38,9646
12/11/2014;146,3671;22,8275;27,9783;3,2073;64,941
13/11/2014;166,7218;22,1855;29,0075;3,6951;12,9882
14/11/2014;167,6529;21,7955;28,2882;3,5225;0
15/11/2014;161,6519;21,8187;28,0472;3,4236;12,9882
16/11/2014;171,755;21,4348;27,387;3,3545;20,2149
17/11/2014;233,1296;21,3486;30,0464;4,149;0
18/11/2014;225,8144;21,9286;29,5048;3,8887;0
19/11/2014;203,8944;22,4322;29,3075;3,6776;0
20/11/2014;228,6325;22,0163;29,7008;3,8993;0
21/11/2014;201,0801;22,0904;28,904;3,6568;0
22/11/2014;203,4744;21,5075;28,9198;3,8132;0
23/11/2014;207,7781;22,0209;28,8647;3,6404;0
24/11/2014;235,4582;21,9426;30,3504;4,0667;0
25/11/2014;219,6754;21,9768;30,4015;4,1275;0
26/11/2014;252,6325;22,5093;30,4635;4,0209;0
27/11/2014;243,7257;21,8415;30,3173;4,1134;0
28/11/2014;236,7607;21,4559;30,4745;4,2321;0
29/11/2014;168,1;22,0557;28,6785;3,5684;0
30/11/2014;209,5749;22,2759;30,1131;3,9251;0
1/12/2014;213,4791;22,8836;29,8106;3,7351;23,9043
2/12/2014;250,6547;22,8143;31,189;4,1244;0
3/12/2014;243,9394;22,0227;31,0192;4,2771;0
4/12/2014;240,7631;21,3638;30,7691;4,3297;0
5/12/2014;185,6388;22,3409;29,5611;3,7113;23,9043
6/12/2014;179,8937;22,3265;28,7323;3,4915;25,302
7/12/2014;224,0465;22,3362;30,7201;4,0739;0
8/12/2014;211,5024;22,0445;31,0807;4,2371;0
9/12/2014;186,7396;22,0979;29,9582;3,9107;0
10/12/2014;195,5247;22,7736;29,9032;3,7252;0
11/12/2014;198,3795;23,4334;30,0277;3,5868;26,5716
12/12/2014;222,2732;22,1962;30,0066;3,8919;26,5716
13/12/2014;209,4608;22,4348;30,9398;4,0835;0
14/12/2014;245,0697;21,8233;31,6568;4,396;0
15/12/2014;232,7411;22,194;31,8684;4,3889;0
16/12/2014;229,2959;22,5058;31,3638;4,2004;0
17/12/2014;249,7801;22,1226;31,8587;4,4305;0
18/12/2014;224,1322;22,2413;30,9361;4,1727;0
19/12/2014;249,8448;21,5764;31,6858;4,5179;0
20/12/2014;243,7608;22,4119;31,5475;4,3004;0
21/12/2014;247,0407;22,5963;32,1816;4,4385;0
22/12/2014;261,9178;21,7148;32,6876;4,7394;0
23/12/2014;213,7861;20,6023;32,1363;4,7839;0
24/12/2014;194,8169;21,7603;31,7452;4,4992;0
25/12/2014;247,9317;22,1854;32,1913;4,526;0
26/12/2014;204,0235;22,2424;31,6957;4,4194;0
27/12/2014;247,0534;22,3009;33,9811;4,9495;0
28/12/2014;206,5268;22,2508;32,1063;4,5082;0
29/12/2014;229,9842;21,4398;32,6257;4,8165;0
30/12/2014;240,7899;22,6889;32,7753;4,5686;0
31/12/2014;211,7345;22,4248;31,3694;4,2674;0
1/01/2015;237,8311;22,0185;31,9205;4,5067;0
2/01/2015;243,5409;21,2598;32,5812;4,7976;0
3/01/2015;243,7042;21,1623;33,1265;4,9817;0
4/01/2015;226,011;21,792;32,0156;4,5991;0
5/01/2015;239,0544;22,7779;33,2996;4,7361;0
6/01/2015;270,4093;21,6035;33,7279;5,0386;0
7/01/2015;215,6309;20,863;32,573;4,8988;0
8/01/2015;185,409;21,8757;31,8777;4,5311;0
9/01/2015;131,0457;23,2157;30,7743;3,939;0
10/01/2015;137,683;22,7444;28,527;3,3921;0
11/01/2015;140,6534;22,1929;30,5447;4,0017;0
12/01/2015;186,0863;21,7639;31,3978;4,41;0
13/01/2015;235,1638;21,8417;31,9893;4,6359;0
14/01/2015;228,0059;22,662;32,1333;4,5282;0
15/01/2015;238,7131;23,0575;32,7626;4,6224;0
16/01/2015;248,417;22,6063;32,0477;4,4633;7,7951
17/01/2015;211,6572;22,532;30,8201;4,0867;7,7951
18/01/2015;217,8955;22,3364;30,7859;4,1371;38,9755
19/01/2015;238,1375;23,1553;31,9;4,3218;7,7951
20/01/2015;198,4878;23,1183;29,9885;3,7862;7,7951
21/01/2015;176,1981;23,1079;30,1862;3,819;0
22/01/2015;96,6078;21,8826;26,8879;3,0447;41,944
23/01/2015;217,0481;20,7717;29,3;4,0386;10,486
24/01/2015;201,3171;21,6382;29,794;4,0279;20,972
25/01/2015;236,8801;21,0296;30,685;4,4898;0
26/01/2015;259,1922;21,2053;31,8847;4,8023;0
27/01/2015;259,2508;21,7584;32,4704;4,9106;0
28/01/2015;238,4497;22,4546;31,7858;4,5885;0
29/01/2015;262,2548;22,4251;33,2126;4,9465;0
30/01/2015;247,0108;22,2602;32,377;4,7483;0
31/01/2015;201,6796;22,7316;30,0203;3,9277;0
1/02/2015;134,783;22,5577;27,8645;3,2546;31,3148
2/02/2015;162,8399;22,4118;29,1069;3,7071;0
3/02/2015;165,6492;21,9808;28,8769;3,7707;0
4/02/2015;219,9351;21,6066;30,7434;4,4358;0
5/02/2015;238,0345;22,1121;31,2699;4,5258;0
6/02/2015;216,1753;22,5426;31,3833;4,4947;0
7/02/2015;232,9745;23,1864;32,2629;4,6125;0
8/02/2015;205,3108;23,9981;32,7597;4,5645;0
9/02/2015;248,3146;23,477;33,1583;4,7969;0
10/02/2015;240,9867;23,7078;32,6125;4,6346;0
11/02/2015;260,3966;23,4048;32,7557;4,7665;1,9352
12/02/2015;217,7045;23,2533;32,3421;4,5914;3,8704
13/02/2015;189,4352;22,2029;30,5359;4,2189;0
14/02/2015;211,6451;22,152;30,4033;4,2473;1,9352
15/02/2015;239,6077;22,3465;31,9006;4,6901;1,9352
16/02/2015;256,6117;22,0117;31,7163;4,7703;0
17/02/2015;280,1279;22,2873;32,3493;4,8994;0
18/02/2015;288,6149;22,1008;33,5091;5,2647;0
19/02/2015;273,3351;22,9445;33,2072;5,0376;0
20/02/2015;237,2724;24,9152;32,6535;4,4395;0
21/02/2015;289,143;24,1911;34,2122;5,0603;0
22/02/2015;264,8921;24,0003;32,9578;4,7755;0
23/02/2015;246,6761;23,0467;31,8754;4,6546;0
24/02/2015;270,1684;21,9304;32,2754;5,021;0
25/02/2015;263,596;23,3238;32,3121;4,7555;0
26/02/2015;285,7346;22,0998;32,8923;5,1871;0
27/02/2015;264,4669;22,9595;32,424;4,8896;0
28/02/2015;199,5838;23,6588;31,3972;4,3155;0
1/03/2015;193,2671;22,5987;29,9594;4,1195;0
2/03/2015;265,7477;23,6766;33,0805;4,8907;0
3/03/2015;161,2302;24,4116;30,6494;3,9393;0
4/03/2015;240,3273;24,4596;33,7829;4,9166;0
5/03/2015;264,0008;23,2505;33,3258;5,1579;0
6/03/2015;237,8941;23,7901;31,9725;4,5479;0
7/03/2015;236,4965;22,896;31,6428;4,715;0
8/03/2015;108,844;24,4748;29,1927;3,3987;0
9/03/2015;80,7637;22,8753;26,9928;3,0577;0
10/03/2015;47,1429;22,4991;24,9387;2,283;0
11/03/2015;158,4171;21,7413;29,4952;4,1714;0
12/03/2015;227,4238;22,4129;32,3236;4,986;0
13/03/2015;226,7526;23,9185;32,5984;4,7538;0
14/03/2015;220,4696;24,4346;32,8447;4,7164;0
15/03/2015;235,6432;24,4388;33,8502;5,0907;0
16/03/2015;254,5015;24,109;33,3367;5,0069;0
17/03/2015;200,6553;24,8325;32,0593;4,368;15,5604
18/03/2015;111,5408;23,6411;29,0391;3,572;46,6813
19/03/2015;188,5964;23,2987;30,746;4,221;0
20/03/2015;214,7357;23,7287;30,1901;3,9789;7,7802
21/03/2015;183,6985;22,4912;30,1501;4,2345;23,6275
22/03/2015;225,9956;22,7816;31,2236;4,5621;0
23/03/2015;212,5562;22,2971;30,3123;4,4344;0
24/03/2015;255,3898;22,55;31,6079;4,7781;0
25/03/2015;261,5349;22,264;31,7917;4,8906;0
26/03/2015;279,7627;21,7187;32,8543;5,3496;0
27/03/2015;285,4053;22,4562;33,5267;5,4107;0
28/03/2015;209,0748;23,6169;31,664;4,5746;0
29/03/2015;129,8809;22,9196;27,8441;3,364;111,5408
30/03/2015;262,8188;21,532;31,9626;5,0147;0
31/03/2015;234,2115;22,8822;30,8469;4,4481;0
1/04/2015;148,537;22,8554;30,0121;4,0989;14,696
2/04/2015;226,8408;21,9969;31,0719;4,6624;29,3921
3/04/2015;82,9064;22,4084;26,0583;2,8227;29,3921
4/04/2015;152,6441;21,9511;29,2201;4,0737;0
5/04/2015;189,5653;23,1783;30,3583;4,1963;0
6/04/2015;206,0615;22,6934;30,4347;4,3521;0
7/04/2015;168,7744;22,7169;30,6328;4,3689;17,4873
8/04/2015;121,4955;22,2202;28,0112;3,5852;17,4873
9/04/2015;202,1899;21,491;29,751;4,3526;17,4873
10/04/2015;268,1214;22,5136;31,7018;4,7385;8,7437
11/04/2015;205,5874;22,5049;29,5884;4,053;5,8749
12/04/2015;232,1679;22,3551;30,0618;4,236;11,7498
13/04/2015;237,0998;22,0635;30,1566;4,3438;5,8749
14/04/2015;159,4104;22,3596;27,3084;3,3129;15,6665
15/04/2015;190,6337;22,1932;30,8926;4,5046;5,8749
16/04/2015;258,0805;23,2956;30,952;4,2849;38,4478
17/04/2015;240,1241;22,7389;30,6419;4,2947;19,2239
18/04/2015;232,0769;22,8716;30,135;4,1276;0
19/04/2015;190,5769;23,1083;29,6339;3,8755;19,2239
20/04/2015;191,558;22,3577;29,3751;3,98;0
21/04/2015;192,3199;22,3471;30,1684;4,1581;0
22/04/2015;228,0339;22,1901;30,1435;4,3055;0
23/04/2015;198,6436;22,2257;29,2369;3,981;44,3616
24/04/2015;182,0204;22,594;28,9461;3,7678;0
25/04/2015;79,5719;22,8671;25,6769;2,4301;0
26/04/2015;171,0459;22,186;29,027;3,8622;0
27/04/2015;236,1088;22,7859;30,785;4,3205;0
28/04/2015;217,9766;22,2302;30,5412;4,3157;36,6209
29/04/2015;248,2085;22,2652;31,085;4,529;0
30/04/2015;244,4417;21,7625;30,9428;4,5937;0
1/05/2015;221,9197;22,7152;31,1024;4,3821;15,4677
2/05/2015;239,432;22,1678;30,6908;4,4309;0
3/05/2015;243,9164;22,4244;31,4759;4,58;0
4/05/2015;273,3765;21,8259;33,1609;5,2228;0
5/05/2015;237,4941;23,0057;32,3214;4,6901;15,4677
6/05/2015;246,1132;23,0774;31,413;4,383;29,2782
7/05/2015;166,5603;22,5517;29,68;3,9119;0
8/05/2015;178,2266;22,5585;28,8409;3,6286;58,5565
9/05/2015;206,9559;21,6056;29,5415;4,1172;0
10/05/2015;177,7822;22,9767;30,7823;4,1838;0
11/05/2015;241,9854;22,7437;32,0248;4,6271;0
12/05/2015;205,7704;22,5036;30,4761;4,1847;0
13/05/2015;156,1872;22,675;30,1204;3,9763;0
14/05/2015;92,9028;22,6563;26,8424;2,9107;69,3778
15/05/2015;190,7927;22,368;29,9084;3,9551;0
16/05/2015;137,65;22,4294;28,6497;3,5819;15,83
17/05/2015;207,5311;22,3569;29,7444;3,949;15,83
18/05/2015;62,1885;22,4603;24,8834;2,1612;47,4901
19/05/2015;209,5614;21,3382;29,1278;3,9817;0
20/05/2015;230,2849;22,2656;30,4042;4,1895;0
21/05/2015;199,1939;22,4843;30,3358;4,0405;5,5613
22/05/2015;241,8237;23,196;30,2315;3,8963;5,5613
23/05/2015;194,1753;21,7264;29,1302;3,9001;5,5613
24/05/2015;243,5206;22,1268;30,6537;4,2372;5,5613
25/05/2015;170,9384;22,3281;28,6325;3,5869;16,684
26/05/2015;180,0897;21,6977;29,6612;4,0247;55,9035
27/05/2015;135,1156;21,8619;26,8468;3,1318;0
28/05/2015;202,9194;22,2043;28,4269;3,556;55,9035
29/05/2015;82,1639;22,0056;26,2758;2,863;0
30/05/2015;197,8345;20,9147;29,1472;3,9956;0
31/05/2015;191,2542;21,9174;28,7213;3,6931;0
1/06/2015;211,9013;22,2334;29,6575;3,8912;27,9767
2/06/2015;167,385;22,262;28,452;3,5163;55,9534
3/06/2015;138,5319;22,2244;26,9225;3,0212;0
4/06/2015;106,4819;22,3415;26,3645;2,7631;27,9767
5/06/2015;146,4649;22,3648;28,1796;3,3436;0
6/06/2015;223,4475;21,6321;30,5826;4,2355;0
7/06/2015;150,5717;21,6871;28,3684;3,6228;19,7534
8/06/2015;125,6486;22,2554;28,1318;3,3324;0
9/06/2015;137,3923;21,2853;28,0943;3,6134;9,8767
10/06/2015;160,495;21,7056;29,0335;3,7625;0
11/06/2015;97,5116;21,4382;25,7642;2,8303;72,1686
12/06/2015;196,5604;20,971;30,1025;4,2055;0
13/06/2015;105,2705;21,9358;26,8413;3,0264;72,1686
14/06/2015;179,5747;21,4306;29,197;3,8517;24,0562
15/06/2015;177,9464;22,3947;27,7124;3,2093;0
16/06/2015;101,9136;22,6489;26,8189;2,806;0
17/06/2015;213,0812;21,8188;29,0539;3,7723;0
18/06/2015;114,4566;22,6092;27,4816;3,0681;0
19/06/2015;118,9529;21,9979;26,9209;3,0149;0
20/06/2015;123,5222;21,9096;28,207;3,4367;41,9459
21/06/2015;159,5913;21,3717;27,3907;3,355;0
22/06/2015;119,4908;21,4231;26,5089;3,0309;0
23/06/2015;69,8566;21,0605;24,4019;2,4107;0
24/06/2015;196,4795;20,8789;29,2018;3,9518;0
25/06/2015;97,3437;21,6988;26,2143;2,8761;0
26/06/2015;124,5715;20,6407;26,7162;3,3404;0
27/06/2015;61,3937;20,5248;24,8987;2,8041;0
28/06/2015;80,0659;21,214;25,1023;2,5967;0
29/06/2015;104,0606;20,4797;25,6516;3,0332;0
30/06/2015;121,2731;21,4339;27,8384;3,4262;0
1/07/2015;122,7652;21,2583;26,1225;2,9596;0
2/07/2015;232,6004;20,2122;30,2278;4,4004;0
3/07/2015;231,1385;21,6033;29,5507;3,9804;0
4/07/2015;189,0764;22,5159;30,4075;3,9788;0
5/07/2015;149,6499;21,8021;28,1932;3,5018;70,9318
6/07/2015;51,9148;21,7815;25,2481;2,4837;34,9714
7/07/2015;154,2054;20,8396;27,7622;3,5681;0
8/07/2015;228,5669;21,6109;29,7505;4,0188;0
9/07/2015;225,4883;22,2514;29,7082;3,8976;0
10/07/2015;91,1103;22,276;26,4376;2,7844;0
11/07/2015;171,9368;21,6799;29,1259;3,8019;0
12/07/2015;180,8114;22,3815;27,4964;3,183;0
13/07/2015;261,1547;21,7593;30,2005;4,1566;0
14/07/2015;191,6526;22,1725;29,4483;3,8162;0
15/07/2015;137,9753;21,792;27,4032;3,297;0
16/07/2015;191,9062;21,9891;28,2944;3,5832;0
17/07/2015;216,0097;20,7914;29,8335;4,2527;0
18/07/2015;173,075;22,1214;28,8248;3,6268;0
19/07/2015;219,1551;21,2262;29,3619;4,0482;0
20/07/2015;106,5665;22,2212;26,338;2,8264;42,6125
21/07/2015;155,011;21,8791;27,3959;3,2598;0
22/07/2015;126,4044;21,3404;27,6493;3,4619;0
23/07/2015;201,4829;21,0156;28,4929;3,842;130,9138
24/07/2015;168,4537;20,9138;27,9852;3,7084;0
25/07/2015;242,8812;21,2468;29,1791;4,0058;0
26/07/2015;189,7655;21,3005;27,5841;3,5374;0
27/07/2015;135,5667;22,5163;26,4079;2,7772;0
28/07/2015;191,7731;21,474;28,7113;3,8255;0
29/07/2015;169,3291;21,8125;28,6815;3,7422;0
30/07/2015;76,4203;21,8952;26,482;2,9621;0
31/07/2015;110,0415;20,9802;26,2856;3,1796;0
1/08/2015;185,0856;20,8009;27,6701;3,7041;0
2/08/2015;195,9783;21,5702;30,0183;4,2015;0
3/08/2015;166,8275;22,422;28,5552;3,5724;0
4/08/2015;214,1485;21,8711;30,0379;4,1638;0
5/08/2015;227,4383;21,9069;30,2743;4,2111;58,9767
6/08/2015;241,7643;21,5003;30,3448;4,3861;0
7/08/2015;244,9409;21,6703;30,3468;4,3573;0
8/08/2015;146,4009;22,2268;28,4677;3,6217;88,8143
9/08/2015;248,7733;22,0381;31,0667;4,4887;0
10/08/2015;228,0357;22,498;30,094;4,111;0
11/08/2015;227,7685;21,7768;30,7423;4,4715;0
12/08/2015;256,138;21,4905;29,9983;4,3251;0
13/08/2015;171,5516;21,8444;27,6748;3,5307;0
14/08/2015;87,3369;22,7362;26,0538;2,6065;0
15/08/2015;191,2028;21,7419;29,0573;3,8942;0
16/08/2015;70,715;22,4383;26,555;2,9075;0
17/08/2015;251,4723;20,6344;29,5059;4,329;0
18/08/2015;265,8244;20,8381;30,5686;4,6395;0
19/08/2015;81,1033;22,542;26,8289;2,9659;0
20/08/2015;213,6882;21,7109;29,8897;4,2082;44,1956
21/08/2015;183,825;22,2411;29,8159;4,1158;0
22/08/2015;153,0231;23,3879;28,1862;3,2814;0
23/08/2015;169,0659;22,4259;28,6164;3,6965;0
24/08/2015;110,9121;21,9949;27,1526;3,327;0
25/08/2015;217,1948;21,6711;30,7421;4,4844;0
26/08/2015;251,9335;21,6947;30,963;4,6265;16,1329
27/08/2015;176,6711;22,8464;30,1034;4,0886;16,1329
28/08/2015;214,3373;22,3827;29,9265;4,163;0
29/08/2015;246,7245;22,6745;30,0332;4,17;0
30/08/2015;256,5962;22,1319;30,4125;4,3987;0
31/08/2015;246,4458;22,616;29,668;4,0831;0
1/09/2015;224,7537;21,8042;30,134;4,3751;0
2/09/2015;233,5069;21,7992;29,0834;4,0854;28,3918
3/09/2015;253,5851;22,2042;30,6544;4,4182;0
4/09/2015;218,9479;21,6645;29,373;4,1678;14,1959
5/09/2015;224,7958;21,457;31,0344;4,7019;0
6/09/2015;169,9746;21,7322;28,2846;3,7677;31,8114
7/09/2015;237,093;20,8542;30,1394;4,5775;0
8/09/2015;267,0172;22,51;31,6667;4,6861;0
9/09/2015;252,4881;22,6433;31,2478;4,5473;0
10/09/2015;214,8591;23,4253;31,4466;4,387;31,8114
11/09/2015;260,968;23,9545;31,9049;4,4639;34,5779
12/09/2015;289,0235;21,4452;32,4793;5,2296;0
13/09/2015;266,2811;20,7422;32,6382;5,3665;0
14/09/2015;258,9054;22,7893;32,0985;4,7867;0
15/09/2015;266,4979;21,789;31,4833;4,8648;0
16/09/2015;266,5505;22,732;31,7211;4,6835;0
17/09/2015;238,2986;22,724;30,1145;4,1766;5,5894
18/09/2015;196,0528;22,538;30,1338;4,2012;0
19/09/2015;205,2204;22,7054;29,6896;4,0624;0
20/09/2015;227,005;22,7781;30,7818;4,3394;16,7682
21/09/2015;284,5008;21,445;32,212;5,0872;0
22/09/2015;273,1389;23,7418;31,8439;4,5045;0
23/09/2015;271,3766;21,8847;32,3081;5,0931;0
24/09/2015;246,8513;23,4726;32,4474;4,7594;0
25/09/2015;271,8951;22,4937;32,7256;5,0523;0
26/09/2015;258,1854;22,3039;32,4026;5,0149;0
27/09/2015;286,4151;22,4126;33,6829;5,3488;0
28/09/2015;289,7926;21,0731;33,7099;5,6253;0
29/09/2015;282,2353;23,0784;33,4979;5,1326;0
30/09/2015;232,9097;22,849;31,6636;4,6512;29,3543
1/10/2015;248,3092;22,5675;31,5482;4,6022;28,4836
2/10/2015;259,0012;24,036;31,2415;4,1765;9,4945
3/10/2015;261,2547;22,3251;31,1564;4,5553;18,9891
4/10/2015;235,7934;23,2055;30,6362;4,2026;0
5/10/2015;270,0595;22,4758;31,4497;4,6346;18,9891
6/10/2015;245,3059;23,4952;31,4748;4,396;0
7/10/2015;267,6873;22,5293;31,7963;4,7258;0
8/10/2015;264,4245;23,3447;32,3467;4,6869;0
9/10/2015;277,9152;22,6573;32,85;5,0043;0
10/10/2015;267,3262;23,7389;32,6285;4,6952;0
11/10/2015;246,6192;22,7209;31,7708;4,652;0
12/10/2015;103,1246;22,4956;27,559;3,2745;39,7261
13/10/2015;154,8021;21,8552;28,32;3,7356;19,8631
14/10/2015;136,6859;22,5834;27,6965;3,2917;0
15/10/2015;216,0198;22,5788;29,3498;3,853;19,8631
16/10/2015;247,5209;23,0449;31,6213;4,4621;0
17/10/2015;162,3871;22,56;28,4838;3,608;0
18/10/2015;146,2522;23,0175;28,2535;3,4042;0
19/10/2015;248,4556;22,6537;31,4912;4,4725;29,4
20/10/2015;274,1578;23,34;32,1805;4,5512;0
21/10/2015;270,2475;21,5899;31,8958;4,8942;0
22/10/2015;274,2965;22,5019;31,8374;4,6438;10,9587
23/10/2015;256,0381;22,5082;31,0301;4,3886;32,876
24/10/2015;207,2781;23,2335;29,9633;3,9379;0
25/10/2015;234,2913;22,8494;30,4384;4,108;10,9587
26/10/2015;237,0106;23,5784;30,677;3,9922;0
27/10/2015;247,6956;22,1803;31,2698;4,4871;50,8647
28/10/2015;233,1585;22,7716;30,6739;4,1582;50,8647
29/10/2015;252,9345;23,2194;30,9526;4,1568;0
30/10/2015;267,3865;22,511;31,4647;4,4677;0
31/10/2015;258,1416;22,5556;31,5679;4,5176;0
1/11/2015;233,0219;23,4046;31,3044;4,2172;0
2/11/2015;190,3573;23,4381;29,6362;3,6412;20,5538
3/11/2015;232,7181;23,5658;30,7331;3,9733;0
4/11/2015;206,1796;22,4284;30,3701;4,0678;41,1076
5/11/2015;164,8201;22,4028;29,1313;3,7444;10,2769
6/11/2015;133,436;22,1293;26,749;3,0431;56,1647
7/11/2015;153,5355;22,1838;27,4207;3,2032;37,4431
8/11/2015;153,4911;22,3813;30,1891;4,012;0
9/11/2015;211,8798;21,8275;30,5329;4,2321;0
10/11/2015;204,6964;21,5838;29,6914;4,088;0
11/11/2015;247,1623;22,4454;30,3724;4,0464;0
12/11/2015;231,8063;22,2999;30,2171;4,0362;0
13/11/2015;223,4267;21,4935;30,494;4,2896;0
14/11/2015;126,5942;22,8083;27,217;2,9243;0
15/11/2015;136,7574;22,3584;28,0772;3,3381;0
16/11/2015;124,6445;23,0098;28,5365;3,2767;0
17/11/2015;149,8948;22,7153;28,3676;3,3401;0
18/11/2015;222,8928;23,0361;30,888;4,0083;82,2625
19/11/2015;244,8081;22,3807;30,9411;4,2159;0
20/11/2015;247,2594;22,802;31,0231;4,1282;0
21/11/2015;165,533;22,7467;29,0603;3,5651;0
22/11/2015;203,0438;22,7279;30,9879;4,1098;0
23/11/2015;235,3425;22,7863;30,4602;3,957;0
24/11/2015;228,6784;23,6429;30,9161;3,8734;50,99
25/11/2015;260,9154;22,6619;31,3352;4,2322;0
26/11/2015;265,0122;21,8761;31,6502;4,5047;30,1634
27/11/2015;222,6937;21,703;30,793;4,2668;0
28/11/2015;245,1968;23,188;30,7305;3,9106;0
29/11/2015;192,6645;23,4936;29,8105;3,5637;0
30/11/2015;198,255;23,6279;30,9018;3,8648;0
1/12/2015;241,177;23,9332;31,9694;4,1111;0
2/12/2015;193,0591;22,5406;28,847;3,5343;0
3/12/2015;116,5021;22,3417;26,4782;2,7575;0
4/12/2015;213,2079;22,0604;30,338;3,9785;0
5/12/2015;246,7505;22,6493;30,9131;4,0637;0
6/12/2015;244,6846;22,6892;30,8034;4,0359;0
7/12/2015;226,2225;22,3566;30,595;4,0498;0
8/12/2015;241,8329;22,558;30,9013;4,0927;0
9/12/2015;247,6994;22,0116;31,4112;4,3573;0
10/12/2015;238,4056;21,8496;31,6096;4,4542;0
11/12/2015;205,0537;22,0176;30,5602;4,1019;0
12/12/2015;247,5691;21,8854;31,2872;4,3482;0
13/12/2015;196,3026;22,2273;30,1908;3,9393;0
14/12/2015;227,798;22,6104;30,611;3,9657;0
15/12/2015;224,6963;22,5571;30,5005;3,9419;0
16/12/2015;194,0724;22,0045;29,7427;3,8205;122,5743
17/12/2015;163,8719;22,1242;29,2423;3,6679;0
18/12/2015;122,585;22,322;26,9972;2,9342;0
19/12/2015;129,6906;22,5912;29,3023;3,5133;0
20/12/2015;248,1189;21,9408;31,821;4,4322;0
21/12/2015;243,513;21,629;31,8505;4,5108;0
22/12/2015;223,6427;21,7044;30,3439;4,0846;0
23/12/2015;240,5321;22,3705;30,9935;4,1665;0
24/12/2015;255,1685;21,4569;31,4146;4,4318;0
25/12/2015;218,8283;22,1849;31,1562;4,2448;0
26/12/2015;251,0802;21,8021;31,668;4,4559;0
27/12/2015;228,9287;21,5575;31,0378;4,3602;0
28/12/2015;197,8805;23,3311;30,6987;3,8544;0
29/12/2015;150,7413;22,2182;31,5722;4,3072;0
30/12/2015;119,0141;22,9966;27,6111;2,9595;0
31/12/2015;194,0657;22,7009;30,7742;4,0091;0
1/01/2016;226,9136;23,3972;31,1101;3,9753;0
2/01/2016;173,0175;23,5857;31,3687;4,0122;0
3/01/2016;229,534;22,7299;32,1425;4,4292;0
4/01/2016;249,0692;23,8182;32,1588;4,219;0
5/01/2016;238,8344;23,7917;32,5947;4,3587;0
6/01/2016;221,8069;24,6199;32,4784;4,1699;0
7/01/2016;192,2266;24,1569;31,6039;4,0094;0
8/01/2016;214;24,9775;33,0869;4,2425;0
9/01/2016;190,0574;25,734;33,0692;4,0856;0
10/01/2016;217,7719;25,2541;33,7383;4,4073;0
11/01/2016;205,8755;25,0813;34,2317;4,5732;0
12/01/2016;231,2466;25,486;34,6702;4,6298;3,5767
13/01/2016;208,1927;25,4332;33,7671;4,3932;0
14/01/2016;259,2015;23,2027;34,3997;5,0605;0
15/01/2016;283,3299;23,0284;35,2616;5,3154;0
16/01/2016;287,4092;23,2269;35,448;5,3411;0
17/01/2016;288,4431;22,975;35,4654;5,4057;0
18/01/2016;293,4656;22,7565;35,4791;5,4447;0
19/01/2016;292,1148;21,3402;35,4413;5,6844;0
20/01/2016;273,0462;23,8875;35,5951;5,2583;4,0559
21/01/2016;248,9911;24,4126;35,0004;5,0455;0
22/01/2016;265,3163;25,3148;35,7947;5,0809;0
23/01/2016;246,4455;25,1196;35,9916;5,2117;0
24/01/2016;236,5353;24,8682;35,5618;5,1968;0
25/01/2016;270,1277;25,0794;36,8086;5,4993;0
26/01/2016;300,9638;24,1376;36,7715;5,6929;0
27/01/2016;299,9954;25,5048;36,4533;5,3002;0
28/01/2016;287,0093;24,2436;36,3047;5,5533;0
29/01/2016;290,2331;23,8945;36,5136;5,6978;0
30/01/2016;279,0578;23,86;36,8856;5,7957;6,2029
31/01/2016;240,7025;24,8599;35,6423;5,2673;0
1/02/2016;303,4037;24,6986;37,0144;5,657;0
2/02/2016;273,5344;24,5405;36,9488;5,7115;0
3/02/2016;240,0602;25,3193;35,1462;5,0589;0
4/02/2016;241,9183;26,2443;34,9398;4,7738;0
5/02/2016;254,4033;26,1751;35,7669;5,051;0
6/02/2016;244,5068;24,4399;36,0068;5,5417;0
7/02/2016;215,3684;26,0081;34,4069;4,682;0
8/02/2016;141,3025;24,8228;31,5993;3,971;0
9/02/2016;175,3962;24,6188;32,5955;4,3894;0
10/02/2016;180,661;25,0585;30,7946;3,6911;0
11/02/2016;225,2845;23,7568;32,1561;4,4822;0
12/02/2016;225,5845;24,1576;32,6061;4,5354;0
13/02/2016;214,9172;24,4806;32,8613;4,5591;0
14/02/2016;201,1899;24,8561;32,7591;4,451;0
15/02/2016;130,5358;24,7001;29,9125;3,5183;0
16/02/2016;247,5724;24,1949;34,0138;4,9851;0
17/02/2016;241,5243;23,5612;33,3807;4,9509;0
18/02/2016;236,395;24,7825;33,0742;4,604;11,7135
19/02/2016;254,8702;25,18;33,9147;4,8038;0
20/02/2016;219,638;24,7194;33,9294;4,9216;0
21/02/2016;168,7693;25,9658;31,8769;3,8893;0
22/02/2016;192,2441;25,5523;32,4652;4,2022;0
23/02/2016;226,8624;25,21;34,5229;4,9955;0
24/02/2016;193,2936;24,9148;32,5254;4,3921;0
25/02/2016;216,4995;24,4211;32,9166;4,6555;29,2285
26/02/2016;210,7858;24,5642;33,1909;4,6868;5,8083
27/02/2016;230,4508;26,014;34,2419;4,7325;0
28/02/2016;278,8938;25,9933;36,2183;5,3965;0
29/02/2016;269,9628;24,7628;36,2258;5,7266;5,8083
1/03/2016;207,7023;26,7753;33,3494;4,3087;0
2/03/2016;222,5677;24,2284;32,8516;4,7701;0
3/03/2016;241,9957;24,3668;33,4399;4,8604;0
4/03/2016;264,5163;24,4661;34,4155;5,1218;0
5/03/2016;276,149;25,3753;35,2091;5,2158;0
6/03/2016;277,2864;25,1728;35,5144;5,4411;0
7/03/2016;220,8458;26,433;34,276;4,7234;0
8/03/2016;224,3262;25,7116;33,8263;4,7226;10,1302
9/03/2016;250,1309;25,135;35,2045;5,3382;0
10/03/2016;272,2798;25,6839;36,2648;5,5808;0
11/03/2016;253,8371;26,9099;36,01;5,2306;0
12/03/2016;236,3436;27,1012;34,7752;4,738;0
13/03/2016;176,274;26,8817;32,131;3,8486;0
14/03/2016;262,5764;25,1943;34,969;5,2149;0
15/03/2016;118,8934;23,6839;29,1537;3,5907;64,247
16/03/2016;143,4678;23,6707;29,1557;3,6235;0
17/03/2016;122,3975;24,1742;27,5216;2,8335;0
18/03/2016;211,4812;23,5496;31,5714;4,4416;17,412
19/03/2016;167,9359;23,655;30,7657;4,1313;17,412
20/03/2016;255,5818;23,5204;32,926;4,9381;0
21/03/2016;233,2507;23,0593;31,6485;4,6188;0
22/03/2016;261,7432;23,6666;33,0849;4,9852;0
23/03/2016;273,2309;24,0832;33,9462;5,1347;18,943
24/03/2016;295,2387;22,8141;34,3947;5,6117;0
25/03/2016;290,8147;23,2596;33,8848;5,3749;0
26/03/2016;199,2678;24,8775;33,7688;4,9093;0
27/03/2016;264,7612;24,4237;33,6414;4,9921;0
28/03/2016;201,2292;24,1444;31,014;4,1101;0
29/03/2016;203,8827;23,3584;30,2009;4,0909;16,6245
30/03/2016;136,6694;23,9308;29,4347;3,63;83,1224
31/03/2016;195,8395;23,4535;31,5503;4,43;33,2489
1/04/2016;227,5467;23,0059;31,0149;4,3976;0
2/04/2016;36,4915;22,9931;27,2765;3,0657;51,0412
3/04/2016;250,6955;21,7274;31,0885;4,7057;0
4/04/2016;145,099;23,0194;28,1431;3,4493;76,5618
5/04/2016;172,0495;22,7493;30,4641;4,2586;0
6/04/2016;200,4116;23,366;29,6154;3,8546;26,7439
7/04/2016;220,9739;22,9838;31,0881;4,4391;13,372
8/04/2016;230,0494;23,0345;31,4743;4,5519;13,372
9/04/2016;111,8732;23,4777;29,3977;3,6958;26,7439
10/04/2016;182,111;23,1133;30,1396;4,0885;13,372
11/04/2016;239,3728;22,9233;32,06;4,7503;0
12/04/2016;89,8019;23,4364;26,7669;2,7296;88,6173
13/04/2016;243,0638;22,5379;31,4475;4,6124;14,7696
14/04/2016;180,6952;23,1189;29,8656;3,9992;14,7696
15/04/2016;160,5204;23,1149;28,7743;3,646;0
16/04/2016;205,2597;23,5599;30,3344;4,0406;0
17/04/2016;192,1307;23,5313;31,3595;4,3285;26,4754
18/04/2016;238,9534;23,5258;32,1342;4,6246;0
19/04/2016;248,1611;22,9005;31,7487;4,6643;0
20/04/2016;189,5044;23,1382;30,0746;4,0671;26,4754
21/04/2016;217,5284;23,0727;30,6876;4,2497;0
22/04/2016;95,9278;22,9511;27,3462;3,0924;40,5794
23/04/2016;238,0059;22,2059;31,4894;4,6146;13,5265
24/04/2016;165,1926;23,2376;29,5465;3,8312;54,1058
25/04/2016;231,8202;23,3435;31,6859;4,4392;0
26/04/2016;238,6901;23,3942;31,3632;4,3697;0
27/04/2016;194,4026;23,8172;30,5466;3,9951;9,7831
28/04/2016;184,7335;23,2644;30,3333;3,9998;29,3494
29/04/2016;145,8229;22,0335;27,4828;3,3867;48,9157
30/04/2016;93,4549;22,9853;26,841;2,841;0
1/05/2016;173,2459;21,8383;27,7826;3,4995;0
2/05/2016;267,5806;22,2864;30,8578;4,3617;0
3/05/2016;146,6712;22,6154;28,5001;3,5417;0
4/05/2016;143,6948;22,6748;28,1311;3,4001;0
5/05/2016;224,0284;22,2675;30,4834;4,2547;0
6/05/2016;136,0037;23,4134;27,7048;3,0456;8,0179
7/05/2016;185,6447;23,0947;29,1768;3,6281;0
8/05/2016;203,3658;22,6294;28,5969;3,6008;8,0179
9/05/2016;187,4807;23,018;29,6775;3,8025;24,0537
10/05/2016;194,316;22,739;30,3321;4,0919;0
11/05/2016;266,1003;22,2669;30,9399;4,3973;0
12/05/2016;220,9614;22,9654;30,5957;4,1112;0
13/05/2016;202,1319;22,5446;29,0344;3,7657;87,9985
14/05/2016;129,5558;23,2735;28,8227;3,4262;0
15/05/2016;222,9046;22,8452;30,0111;3,9549;0
16/05/2016;199,6313;22,8026;29,5134;3,8126;0
17/05/2016;124,8378;23,1768;28,4364;3,3345;0
18/05/2016;123,7273;22,4235;28,7221;3,5981;0
19/05/2016;175,9119;22,5766;28,0345;3,3725;88,5363
20/05/2016;191,4033;23,247;29,3113;3,6119;0
21/05/2016;169,0303;22,6928;29,1215;3,6897;0
22/05/2016;125,7074;23,1636;28,4107;3,2637;0
23/05/2016;141,0297;23,0225;29,2993;3,6127;0
24/05/2016;162,589;22,8196;28,2505;3,3483;26,0829
25/05/2016;182,6312;22,7319;28,7569;3,5144;0
26/05/2016;118,4808;22,9208;28,1452;3,2292;14,0688
27/05/2016;133,5567;22,4277;26,9894;3,0205;28,1376
28/05/2016;60,207;22,8393;25,4235;2,2195;28,1376
29/05/2016;62,5645;22,4351;24,7607;2,0813;0
30/05/2016;147,3344;21,726;28,3196;3,5863;0
31/05/2016;164,4831;21,6261;27,8591;3,4792;28,1376
1/06/2016;173,1591;22,6157;28,8205;3,5258;0
2/06/2016;243,2787;22,2643;29,931;3,9851;0
3/06/2016;219,3346;22,9524;30,3424;3,9302;0
4/06/2016;268,0364;22,6932;30,9483;4,184;0
5/06/2016;237,0582;21,4898;30,8735;4,4307;0
6/06/2016;223,6357;23,2525;30,1193;3,8036;0
7/06/2016;172,5631;22,7762;27,9854;3,2343;25,2614
8/06/2016;190,451;22,518;29,8206;3,8287;0
9/06/2016;197,6838;21,6791;28,3755;3,6426;0
10/06/2016;193,1477;21,9117;27,8937;3,4103;50,5228
11/06/2016;202,0262;21,2958;28,3058;3,6718;0
12/06/2016;171,8407;21,8233;27,7418;3,3656;29,2474
13/06/2016;66,2722;21,7506;24,8041;2,3413;29,2474
14/06/2016;98,5777;21,3723;26,1585;2,9342;29,2474
15/06/2016;152,0887;21,0389;27,3604;3,4189;0
16/06/2016;170,4703;21,917;26,4914;2,933;0
17/06/2016;175,2213;21,9995;28,2696;3,464;0
18/06/2016;161,8388;22,3201;27,7177;3,2329;0
19/06/2016;60,4821;21,5546;24,8418;2,4199;34,2038
20/06/2016;90,8804;21,1941;25,795;2,8589;34,2038
21/06/2016;109,7519;21,037;25,9677;2,9845;0
22/06/2016;211,1009;21,2403;28,7749;3,7873;0
23/06/2016;199,7661;21,176;29,2044;3,9238;0
24/06/2016;113,0263;22,1448;26,2955;2,7704;0
25/06/2016;139,6563;21,672;27,5399;3,3106;0
26/06/2016;95,3104;21,6314;25,3482;2,5845;0
27/06/2016;234,2369;21,0246;29,6696;4,1018;0
28/06/2016;133,8936;22,3417;28,219;3,3433;0
29/06/2016;184,1971;21,4341;28,5556;3,7148;0
30/06/2016;120,593;22,4577;26,5077;2,7465;0
1/07/2016;42,4587;22,0612;23,7328;1,7069;0
2/07/2016;176,2789;21,009;28,4428;3,717;0
3/07/2016;133,7238;21,9396;27,4156;3,203;84,0305
4/07/2016;37,856;21,919;24,5852;2,1672;0
5/07/2016;146,7432;21,3787;27,8938;3,4779;0
6/07/2016;149,0374;21,2568;26,9487;3,3069;34,3312
7/07/2016;57,289;21,9084;25,2621;2,4606;17,1656
8/07/2016;222,0453;19,5726;28,9749;4,1965;0
9/07/2016;238,7947;21,0596;30,5261;4,3647;0
10/07/2016;206,026;20,7673;29,3475;4,0988;0
11/07/2016;188,9156;21,0769;28,637;3,8724;26,7059
12/07/2016;212,8868;20,6939;29,4621;4,1568;0
13/07/2016;198,0554;22,6086;29,0385;3,5917;0
14/07/2016;236,6573;21,1308;30,1667;4,2647;26,7059
15/07/2016;215,1033;21,395;30,0106;4,183;0
16/07/2016;170,6604;21,4481;29,1479;3,8903;14,0368
17/07/2016;171,2453;21,6422;27,3619;3,324;0
18/07/2016;189,2242;20,6444;28,7712;3,9698;28,0736
19/07/2016;151,7714;20,7119;27,5986;3,6452;0
20/07/2016;79,5377;21,8886;25,7396;2,6798;14,0368
21/07/2016;113,5969;21,2535;26,6857;3,1921;0
22/07/2016;206,491;20,7223;27,583;3,6465;0
23/07/2016;240,8309;20,9683;29,5267;4,1369;0
24/07/2016;215,1585;21,7919;29,259;3,9118;0
25/07/2016;97,1147;21,8164;26,0559;2,8352;0
26/07/2016;228,6659;21,2327;29,3806;4,0823;0
27/07/2016;143,416;21,0875;26,2416;3,1676;90,7953
28/07/2016;193,4011;21,0789;28,2497;3,7628;0
29/07/2016;122,4541;22,439;27,5339;3,2106;0
30/07/2016;124,9114;22,1214;27,1843;3,1649;0
31/07/2016;202,3128;21,3601;29,2688;4,018;0
1/08/2016;137,3753;21,4045;28,3114;3,7421;0
2/08/2016;115,7103;21,0798;26,2698;3,1736;0
3/08/2016;107,6158;21,4598;27,2965;3,3779;0
4/08/2016;249,3579;21,0551;30,5638;4,5236;0
5/08/2016;217,3713;22,3773;30,1836;4,1105;13,8596
6/08/2016;269,7452;20,53;31,1722;4,8126;0
7/08/2016;270,2935;22,0833;31,8308;4,7363;0
8/08/2016;173,3983;22,1092;28,7064;3,7574;87,5419
9/08/2016;179,8324;21,8827;29,3228;3,9537;29,1806
10/08/2016;213,7667;22,1251;29,2409;3,9218;0
11/08/2016;212,5908;21,4445;28,858;3,987;16,9662
12/08/2016;231,4455;21,8312;29,8424;4,1964;0
13/08/2016;220,1145;21,7384;29,4904;4,0989;0
14/08/2016;230,7781;20,8717;30,5402;4,5683;0
15/08/2016;238,5732;21,1207;30,5305;4,5762;16,9662
16/08/2016;237,3951;22,4407;31,0264;4,4251;29,136
17/08/2016;226,2777;21,8408;29,9163;4,2488;58,2719
18/08/2016;144,3253;22,4892;27,4487;3,2258;29,136
19/08/2016;251,5138;23,0759;30,7269;4,1918;0
20/08/2016;270,4953;21,7375;31,1839;4,665;0
21/08/2016;241,5382;21,3665;30,9617;4,6806;0
22/08/2016;182,7971;22,213;29,7842;4,0591;18,3103
23/08/2016;231,9943;21,5874;29,4417;4,1833;0
24/08/2016;204,5777;22,4651;29,7132;4,0506;0
25/08/2016;218,7098;22,1348;30,6753;4,3826;0
26/08/2016;168,2575;21,7831;28,5295;3,8222;0
27/08/2016;269,3771;21,5394;31,2533;4,7373;0
28/08/2016;281,7416;22,3573;31,8479;4,7615;0
29/08/2016;250,069;21,012;31,0111;4,8089;0
30/08/2016;251,2309;22,5591;31,0131;4,4886;59,8099
31/08/2016;250,6055;21,0915;31,3169;4,8714;0
1/09/2016;244,3929;21,9183;30,9129;4,5087;15,2947
2/09/2016;232,5494;21,9203;29,5575;4,1365;0
3/09/2016;241,9791;22,4204;30,2017;4,2445;0
4/09/2016;203,4553;21,8226;29,3441;4,1061;15,2947
5/09/2016;209,0855;21,838;30,1924;4,3459;0
6/09/2016;233,1241;21,7757;29,1237;4,0713;0
7/09/2016;154,8664;21,7015;27,0272;3,4026;33,2723
8/09/2016;264,0401;21,262;30,3275;4,5467;0
9/09/2016;238,0861;21,6378;30,3677;4,4224;22,1815
10/09/2016;194,5496;21,882;30,6266;4,4025;0
11/09/2016;204,2941;22,4309;29,6249;4,0488;7,1647
12/09/2016;282,3162;22,3384;31,6613;4,7119;0
13/09/2016;270,5451;21,9691;31,5836;4,8338;0
14/09/2016;98,0525;22,9672;26,777;2,9188;14,3294
15/09/2016;274,4913;20,2563;31,234;4,9587;14,3294
16/09/2016;270,4846;20,5431;31,3898;5,0188;0
17/09/2016;216,7083;21,0458;29,2976;4,2766;0
18/09/2016;243,9721;21,8358;30,3092;4,4575;18,3082
19/09/2016;174,5394;22,1363;29,8118;4,117;0
20/09/2016;251,2211;22,126;31,2998;4,6221;0
21/09/2016;251,4164;21,3242;30,6609;4,6714;0
22/09/2016;257,1847;22,2458;30,3954;4,3962;0
23/09/2016;255,5609;21,2305;31,2671;4,8586;0
24/09/2016;215,9094;22,2567;29,6941;4,1138;17,8334
25/09/2016;208,7881;21,673;29,5368;4,2087;11,8889
26/09/2016;271,039;21,6988;31,6252;4,796;0
27/09/2016;242,0153;21,4997;30,7666;4,6542;0
28/09/2016;253,091;21,5321;31,248;4,771;23,2107
29/09/2016;253,5968;22,538;30,7457;4,3852;0
30/09/2016;250,2785;23,0748;31,6173;4,5545;0
1/10/2016;187,398;22,8177;30,3594;4,189;27,7954
2/10/2016;228,0414;22,5279;31,0403;4,4171;27,7954
3/10/2016;215,5174;22,9901;29,8225;3,9516;0
4/10/2016;215,6857;22,0494;30,2691;4,34;0
5/10/2016;268,2696;22,9855;31,3244;4,4523;18,5303
6/10/2016;279,0199;22,9398;32,0618;4,7293;0
7/10/2016;242,7109;22,4326;30,2963;4,2342;13,8966
8/10/2016;262,9781;23,129;32,0203;4,6149;0
9/10/2016;117,5712;22,0884;27,2975;3,3439;60,7976
10/10/2016;278,1581;22,0785;31,3008;4,5722;0
11/10/2016;251,32;22,9483;30,968;4,3323;18,0056
12/10/2016;147,8663;22,4338;27,7226;3,3696;27,0085
13/10/2016;271,6513;21,0628;31,3131;4,8209;9,0028
14/10/2016;230,0834;22,5032;30,6084;4,2678;27,0085
15/10/2016;237,8701;22,262;30,9457;4,4345;9,0028
16/10/2016;267,8701;22,2543;31,5803;4,6249;0
17/10/2016;249,3088;23,0488;30,9918;4,287;0
18/10/2016;287,4197;22,5099;32,7981;4,9537;0
19/10/2016;262,5761;23,4026;32,4811;4,6692;0
20/10/2016;257,3401;22,4521;31,5228;4,5587;0
21/10/2016;263,3474;21,963;31,7209;4,7198;0
22/10/2016;239,6804;22,9715;31,3314;4,3824;0
23/10/2016;242,1402;22,022;30,7048;4,3493;26,1612
24/10/2016;239,605;22,1924;30,4513;4,2582;0
25/10/2016;202,0699;22,4827;29,7197;3,9729;8,7204
26/10/2016;248,7005;22,575;30,6465;4,2182;13,4818
27/10/2016;206,8119;23,23;30,1744;3,9385;13,4818
28/10/2016;96,86;23,1027;27,1691;2,8658;26,9635
29/10/2016;118,0519;22,1348;26,9663;3,0489;0
30/10/2016;263,388;20,0083;30,5049;4,6166;0
31/10/2016;257,0466;22,0105;30,8557;4,4525;0
1/11/2016;229,8772;22,1367;30,91;4,3793;0
2/11/2016;240,0897;22,2083;31,5574;4,5277;46,7068
3/11/2016;243,101;22,5352;31,7025;4,4764;0
4/11/2016;131,4703;22,7535;28,0403;3,2715;62,2757
5/11/2016;219,7612;22,4389;30,2427;3,9754;0
6/11/2016;244,2742;22,7333;30,7636;4,1393;0
7/11/2016;250,8274;23,5601;30,9873;4,0176;0
8/11/2016;230,9995;21,9494;30,891;4,3745;0
9/11/2016;243,8597;22,8506;31,1104;4,228;0
10/11/2016;228,5907;22,7091;30,3266;3,9896;0
11/11/2016;141,0875;22,5565;28,6824;3,4894;40,3613
12/11/2016;242,9301;22,1659;30,6205;4,1919;0
13/11/2016;235,6412;23,4107;31,378;4,1387;0
14/11/2016;165,5667;23,1316;29,0647;3,48;0
15/11/2016;202,7536;23,0846;30,9668;4,0478;5,7659
16/11/2016;185,7239;22,2078;29,476;3,7847;0
17/11/2016;208,2742;21,9458;30,4833;4,1446;0
18/11/2016;127,6495;22,67;27,8575;3,1944;8,2262
19/11/2016;73,7921;22,391;25,3314;2,3131;8,2262
20/11/2016;212,3454;21,1648;29,5707;4,043;0
21/11/2016;192,4901;22,7947;29,9069;3,7685;13,7599
22/11/2016;205,1159;22,7364;29,2439;3,5913;0
23/11/2016;238,9155;21,8299;30,9754;4,3083;13,7599
24/11/2016;236,3027;22,373;30,9284;4,1896;0
25/11/2016;184,7752;22,5619;28,8182;3,4741;68,7993
26/11/2016;242,7693;22,1455;30,5178;4,1074;0
27/11/2016;212,7129;22,1559;30,2773;4,0042;56,7192
28/11/2016;104,6623;22,4633;26,8061;2,8467;0
29/11/2016;97,0554;22,4646;26,0577;2,5677;18,9064
30/11/2016;201,2594;22,5048;30,7235;3,9619;0
1/12/2016;159,4533;22,972;28,8355;3,3445;0
2/12/2016;128,0271;22,5837;26,7716;2,7745;0
3/12/2016;55,8849;22,4603;24,4753;1,8693;59,1656
4/12/2016;240,3562;21,7737;30,6772;4,1135;0
5/12/2016;244,7429;21,7491;30,7841;4,2348;0
6/12/2016;241,4133;21,5343;30,3398;4,1415;0
7/12/2016;254,2999;23,0866;30,4075;3,8285;0
8/12/2016;244,4867;21,3712;30,2462;4,1672;0
9/12/2016;235,4894;22,0593;30,4178;4,0386;0
10/12/2016;224,7537;22,7757;30,4943;3,8423;0
11/12/2016;265,8087;20,6118;30,955;4,4864;0
12/12/2016;244,6832;21,8184;30,7311;4,1647;0
13/12/2016;264,6025;21,6684;30,9575;4,2801;0
14/12/2016;251,5223;21,9363;31,296;4,2969;0
15/12/2016;209,1809;21,987;29,3991;3,769;0
16/12/2016;218,1068;23,0866;30,1975;3,7367;0
17/12/2016;210,9179;22,8732;29,7645;3,6632;0
18/12/2016;240,7138;22,236;30,5437;4,0382;0
19/12/2016;236,6646;21,8477;29,7312;3,9163;0
20/12/2016;190,7075;22,7699;30,4936;3,8761;0
21/12/2016;165,4375;22,8649;28,421;3,2544;0
22/12/2016;181,7034;22,8404;30,6078;3,8873;0
23/12/2016;167,0417;23,3419;29,1118;3,3367;0
24/12/2016;199,9311;21,85;28,5863;3,569;0
25/12/2016;225,9499;21,2025;29,0817;3,8301;0
26/12/2016;194,0128;22,743;29,1117;3,5121;0
27/12/2016;230,7292;22,0993;30,0683;3,9437;0
28/12/2016;240,5695;21,7427;30,7921;4,2125;0
29/12/2016;223,133;21,9195;31,3792;4,3277;0
30/12/2016;113,4546;22,7388;28,2917;3,2186;47,3991
31/12/2016;81,128;22,063;26,569;2,7988;0
1/01/2017;215,6245;22,3078;30,0126;3,8289;0
2/01/2017;242,6858;22,2664;30,4297;4,0276;0
3/01/2017;167,6851;22,1241;28,9455;3,634;0
4/01/2017;154,383;22,8882;28,9131;3,3867;0
5/01/2017;142,4884;22,3698;27,5012;3,0749;19,5488
6/01/2017;200,6039;22,0917;28,8601;3,5832;0
7/01/2017;170,1293;22,1658;28,6099;3,5062;9,6262
8/01/2017;137,8843;22,2712;28,2161;3,3345;0
9/01/2017;207,3867;21,5949;29,0477;3,7792;6,5319
10/01/2017;217,8728;21,6654;29,1661;3,8199;0
11/01/2017;165,9436;21,9746;27,4412;3,2091;0
12/01/2017;194,7744;22,8581;29,5859;3,6403;0
13/01/2017;181,1113;22,0797;29,0212;3,6734;0
14/01/2017;168,9273;22,4817;28,3411;3,3591;0
15/01/2017;84,5646;22,7655;26,6805;2,727;0
16/01/2017;119,425;22,6331;27,8278;3,1465;0
17/01/2017;204,3512;22,2991;30,0909;3,9542;0
18/01/2017;215,9716;22,8793;30,6281;3,9809;0
19/01/2017;175,2929;23,1979;30,4262;3,8341;0
20/01/2017;179,7429;22,6016;31,0927;4,1486;0
21/01/2017;222,492;22,4506;30,2892;4,019;0
22/01/2017;164,0167;21,8681;28,7069;3,6296;6,8732
23/01/2017;226,9042;21,9923;29,7549;3,9745;0
24/01/2017;226,8105;22,9373;31,4967;4,2842;0
25/01/2017;205,2605;22,5148;29,9233;3,9389;0
26/01/2017;125,2901;21,6753;27,9042;3,4944;0
27/01/2017;101,6004;22,3255;28,738;3,531;6,5918
28/01/2017;170,4481;21,6472;28,7013;3,7126;0
29/01/2017;141,8907;21,9876;29,3628;3,8626;0
30/01/2017;168,0221;21,9169;29,6044;3,9843;0
31/01/2017;147,9108;22,3965;29,4724;3,8006;5,8705
1/02/2017;225,578;20,9492;30,6524;4,4863;0
2/02/2017;245,1469;21,789;30,5949;4,3473;0
3/02/2017;257,4202;22,2707;32,3301;4,7511;0
4/02/2017;266,3319;22,3904;32,5559;4,8336;0
5/02/2017;253,1001;22,2999;32,8825;4,9535;0
6/02/2017;267,6698;22,7437;34,217;5,2615;0
7/02/2017;250,1079;23,9166;33,5365;4,8123;0
8/02/2017;277,1833;22,9805;34,3605;5,2482;0
9/02/2017;274,1585;22,3175;33,8627;5,2806;0
10/02/2017;196,1507;23,7422;32,8855;4,6599;0
11/02/2017;185,1312;24,2136;33,3157;4,6794;0
12/02/2017;172,0215;24,0796;32,372;4,4465;0
13/02/2017;225,214;24,331;34,1322;4,9004;0
14/02/2017;187,2653;24,8684;33,0308;4,5207;0
15/02/2017;131,8127;24,0768;29,6691;3,6168;0
16/02/2017;170,8049;22,7107;31,0414;4,3707;0
17/02/2017;222,2611;23,2337;33,5125;5,0124;0
18/02/2017;199,1726;24,0863;33,0861;4,6891;0
19/02/2017;230,5807;24,2215;33,7551;4,9032;0
20/02/2017;265,3084;23,9675;34,4907;5,178;0
21/02/2017;244,5057;23,7968;33,7758;5,0242;0
22/02/2017;189,3338;23,138;30,2288;4,0423;32,9102
23/02/2017;115,6059;22,3491;27,7675;3,4113;32,9102
24/02/2017;230,0775;22,2171;30,9448;4,4377;0
25/02/2017;253,7003;22,454;31,2132;4,5066;0
26/02/2017;205,9609;22,6183;30,7528;4,3937;0
27/02/2017;189,9671;22,3868;30,3786;4,2699;31,9997
28/02/2017;275,8838;21,842;31,9616;4,9438;0
1/03/2017;202,6556;23,8197;30,4952;4,0347;0
2/03/2017;255,5376;22,456;31,9247;4,806;0
3/03/2017;263,4195;22,8735;32,7791;5,0064;0
4/03/2017;120,7614;23,4629;29,6462;3,8107;0
5/03/2017;161,7002;22,9908;29,1186;3,8037;7,6328
6/03/2017;118,4397;22,4929;29,4706;3,9576;0
7/03/2017;203,417;23,0666;29,8644;3,998;10,2587
8/03/2017;89,3929;23,128;26,6015;2,7929;30,776
9/03/2017;184,6183;21,9416;30,6667;4,4723;5,1293
10/03/2017;159,9562;22,6148;29,6726;4,0919;0
11/03/2017;92,9079;22,8334;27,7828;3,3231;9,1605
12/03/2017;199,6146;22,16;30,1375;4,2189;27,4815
13/03/2017;215,0839;21,798;29,5614;4,2053;9,1605
14/03/2017;270,4679;22,0726;31,772;4,844;0
15/03/2017;271,1658;22,0212;31,7384;4,8443;0
16/03/2017;238,2205;23,2161;31,8301;4,6621;0
17/03/2017;197,4964;23,2372;31,5249;4,5259;0
18/03/2017;219,8218;23,0977;31,6643;4,6102;0
19/03/2017;167,3062;22,9913;28,8334;3,6848;0
20/03/2017;109,3399;22,3665;27,9007;3,4968;4,8308
21/03/2017;202,3551;21,305;29,8182;4,4738;0
22/03/2017;112,3679;22,0615;26,5669;3,1538;31,5775
23/03/2017;142,0073;21,662;27,7289;3,6486;15,7887
24/03/2017;196,1143;21,8791;29,2981;4,0981;0
25/03/2017;186,0371;21,6522;28,294;3,8937;0
26/03/2017;190,0936;22,7236;29,4679;3,9822;19,1529
27/03/2017;195,3045;22,9409;29,8604;4,0699;31,9214
28/03/2017;210,1323;22,0643;30,8012;4,5331;12,7686
29/03/2017;222,3789;21,9186;29,7965;4,301;6,3843
30/03/2017;212,6582;22,6424;29,9805;4,2154;0
31/03/2017;233,8408;22,0593;31,5615;4,791;12,7686
1/04/2017;260,2853;22,8976;32,6634;4,9228;12,2965
2/04/2017;293,2797;22,2781;32,734;5,1756;6,1483
3/04/2017;297,5714;21,898;33,0912;5,359;0
4/04/2017;303,4046;22,1137;33,35;5,3995;0
5/04/2017;295,8708;21,9288;33,7236;5,4895;0
6/04/2017;278,2326;21,5937;33,6261;5,5334;0
7/04/2017;240,4354;23,1981;33,4799;5,1487;0
8/04/2017;250,0265;23,1353;32,9641;5,0158;0
9/04/2017;150,304;22,6752;29,0762;3,8287;7,0816
10/04/2017;195,1429;23,0086;30,7336;4,2584;7,0816
11/04/2017;203,9055;22,3087;30,2297;4,2677;16,8715
12/04/2017;108,4555;23,2171;27,5686;3,1115;16,8715
13/04/2017;175,2623;22,173;29,6082;4,0851;0
14/04/2017;142,1118;23,1276;27,985;3,3029;50,6144
15/04/2017;173,6926;22,1406;29,9441;4,2239;0
16/04/2017;189,8843;21,8676;30,8781;4,584;0
17/04/2017;156,5067;22,9697;28,4342;3,5008;13,1961
18/04/2017;238,189;22,7072;30,1534;4,1706;13,1961
19/04/2017;141,1639;22,1094;28,602;3,7473;13,1961
20/04/2017;256,8316;22,2574;31,0523;4,5604;13,1961
21/04/2017;104,113;22,7037;27,7531;3,3332;57,1552
22/04/2017;221,5614;22,2844;30,1533;4,2835;0
23/04/2017;192,7609;22,1998;29,765;4,1179;14,2888
24/04/2017;238,1952;22,4602;31,3533;4,5478;14,2888
25/04/2017;259,8221;22,8037;31,5793;4,5963;0
26/04/2017;239,6824;22,6769;31,5268;4,5475;46,2178
27/04/2017;255,3297;21,8382;32,5151;5,0553;0
28/04/2017;183,608;22,5714;29,6671;3,9928;0
29/04/2017;158,8398;22,9348;28,7386;3,6086;11,5544
30/04/2017;134,9391;22,4952;27,2673;3,2107;0
1/05/2017;218,6912;21,9658;29,2;3,9603;0
2/05/2017;96,3137;22,6878;25,9257;2,5745;0
3/05/2017;169,3142;21,7437;28,2094;3,6543;46,3588
4/05/2017;217,2918;22,0655;30,5333;4,2701;0
5/05/2017;116,4491;22,3254;26,5762;2,9935;46,3588
6/05/2017;171,0693;22,171;28,9741;3,7872;7,2487
7/05/2017;179,0892;21,7302;28,9966;3,9247;0
8/05/2017;195,9843;22,4329;29,8334;3,9806;21,7462
9/05/2017;201,277;22,6056;28,4921;3,5568;7,2487
10/05/2017;114,9361;23,1172;27,2417;2,9604;28,9949
11/05/2017;137,9706;22,4201;27,7048;3,3149;0
12/05/2017;174,1525;22,2004;29,011;3,8035;0
13/05/2017;229,2814;22,2577;30,2563;4,1959;0
14/05/2017;185,1325;22,7055;30,1513;4,0008;51,5106
15/05/2017;184,9473;21,4622;28,6511;3,9069;20,6042
16/05/2017;221,0114;22,3784;29,4793;3,8933;0
17/05/2017;161,5876;22,6537;28,4334;3,4724;0
18/05/2017;229,8541;22,7633;30,5342;4,1055;0
19/05/2017;241,4731;22,2406;30,8254;4,3169;0
20/05/2017;169,0245;22,8374;28,7688;3,5604;0
21/05/2017;254,9787;22,8791;31,3781;4,3297;0
22/05/2017;118,2678;22,0029;27,047;3,1936;8,3725
23/05/2017;256,1543;21,9533;30,8711;4,3518;8,3725
24/05/2017;132,0867;22,2196;28,1703;3,463;16,745
25/05/2017;242,3941;21,0577;30,3671;4,3576;0
26/05/2017;259,4223;21,5865;30,9059;4,4653;0
27/05/2017;245,3737;21,5354;30,197;4,2586;36,4718
28/05/2017;239,2901;22,0719;30,5287;4,2249;0
29/05/2017;239,5432;22,6749;31,1477;4,2985;0
30/05/2017;165,9336;23,0404;29,0521;3,5558;72,9436
31/05/2017;147,4313;22,5303;26,7902;2,9143;0
1/06/2017;139,6882;22,2638;28,7595;3,572;0
2/06/2017;188,3161;22,0636;29,0249;3,7547;0
3/06/2017;199,8817;21,893;30,0516;4,0938;29,0288
4/06/2017;112,6401;23,1193;27,5871;2,9696;0
5/06/2017;235,4897;21,7221;30,4515;4,225;14,5144
6/06/2017;214,5875;22,8902;30,5154;4,0025;0
7/06/2017;146,6813;22,9783;27,1579;2,8829;63,3717
8/06/2017;111,4151;21,9338;26,7255;2,9963;0
9/06/2017;230,1269;21,8318;29,7938;3,9777;0
10/06/2017;160,1799;22,3526;29,1744;3,6702;0
11/06/2017;187,363;22,9058;29,0955;3,5169;14,4095
12/06/2017;168,7978;21,8621;27,3588;3,2683;14,4095
13/06/2017;99,0606;22,6536;26,3996;2,6588;43,2284
14/06/2017;182,5758;21,9669;28,8207;3,6427;14,4095
15/06/2017;170,4332;21,771;27,6209;3,3421;0
16/06/2017;212,4178;21,3983;29,896;4,1008;3,4317
17/06/2017;225,4915;21,7498;29,5964;3,9667;6,8633
18/06/2017;183,4088;22,7511;28,5784;3,3961;0
19/06/2017;164,9139;22,2428;28,4363;3,467;3,4317
20/06/2017;137,5527;22,4404;29,3694;3,6171;10,295
21/06/2017;116,4964;21,0867;26,8701;3,278;0
22/06/2017;205,2398;22,0429;28,7419;3,6138;0
23/06/2017;182,5177;21,671;28,1994;3,5527;13,9085
24/06/2017;134,4866;21,3919;27,5321;3,4007;41,7256
25/06/2017;204,7018;21,8577;29,9434;3,9864;0
26/06/2017;135,8982;22,1988;27,5267;3,2081;55,6138
27/06/2017;226,4805;22,2538;29,4593;3,7886;0
28/06/2017;191,8484;21,5881;28,3877;3,6217;0
29/06/2017;114,218;21,5364;26,9921;3,2107;0
30/06/2017;204,1955;21,0746;30,2245;4,2125;0
1/07/2017;168,0509;22,0439;28,0006;3,4102;68,6965
2/07/2017;68,2113;21,3183;24,1537;2,2352;0
3/07/2017;179,864;21,1857;28,4273;3,6668;0
4/07/2017;184,0552;21,2903;28,8438;3,8282;0
5/07/2017;136,126;21,6219;27,446;3,3423;0
6/07/2017;250,5019;20,9939;29,4956;4,1008;0
7/07/2017;211,0626;21,745;29,0383;3,8498;0
8/07/2017;126,7141;22,3909;27,1344;3,0451;0
9/07/2017;68,922;20,9563;24,5914;2,559;0
10/07/2017;101,035;21,7379;25,8158;2,7213;0
11/07/2017;42,4711;21,1801;23,746;2,1082;0
12/07/2017;71,5717;20,67;25,3199;2,8439;0
13/07/2017;169,6143;20,5842;28,7034;3,9029;0
14/07/2017;222,8772;21,4182;29,0373;3,8781;0
15/07/2017;247,7445;22,5782;29,8885;3,8741;0
16/07/2017;204,1265;21,6819;29,0949;3,8776;0
17/07/2017;127,8084;21,3921;27,3384;3,3855;0
18/07/2017;87,3255;22,1192;25,7352;2,6124;96,1757
19/07/2017;159,4488;20,5175;27,8467;3,6951;0
20/07/2017;207,849;20,5517;27,7637;3,693;0
21/07/2017;111,1323;20,9061;26,6769;3,3348;0
22/07/2017;54,8965;21,8697;26,3773;2,922;0
23/07/2017;172,1866;20,8468;28,8382;3,933;0
24/07/2017;170,5469;22,017;29,6483;3,9215;0
25/07/2017;88,5099;21,5833;25,5169;2,7518;0
26/07/2017;182,5626;20,0207;30,955;4,6262;0
27/07/2017;172,4387;20,672;28,0378;3,8072;0
28/07/2017;100,258;21,7166;26,2305;2,9464;0
29/07/2017;58,2297;22,7019;25,1823;2,2045;0
30/07/2017;88,9936;21,5814;26,3668;3,0476;0
31/07/2017;180,8482;20,4409;27,9787;3,8411;0
1/08/2017;191,3459;21,5742;29,3383;4,0238;0
2/08/2017;267,8007;20,4328;31,122;4,7776;0
3/08/2017;234,5268;21,3495;31,2868;4,6803;0
4/08/2017;190,365;21,7734;28,5161;3,7333;0
5/08/2017;204,1756;21,7657;29,4673;4,072;0
6/08/2017;230,2253;21,0672;30,3588;4,505;0
7/08/2017;189,6444;21,6929;30,9146;4,4616;0
8/08/2017;262,9737;20,5512;31,6894;4,9151;0
9/08/2017;270,5748;21,4289;31,8523;4,8541;30,2659
10/08/2017;247,5052;22,1523;31,1603;4,4866;15,1329
11/08/2017;234,8054;22,7371;30,5809;4,2128;15,3225
12/08/2017;242,0347;22,5405;30,7715;4,3217;0
13/08/2017;265,8051;22,1268;31,5662;4,6576;0
14/08/2017;285,8822;20,4413;32,841;5,3397;0
15/08/2017;205,1826;22,078;31,755;4,6763;30,6451
16/08/2017;184,512;21,8191;28,2686;3,7171;22,7847
17/08/2017;257,368;22,1909;31,3072;4,5428;7,5949
18/08/2017;239,4051;22,8047;31,3548;4,4659;0
19/08/2017;229,1262;21,3969;29,6344;4,2306;22,7847
20/08/2017;264,3086;22,2724;31,3232;4,5474;7,5949
21/08/2017;262,0853;22,8709;31,8476;4,6219;9,5496
22/08/2017;217,8813;22,1485;29,0099;3,9292;0
23/08/2017;277,6061;21,9337;31,0472;4,5797;0
24/08/2017;219,0923;21,7768;30,4098;4,4428;9,5496
25/08/2017;249,8786;22,2239;30,5574;4,3965;9,5496
26/08/2017;281,5339;21,2812;31,6805;4,9402;0
27/08/2017;204,8976;21,4388;29,5647;4,2663;28,5824
28/08/2017;263,4228;21,6845;31,3538;4,6847;0
29/08/2017;223,152;21,6854;29,377;4,159;42,8736
30/08/2017;285,6365;21,4672;31,331;4,8176;0
31/08/2017;288,8165;22,6104;32,4369;4,9214;0
1/09/2017;287,8592;22,0233;31,9667;4,88;0
2/09/2017;258,416;22,2231;30,8013;4,5266;8,7857
3/09/2017;258,5627;22,0173;31,8565;4,847;0
4/09/2017;287,7762;21,8175;33,1104;5,2371;0
5/09/2017;273,5176;22,2925;32,3077;4,9764;17,5713
6/09/2017;282,8008;22,6702;32,5096;4,9328;5,1509
7/09/2017;271,5026;22,7035;31,874;4,7521;0
8/09/2017;159,434;22,7153;28,4247;3,6271;15,4528
9/09/2017;242,5153;22,516;30,599;4,2995;0
10/09/2017;237,207;22,1819;30,6747;4,4604;0
11/09/2017;247,3746;22,2675;31,116;4,6389;3,538
12/09/2017;186,063;22,4349;29,4077;4,0189;7,076
13/09/2017;239,4904;23,0539;31,3464;4,4429;3,538
14/09/2017;272,3637;22,8439;32,4358;4,8665;3,538
15/09/2017;244,0073;23,9835;31,2349;4,2058;10,6139
16/09/2017;238,0137;22,0384;30,9259;4,6336;11,5733
17/09/2017;269,8003;22,1755;31,4042;4,7178;0
18/09/2017;214,1853;22,5046;30,0648;4,1938;11,5733
19/09/2017;279,5655;22,7631;31,6609;4,6462;0
20/09/2017;259,3298;22,9593;31,4975;4,5538;0
21/09/2017;251,6282;23,7587;31,8719;4,4815;0
22/09/2017;278,1907;22,4565;32,4666;5,0153;15,3562
23/09/2017;262,8904;22,4539;30,8502;4,4819;7,6781
24/09/2017;158,4092;22,533;29,0298;3,8764;0
25/09/2017;287,5094;21,8282;31,7927;4,8825;7,6781
26/09/2017;282,9802;21,9273;31,2746;4,6967;0
27/09/2017;260,1368;21,3526;30,8961;4,7428;0
28/09/2017;162,5256;22,7166;29,0987;3,7867;0
29/09/2017;231,5798;21,943;30,0666;4,3139;36,3681
30/09/2017;260,6168;22,8241;31,1377;4,456;0
1/10/2017;276,0221;22,4131;31,3722;4,6572;11,1144
2/10/2017;270,1365;22,6221;32,0052;4,7816;0
3/10/2017;246,8156;22,8907;31,0733;4,4657;11,1144
4/10/2017;84,823;22,4447;26,6941;2,9791;33,3431
5/10/2017;242,7239;21,389;30,6994;4,5601;0
6/10/2017;267,1075;22,1175;31,029;4,5916;0
7/10/2017;230,825;21,8245;31,1505;4,6063;17,9786
8/10/2017;302,394;21,265;31,799;4,942;0
9/10/2017;265,3305;21,5978;31,8042;4,8982;0
10/10/2017;273,4523;21,7877;31,8103;4,8603;17,9786
11/10/2017;130,245;22,1536;28,7977;3,7496;45,9288
12/10/2017;290,6137;21,6688;31,9759;4,9144;0
13/10/2017;215,9145;21,8538;29,4386;4,137;15,3096
14/10/2017;261,5686;21,6149;31,7339;4,8325;0
15/10/2017;226,8776;23,0012;30,9683;4,3073;0
16/10/2017;259,5578;23,4288;31,1925;4,2619;0
17/10/2017;261,8707;22,9559;32,3101;4,715;11,7288
18/10/2017;289,6384;23,2149;32,2481;4,6366;0
19/10/2017;234,9038;23,0085;31,2609;4,3643;0
20/10/2017;252,6214;22,0958;30,7323;4,4564;11,7288
21/10/2017;155,5363;22,945;28,7267;3,522;0
22/10/2017;186,2591;22,8469;29,6071;3,8145;17,8717
23/10/2017;210,4544;22,4938;31,5127;4,5141;0
24/10/2017;215,8234;22,6826;30,6393;4,2106;17,8717
25/10/2017;223,5994;22,954;30,5259;4,1093;8,9359
26/10/2017;242,0445;22,1223;30,6917;4,3722;0
27/10/2017;255,9819;22,3275;30,9567;4,399;0
28/10/2017;207,2361;22,5219;29,7294;3,9276;17,406
29/10/2017;193,0862;22,7161;29,5568;3,8007;34,812
30/10/2017;218,2517;22,0668;30,1299;4,1235;34,812
31/10/2017;265,3047;22,0668;31,2132;4,461;0
1/11/2017;172,203;22,1076;28,6886;3,7282;0
2/11/2017;233,7985;22,346;29,2381;3,8104;0
3/11/2017;204,1083;22,0821;29,575;3,9283;0
4/11/2017;122,4588;22,421;27,8129;3,2762;96,5896
5/11/2017;202,1162;22,1716;29,9974;4,0057;0
6/11/2017;172,9269;22,1229;28,419;3,5565;0
7/11/2017;220,394;22,4593;29,8249;3,8753;0
8/11/2017;231,8477;22,9419;30,9292;4,1359;0
9/11/2017;230,2698;22,7329;30,8737;4,1081;0
10/11/2017;232,2542;22,2694;30,8984;4,2432;0
11/11/2017;215,7;22,2243;29,5691;3,8168;16,6272
12/11/2017;211,5837;21,8298;30,1418;4,1472;8,3136
13/11/2017;241,375;22,635;30,956;4,1689;0
14/11/2017;187,6254;22,3145;29,3222;3,7275;33,2543
15/11/2017;176,889;22,478;28,9376;3,562;8,3136
16/11/2017;216,4331;22,8089;30,4002;3,9473;16,786
17/11/2017;159,3451;22,8245;29,3637;3,6127;11,1907
18/11/2017;208,645;22,6834;30,0105;3,8472;0
19/11/2017;206,5054;22,3781;30,6708;4,1108;5,5953
20/11/2017;249,7832;22,1423;31,3712;4,351;5,5953
21/11/2017;249,9449;21,9369;31,2908;4,3616;0
22/11/2017;251,7183;21,1254;30,9931;4,4787;0
23/11/2017;249,6123;21,5293;31,0898;4,3925;0
24/11/2017;211,7526;21,4655;29,389;3,9172;9,3097
25/11/2017;189,2126;22,0093;28,7975;3,6008;18,6193
26/11/2017;236,6034;22,0376;30,4542;4,116;0
27/11/2017;229,0452;21,9262;30,7367;4,2073;0
28/11/2017;262,6726;21,7228;31,9523;4,5973;0
29/11/2017;250,6651;21,8152;31,4085;4,4258;0
30/11/2017;231,3515;21,3947;30,5521;4,3029;0
1/12/2017;250,2123;22,4593;31,7904;4,3623;0
2/12/2017;235,7931;22,3931;31,5451;4,3203;0
3/12/2017;222,4267;22,1429;31,314;4,2847;0
4/12/2017;207,7165;22,8632;31,1994;4,1244;22,0049
5/12/2017;255,2933;22,2513;31,8822;4,4333;0
6/12/2017;251,2511;21,7804;31,8205;4,5115;0
7/12/2017;198,8094;21,6348;31,1033;4,3113;0
8/12/2017;241,7092;21,7174;32,3897;4,6656;0
9/12/2017;237,5969;22,7832;31,9787;4,356;0
10/12/2017;264,1549;22,4657;33,1181;4,7272;0
11/12/2017;241,873;24,1367;33,0864;4,3608;0
12/12/2017;163,4051;22,9435;28,3664;3,2177;0
13/12/2017;213,0772;22,1161;30,9848;4,1606;0
14/12/2017;242,263;23,5643;31,1356;3,9236;0
15/12/2017;200,905;21,4311;30,0646;4,0434;0
16/12/2017;177,725;22,9845;30,4599;3,8217;0
17/12/2017;285,8704;22,1595;32,017;4,4471;0
18/12/2017;278,1214;21,0105;32,7552;4,8312;0
19/12/2017;251,8619;21,4564;31,6278;4,4694;0
20/12/2017;257,3383;21,8326;32,0026;4,4968;0
21/12/2017;223,7337;21,5;31,9857;4,5502;0
22/12/2017;222,795;22,6241;32,1715;4,3839;0
23/12/2017;241,1354;21,7372;32,2293;4,6192;0
24/12/2017;219,5477;22,4157;31,5031;4,2666;0
25/12/2017;228,0966;23,2719;32,9752;4,4815;0
26/12/2017;221,678;24,5404;32,8799;4,2034;0
27/12/2017;184,4341;24,1255;31,468;3,8996;0
28/12/2017;215,2803;22,7157;31,6456;4,2425;0
29/12/2017;193,6703;22,9748;30,3546;3,8327;0
30/12/2017;168,4668;22,3619;29,1716;3,5773;37,0635
31/12/2017;229,2543;22,6043;30,4618;3,9451;12,3545
1/01/2018;191,0665;22,6256;29,7514;3,6967;21,9872
2/01/2018;199,8649;22,3259;28,7863;3,4881;0
3/01/2018;252,4451;21,802;31,2097;4,2678;0
4/01/2018;250,2801;21,7047;30,7151;4,2533;0
5/01/2018;248,8055;22,115;31,7036;4,4046;0
6/01/2018;228,056;22,548;30,4752;4,0148;0
7/01/2018;194,4744;23,5441;30,4593;3,7474;0
8/01/2018;209,526;23,0338;30,9338;4,0156;0
9/01/2018;169,4981;23,5749;29,5833;3,4541;0
10/01/2018;197,9545;22,122;29,1168;3,6679;0
11/01/2018;163,1059;22,3448;29,6744;3,7251;0
12/01/2018;199,3275;21,4837;28,5864;3,6369;42,386
13/01/2018;209,5926;20,9986;29,1909;3,9422;0
14/01/2018;208,27;21,6743;30,8677;4,2725;0
15/01/2018;226,5082;21,2089;31,0903;4,4523;0
16/01/2018;171,4543;21,2868;28,5243;3,7131;0
17/01/2018;212,9563;21,0225;28,9042;3,8757;38,6686
18/01/2018;197,9759;21,1039;29,3206;3,9466;0
19/01/2018;218,4679;21,9752;30,2147;4,0608;0
20/01/2018;212,9355;21,3151;30,0709;4,1785;0
21/01/2018;234,1342;21,8436;30,754;4,3282;0
22/01/2018;239,1128;21,7662;32,0213;4,6562;0
23/01/2018;261,8092;21,5652;32,1857;4,7648;0
24/01/2018;263,3632;21,1872;32,2817;4,9141;0
25/01/2018;258,1602;21,6692;31,5339;4,6116;0
26/01/2018;255,3717;22,1221;32,297;4,7177;0
27/01/2018;232,3464;22,3628;31,9035;4,5996;0
28/01/2018;230,4892;22,7986;32,391;4,6272;0
29/01/2018;241,9752;22,8482;33,2797;4,8807;0
30/01/2018;208,6319;23,1859;32,7585;4,7066;0
31/01/2018;237,6786;23,0676;34,3395;5,1705;0
1/02/2018;220,75;23,2059;34,0409;5,0876;0
2/02/2018;222,8772;24,1768;33,5441;4,7386;0
3/02/2018;197,0274;24,5973;31,2332;3,9115;3,5695
4/02/2018;151,5533;24,713;30,8213;3,7315;0
5/02/2018;150,7196;25,0061;33,5827;4,4984;0
6/02/2018;220,813;24,7532;34,2798;4,8358;4,4948
7/02/2018;169,3683;25,4342;31,5177;3,8413;0
8/02/2018;237,2852;25,0491;33,8525;4,6366;0
9/02/2018;267,1824;25,164;34,9231;4,9547;0
10/02/2018;269,1981;22,9293;35,3875;5,575;0
11/02/2018;235,9875;22,2215;34,8625;5,5918;0
12/02/2018;264,0907;23,6642;34,0842;5,1246;0
13/02/2018;193,9323;24,4321;33,4886;4,7829;0
14/02/2018;186,0564;25,436;33,967;4,6726;0
15/02/2018;148,7667;25,8616;32,7455;4,1944;4,5935
16/02/2018;150,3849;24,0702;30,9077;4,0754;0
17/02/2018;142,3944;23,8222;31,0814;4,1211;0
18/02/2018;194,197;24,0131;31,4549;4,2346;0
19/02/2018;185,4496;23,8049;32,8005;4,7278;0
20/02/2018;259,25;25,2651;34,1942;4,8123;0
21/02/2018;275,1733;24,3894;34,7794;5,2059;0
22/02/2018;249,9209;25,5716;34,4466;4,8627;0
23/02/2018;186,3607;24,9129;32,4679;4,4261;0
24/02/2018;145,0577;24,7334;30,1727;3,668;0
25/02/2018;210,6889;24,5725;33,207;4,6514;0
26/02/2018;184,1992;24,1462;32,9489;4,7144;0
27/02/2018;202,7835;24,4619;34,6318;5,1199;0
28/02/2018;191,6458;24,4909;33,9698;5,0102;0
1/03/2018;146,895;25,8;32,3822;4,1813;0
2/03/2018;219,0705;24,873;33,734;4,8723;0
3/03/2018;187,9175;23,1387;32,8703;5,0015;0
4/03/2018;233,017;23,3191;32,2741;4,7431;0
5/03/2018;208,7456;23,3382;34,0734;5,1751;20,8488
6/03/2018;178,4161;23,1751;31,0515;4,2949;0
7/03/2018;236,8709;24,1165;31,6621;4,3527;0
8/03/2018;192,0362;24,0681;29,6792;3,7196;39,2552
9/03/2018;262,9956;22,7383;32,3493;4,9185;0
10/03/2018;246,7906;22,1912;32,1481;5,018;0
11/03/2018;244,1422;22,1905;34,0385;5,5692;0
12/03/2018;291,5565;23,77;35,0629;5,5373;0
13/03/2018;278,3344;23,2861;35,1606;5,7583;0
14/03/2018;280,6152;24,0908;36,3656;5,9215;0
15/03/2018;253,6841;24,3864;35,1748;5,5403;0
16/03/2018;278,4308;24,207;36,7761;5,9703;0
17/03/2018;269,7653;23,2337;35,2651;5,8559;0
18/03/2018;238,4827;25,25;34,4403;5,0836;0
19/03/2018;218,3301;24,5557;33,3097;4,9033;0
20/03/2018;261,6351;24,3402;35,3938;5,5844;0
21/03/2018;245,9166;25,1127;34,7615;5,2329;0
22/03/2018;243,5326;24,9969;34,2665;5,0834;0
23/03/2018;207,7683;24,0464;32,1208;4,6269;46,1675
24/03/2018;213,1358;23,8975;33,94;5,1814;0
25/03/2018;233,0306;25,3486;34,1704;4,9755;0
26/03/2018;219,9772;25,3079;33,9562;4,9049;0
27/03/2018;188,2227;24,812;31,7615;4,2741;11,5331
28/03/2018;79,6283;22,8022;28,1736;3,4682;34,5992
29/03/2018;135,124;22,4468;27,551;3,3652;0
30/03/2018;247,8556;22,4638;31,0007;4,5472;0
31/03/2018;194,3871;22,698;30,1011;4,1626;11,5331
1/04/2018;206,4816;22,4949;30,9889;4,4498;0
2/04/2018;180,1876;23,7293;29,4543;3,704;0
3/04/2018;201,2508;22,3869;31,0091;4,5521;0
4/04/2018;160,1982;22,2389;28,0088;3,5864;70,9479
5/04/2018;185,0091;22,4558;29,2264;3,8946;0
6/04/2018;96,4766;22,3275;25,7691;2,7009;9,6497
7/04/2018;237,7707;21,4443;30,421;4,5118;4,8248
8/04/2018;187,3168;22,1293;29,889;4,2482;9,6497
9/04/2018;193,0726;21,9615;28,475;3,7919;14,4745
10/04/2018;163,4179;22,293;29,0439;3,8543;9,6497
11/04/2018;217,1346;22,4302;29,2266;3,9535;0
12/04/2018;244,7041;22,1045;30,1713;4,3988;0
13/04/2018;188,4005;23,0011;29,4862;3,9021;13,0927
14/04/2018;94,1585;22,6271;25,8805;2,6401;26,1853
15/04/2018;233,6571;22,154;29,5854;4,0868;0
16/04/2018;257,3556;22,0835;30,5451;4,4761;0
17/04/2018;77,1051;22,9031;27,2275;3,0643;99,0669
18/04/2018;123,4823;22,2972;26,5309;3,0085;0
19/04/2018;158,3106;22,6981;28,4427;3,5276;0
20/04/2018;152,9616;22,8095;28,6067;3,5674;0
21/04/2018;218,7063;21,961;31,4278;4,6526;0
22/04/2018;119,0134;21,6092;26,5942;3,2255;67,3335
23/04/2018;267,7431;20,8796;31,3416;4,8331;0
24/04/2018;277,8794;21,9295;31,2796;4,6942;33,6668
25/04/2018;220,4494;22,2973;30,6447;4,3368;0
26/04/2018;150,5937;22,1956;27,6384;3,4231;26,4249
27/04/2018;130,2936;22,2176;27,72;3,4174;0
28/04/2018;151,6115;21,4611;28,8464;3,9442;0
29/04/2018;106,2051;22,259;26,6448;3,0546;52,8498
30/04/2018;112,3865;22,0548;26,9857;3,2165;13,2124
1/05/2018;223,1173;21,1357;29,8097;4,346;0
2/05/2018;227,9435;21,7782;29,5025;4,1134;39,2975
3/05/2018;172,2645;23,0024;27,5521;3,176;39,2975
4/05/2018;107,1388;22,3466;26,9239;3,0789;39,2975
5/05/2018;162,8415;21,6329;28,6347;3,842;0
6/05/2018;109,5686;21,9412;26,022;2,8803;36,5705
7/05/2018;215,4175;21,8232;29,7065;4,0757;0
8/05/2018;108,3581;22,0524;28,2825;3,5453;18,2852
9/05/2018;153,4216;21,7577;27,3419;3,3723;0
10/05/2018;156,6289;22,158;27,3206;3,2825;18,2852
11/05/2018;178,0813;22,1353;29,9052;4,0415;25,1726
12/05/2018;197,9521;22,1946;29,2028;3,8575;25,1726
13/05/2018;87,5474;22,1083;26,669;2,9775;0
14/05/2018;187,2845;21,5777;27,8242;3,5641;0
15/05/2018;191,7732;21,5192;28,4727;3,7841;0
16/05/2018;250,385;20,8434;29,9349;4,3898;0
17/05/2018;192,3981;22,065;30,0883;4,1411;0
18/05/2018;164,7762;21,7186;28,3384;3,6611;21,4336
19/05/2018;189,776;21,8865;28,5108;3,6988;21,4336
20/05/2018;188,1131;22,1777;29,1544;3,7853;0
21/05/2018;160,6992;22,0558;29,139;3,7854;18,7424
22/05/2018;206,772;21,7739;29,492;3,9945;0
23/05/2018;94,8813;22,24;26,2631;2,7848;37,4849
24/05/2018;183,759;20,7969;29,4453;4,1333;56,2273
25/05/2018;177,8041;21,4815;29,3121;3,9403;0
26/05/2018;148,8122;22,3455;27,9565;3,3249;0
27/05/2018;206,2272;21,8846;29,0288;3,8057;0
28/05/2018;83,8145;22,2859;27,6987;3,2531;51,0855
29/05/2018;208,0169;22,4161;29,4808;3,7807;0
30/05/2018;204,3331;22,3495;29,4563;3,8073;0
31/05/2018;182,2292;22,4279;29,8336;3,8948;0
1/06/2018;204,3593;21,6247;30,2628;4,1744;21,3266
2/06/2018;239,0728;22,6477;30,5789;4,0593;21,3266
3/06/2018;208,4858;22,0257;29,9586;4,0366;21,3266
4/06/2018;135,2455;22,0129;27,2152;3,1882;106,6328
5/06/2018;72,2143;21,9398;26,1123;2,7873;42,6531
6/06/2018;165,8762;21,5382;27,8615;3,4819;20,1705
7/06/2018;225,5376;21,5326;29,2634;3,938;0
8/06/2018;155,9059;22,6578;28,0276;3,2498;0
9/06/2018;88,8894;22,4142;25,8706;2,5395;20,1705
10/06/2018;156,176;22,0736;28,2044;3,429;0
11/06/2018;88,8561;21,8991;25,7914;2,6947;26,1276
12/06/2018;155,6009;20,9183;29,5224;4,0517;0
13/06/2018;125,8944;22,6832;27,8875;3,1814;52,2553
14/06/2018;133,1006;21,6993;26,761;3,0379;26,1276
15/06/2018;126,2045;21,7839;26,0003;2,7911;0
16/06/2018;108,3416;19,6617;26,6043;3,4939;0
17/06/2018;110,5058;21,5227;25,9865;2,829;0
18/06/2018;66,1312;20,6924;24,956;2,7053;0
19/06/2018;101,4869;20,3229;25,8135;3,0901;0
20/06/2018;127,0676;19,9609;25,6316;3,1594;0
21/06/2018;167,372;21,1012;28,2512;3,6018;0
22/06/2018;174,0227;20,9958;28,5406;3,7235;0
23/06/2018;177,2493;20,6258;28,0664;3,7513;0
24/06/2018;166,5652;20,711;27,1984;3,4547;35,1316
25/06/2018;188,4118;21,889;27,6245;3,3195;0
26/06/2018;137,8773;21,9901;26,284;2,8201;0
27/06/2018;166,0112;21,1682;27,7973;3,5222;0
28/06/2018;75,2521;19,979;25,066;2,9448;25,5599
29/06/2018;215,0025;20,0841;28,8628;4,0102;12,7799
30/06/2018;137,3853;20,9444;26,8904;3,3082;38,3398
1/07/2018;213,4277;20,8001;29,533;4,0585;0
2/07/2018;216,9819;22,4066;28,8482;3,6032;0
3/07/2018;129,1385;21,027;26,995;3,3209;66,9972
4/07/2018;157,5946;21,6721;28,1132;3,4671;0
5/07/2018;198,9684;21,1985;28,3668;3,7155;0
6/07/2018;74,1714;21,0325;26,0978;3,0506;0
7/07/2018;60,0597;20,3452;23,1277;2,1735;0
8/07/2018;227,0326;20,0522;29,9253;4,3342;0
9/07/2018;152,0121;21,9495;28,9829;3,6843;64,557
10/07/2018;179,1292;21,646;27,0006;3,2221;0
11/07/2018;144,5244;21,9947;26,7015;2,9807;0
12/07/2018;100,4416;21,5118;24,9041;2,4729;0
13/07/2018;131,1421;21,0519;26,4078;3,1053;40,7036
14/07/2018;202,1761;19,9021;29,5941;4,2927;0
15/07/2018;231,2207;20,9395;29,3217;4,0996;40,7036
16/07/2018;193,1054;21,4439;30,1535;4,1947;0
17/07/2018;76,2195;21,049;25,9484;3,0128;0
18/07/2018;193,0307;20,8885;30,1925;4,2226;0
19/07/2018;129,8047;21,3786;28,5445;3,7121;0
20/07/2018;186,5613;21,3776;30,05;4,1412;0
21/07/2018;98,6452;20,4816;24,9519;2,8495;0
22/07/2018;216,6132;20,7593;29,4731;4,1623;0
23/07/2018;196,0607;21,899;29,0961;3,8178;0
24/07/2018;105,6514;22,1872;26,3351;2,8256;111,3303
25/07/2018;219,6584;20,938;28,9391;4,0036;0
26/07/2018;124,5694;21,742;26,3862;2,9937;0
27/07/2018;168,9532;21,6573;27,5827;3,4008;0
28/07/2018;186,6976;21,4349;29,5642;3,998;0
29/07/2018;191,0171;21,7338;30,2188;4,1537;54,6884
30/07/2018;245,8424;20,9587;29,8593;4,3077;54,6884
31/07/2018;86,8374;21,7295;25,7046;2,762;0
1/08/2018;110,5024;20,9094;26,0916;3,1331;0
2/08/2018;268,1503;20,3451;29,8702;4,3664;0
3/08/2018;251,3284;20,6827;30,0676;4,4664;17,8036
4/08/2018;176,1478;21,8187;28,1464;3,6062;0
5/08/2018;238,9569;21,7201;30,3221;4,2719;35,6073
6/08/2018;243,1405;21,562;30,8494;4,5368;0
7/08/2018;168,1364;21,4905;28,3502;3,7441;31,2213
8/08/2018;172,6941;20,5222;29,2586;4,1979;0
9/08/2018;160,5418;20,7794;27,3588;3,6397;0
10/08/2018;272,96;20,0582;31,8229;5,0271;0
11/08/2018;248,2735;21,5143;30,2436;4,3638;0
12/08/2018;152,0697;21,9864;26,903;3,1808;19,9505
13/08/2018;165,1516;20,8874;27,632;3,7024;0
14/08/2018;144,242;20,4355;25,9191;3,3045;19,9505
15/08/2018;257,2313;20,7537;31,3932;4,8276;0
16/08/2018;279,9666;19,4917;31,9617;5,2582;1,2009
17/08/2018;242,2252;21,8572;29,3924;4,0421;8,611
18/08/2018;177,4146;22,0296;28,2013;3,6455;8,2503
19/08/2018;270,8615;21,8622;30,6428;4,4506;11,5894
20/08/2018;259,2992;22,4861;30,4783;4,2353;4,954
21/08/2018;178,687;21,164;29,4579;4,2111;0
22/08/2018;115,11;21,1195;26,5144;3,3326;0
23/08/2018;240,6543;20,2061;29,4977;4,4582;0
24/08/2018;281,3031;21,2989;31,1311;4,7508;0
25/08/2018;167,1812;21,4166;29,4204;4,2044;79,7168
26/08/2018;252,5315;20,0242;30,7836;4,8939;0
27/08/2018;167,2959;20,7867;27,1439;3,6512;55,2621
28/08/2018;134,2494;22,6599;27,1623;3,1087;0
29/08/2018;163,5175;22,3975;28,7967;3,7217;0
30/08/2018;239,7621;21,9897;29,1702;4,0207;0
31/08/2018;269,3027;22,0087;30,8575;4,5402;0
1/09/2018;282,1939;21,5251;31,4924;4,8759;0
2/09/2018;243,3388;21,7111;30,3089;4,4857;15,7573
3/09/2018;241,5346;22,1647;31,4741;4,7119;0
4/09/2018;229,3153;21,8995;29,0284;4,0006;31,5147
5/09/2018;225,8527;21,0993;29,1316;4,2037;0
6/09/2018;205,777;22,0703;29,4277;4,0554;0
7/09/2018;173,7;21,8695;28,2685;3,7564;0
8/09/2018;244,7622;21,2219;30,5311;4,6611;0
9/09/2018;274,2998;21,0747;31,4176;4,9203;0
10/09/2018;252,1909;22,4673;31,8357;4,7053;0
11/09/2018;144,7058;22,1587;28,787;3,8609;8,7123
12/09/2018;268,9927;21,9243;31,3387;4,702;0
13/09/2018;176,7923;22,5718;28,5205;3,6923;8,7123
14/09/2018;171,1383;23,1654;29,14;3,7081;8,7123
15/09/2018;139,9291;21,4738;27,7113;3,6703;17,4246
16/09/2018;256,3764;21,7772;32,1921;4,894;0
17/09/2018;260,0028;21,8164;31,2869;4,7393;9,1587
18/09/2018;284,7627;22,3896;31,2107;4,5783;4,5794
19/09/2018;252,2069;21,8854;31,418;4,8189;0
20/09/2018;294,5984;21,514;32,7639;5,2435;0
21/09/2018;262,7436;22,062;31,4876;4,7858;30,0125
22/09/2018;246,0659;22,4506;31,11;4,5776;0
23/09/2018;241,326;22,4653;31,1547;4,5167;0
24/09/2018;272,459;21,923;32,0247;4,9491;0
25/09/2018;272,1255;22,1568;30,9596;4,6018;30,0125
26/09/2018;263,3417;21,8953;30,7978;4,5716;21,279
27/09/2018;142,6581;23,6342;29,0716;3,5724;21,279
28/09/2018;272,2021;23,126;31,53;4,4833;10,6395
29/09/2018;284,1722;22,3549;31,8198;4,6993;0
30/09/2018;249,2131;22,8834;31,0679;4,3947;21,279
1/10/2018;251,9112;22,1602;31,5055;4,6609;19,6749
2/10/2018;228,5526;21,8607;31,1776;4,6031;0
3/10/2018;214,5208;20,9318;29,9324;4,435;0
4/10/2018;264,9011;22,5505;32,3024;4,7885;19,6749
5/10/2018;210,8573;22,2162;29,0586;3,9476;19,6749
6/10/2018;136,2088;22,7153;27,2284;3,1192;40,7424
7/10/2018;244,2912;22,0395;30,8569;4,4792;0
8/10/2018;255,7352;22,656;31,4469;4,5476;0
9/10/2018;276,924;22,1526;31,6229;4,6929;40,7424
10/10/2018;162,3335;22,2217;29,4676;4,0008;20,3712
11/10/2018;109,5149;22,4881;26,3624;2,8539;43,0828
12/10/2018;172,7298;22,2766;29,1681;3,8707;8,6166
13/10/2018;147,1001;22,0292;28,1452;3,6103;0
14/10/2018;196,2563;21,5521;29,2848;4,0758;0
15/10/2018;147,5469;21,6049;27,2574;3,447;17,2331
16/10/2018;278,6678;22,3476;31,2194;4,4958;2,7871
17/10/2018;281,7348;21,8865;32,2972;4,9377;0
18/10/2018;246,3891;22,0462;31,3655;4,6748;0
19/10/2018;128,4906;22,3802;28,1621;3,5483;8,3614
20/10/2018;165,8533;22,7673;29,4398;3,8099;0
21/10/2018;123,6643;22,7985;28,5358;3,4757;16,8832
22/10/2018;109,4776;23,1449;27,13;2,8835;16,8832
23/10/2018;151,3568;22,2693;28,4992;3,5833;0
24/10/2018;143,9719;22,6678;28,6338;3,5492;0
25/10/2018;108,3508;22,5938;27,5332;3,1741;0
26/10/2018;182,5667;22,6839;30,5312;4,0959;16,9324
27/10/2018;184,6689;22,5732;31,1531;4,2898;0
28/10/2018;277,8309;21,3084;31,8133;4,8612;33,8648
29/10/2018;241,5147;22,5106;31,649;4,4921;16,9324
30/10/2018;263,9341;22,3472;31,4302;4,5468;16,9324
31/10/2018;204,1856;22,3812;30,0247;4,0695;0
1/11/2018;220,0041;22,2156;30,7316;4,2778;0
2/11/2018;159,3008;21,9958;28,4871;3,6478;30,5742
3/11/2018;256,641;21,9558;31,0955;4,4214;0
4/11/2018;258,6016;21,7715;30,4348;4,3098;0
5/11/2018;223,3258;22,8315;29,6623;3,8028;0
6/11/2018;245,5335;22,7317;30,4148;4,063;0
7/11/2018;184,4987;22,4201;29,3109;3,791;19,2859
8/11/2018;210,713;22,302;30,0177;4,0291;0
9/11/2018;84,2707;22,8763;27,0131;2,829;0
10/11/2018;173,1081;22,48;28,7184;3,5253;38,5719
11/11/2018;212,0815;21,991;30,0901;4,0546;0
12/11/2018;221,7125;22,8853;30,9213;4,1017;0
13/11/2018;265,5068;22,5832;32,2481;4,5977;0
14/11/2018;272,2393;21,0535;32,0681;4,8594;0
15/11/2018;203,9119;22,7562;30,5151;4,044;4,2498
16/11/2018;180,6867;23,3627;29,3436;3,4865;0
17/11/2018;153,5145;22,0999;29,6186;3,8125;15,2175
18/11/2018;181,9254;22,6999;29,8207;3,7475;0
19/11/2018;219,8809;22,9823;30,6612;3,9996;0
20/11/2018;212,6612;23,4712;31,159;4,003;15,2175
21/11/2018;249,5351;22,8769;31,3673;4,1918;10,5219
22/11/2018;217,7229;22,3721;30,3878;4,0189;10,5219
23/11/2018;171,856;22,6964;29,2636;3,6109;0
24/11/2018;202,8757;22,9581;29,6247;3,6584;0
25/11/2018;201,1831;22,5194;29,7828;3,8414;0
26/11/2018;257,5368;22,2282;31,2046;4,2889;0
27/11/2018;214,4967;22,6941;30,3752;3,9418;7,4012
28/11/2018;222,921;22,3864;30,7077;4,0853;0
29/11/2018;219,8359;22,3488;30,7434;4,1125;0
30/11/2018;223,5134;22,6349;30,255;3,8959;0
1/12/2018;171,6162;24,0916;29,9351;3,4225;0
2/12/2018;223,8594;22,3337;30,231;3,9595;0
3/12/2018;164,9503;22,7594;28,8643;3,4364;0
4/12/2018;181,2068;23,4341;30,6313;3,7671;0
5/12/2018;199,3862;23,2776;30,6088;3,8245;0
6/12/2018;194,6705;23,0266;29,2485;3,4942;0
7/12/2018;243,5078;21,654;30,6474;4,2168;0
8/12/2018;250,18;21,1605;31,2987;4,4881;0
9/12/2018;245,8802;20,7107;31,0514;4,5257;0
10/12/2018;255,8953;21,9291;31,2992;4,3274;0
11/12/2018;183,8387;22,736;30,5042;3,9051;0
12/12/2018;228,4331;21,7707;32,0918;4,5563;0
13/12/2018;187,508;21,9728;29,7267;3,8716;7,0782
14/12/2018;222,6961;22,407;30,8935;4,0618;0
15/12/2018;230,0669;22,2739;31,4557;4,2712;0
16/12/2018;230,2748;20,7677;30,7323;4,4071;0
17/12/2018;216,2229;20,8516;31,4992;4,5461;0
18/12/2018;108,9104;21,3975;28,0134;3,4737;0
19/12/2018;226,9235;21,8903;31,6454;4,378;4,1431
20/12/2018;256,0535;21,6472;32,6512;4,7069;0
21/12/2018;229,3701;21,703;32,1704;4,5782;6,5686
22/12/2018;226,1752;21,8256;31,7537;4,503;0
23/12/2018;263,035;20,9017;32,5973;4,8561;0
24/12/2018;240,9573;22,1265;33,2303;4,7668;0
25/12/2018;243,4276;22,9237;33,1933;4,6432;0
26/12/2018;198,6687;21,1521;32,0344;4,6742;0
27/12/2018;176,1885;22,5236;32,238;4,4256;8,1321
28/12/2018;251,7542;20,5244;33,4929;5,1339;0
29/12/2018;237,0539;22,0076;33,6625;4,9319;0
30/12/2018;279,7112;22,0976;33,4013;4,861;0
31/12/2018;208,0271;22,3844;33,3685;4,8036;0
1/01/2019;204,8277;21,4776;32,8846;4,8405;0
2/01/2019;220,382;22,8569;32,7304;4,5619;0
3/01/2019;139,9252;22,7071;31,0746;4,1528;0
4/01/2019;209,1854;22,5996;33,5863;4,7836;5,9593
5/01/2019;209,6917;23,5245;33,4991;4,6451;0
6/01/2019;168,4065;24,3407;31,2902;3,8555;0
7/01/2019;200,7476;24,0217;34,1752;4,665;0
8/01/2019;182,7934;25,2414;33,0656;4,1737;0
9/01/2019;157,7581;24,0951;30,6706;3,7222;0
10/01/2019;186,6187;24,3343;32,2502;4,1243;7,9182
11/01/2019;187,2737;23,9294;31,4253;3,99;5,632
12/01/2019;141,8432;24,1829;30,9789;3,7721;0
13/01/2019;179,9825;22,7289;31,3675;4,2644;0
14/01/2019;242,7248;23,0688;33,7527;4,8608;0
15/01/2019;170,4123;23,6286;34,2707;4,8849;0
16/01/2019;182,3515;24,3748;33,7383;4,6496;0
17/01/2019;211,1179;24,4899;33,8543;4,6639;0
18/01/2019;230,9372;23,2228;33,4777;4,8165;0
19/01/2019;232,8278;23,329;32,3115;4,4387;0
20/01/2019;189,1078;22,6139;30,1879;3,9986;0
21/01/2019;254,5168;23,0527;32,8586;4,6523;0
22/01/2019;226,7523;23,8656;33,3277;4,6771;0
23/01/2019;227,6615;24,1446;33,0222;4,5229;0
24/01/2019;185,6216;24,5081;33,1128;4,4356;0
25/01/2019;181,836;24,3489;32,0251;4,1826;0
26/01/2019;227,335;24,125;33,974;4,8174;0
27/01/2019;168,069;24,9386;32,4913;4,2481;0
28/01/2019;231,2164;24,8949;34,7711;4,9236;0
29/01/2019;221,1631;24,7933;33,676;4,6577;0
30/01/2019;176,997;25,7205;31,7199;3,7836;0
31/01/2019;260,0464;24,8421;35,3923;5,1097;0
1/02/2019;224,7472;25,0914;34,6645;4,8892;0
2/02/2019;247,4358;24,907;35,1755;5,1197;0
3/02/2019;266,9679;25,6525;35,9871;5,187;0
4/02/2019;225,206;25,8456;34,008;4,5301;0
5/02/2019;225,0441;23,7633;32,7257;4,6054;0
6/02/2019;155,7673;23,8913;30,665;3,9122;0
7/02/2019;228,3714;22,8206;31,6518;4,482;0
8/02/2019;237,6776;24,1748;33,5446;4,786;0
9/02/2019;178,3796;24,3105;33,8195;4,83;0
10/02/2019;202,4069;24,6448;34,2507;4,9457;0
11/02/2019;239,3931;23,9861;35,0943;5,326;0
12/02/2019;246,1059;25,2217;36,0808;5,362;0
13/02/2019;252,3802;25,2296;34,9347;5,0745;0
14/02/2019;251,0204;24,2089;35,0042;5,2639;0
15/02/2019;262,7803;25,0621;35,1721;5,1762;0
16/02/2019;223,4537;24,7457;33,169;4,6424;0
17/02/2019;204,2765;24,1341;33,2319;4,7205;10,6257
18/02/2019;163,5746;24,1384;30,8974;3,9708;10,6257
19/02/2019;213,6378;25,1449;34,1947;4,7617;0
20/02/2019;246,2185;25,1086;34,7796;5,0437;0
21/02/2019;229,611;24,7564;34,068;4,9639;0
22/02/2019;189,3331;25,5723;33,1557;4,4983;0
23/02/2019;221,377;25,0273;34,0857;4,9104;0
24/02/2019;261,1457;25,4232;34,1859;4,853;0
25/02/2019;316,1099;23,8229;35,4113;5,5804;0
26/02/2019;280,4112;24,4551;35,4145;5,4383;0
27/02/2019;219,7498;25,1721;35,5967;5,3381;0
28/02/2019;227,6122;24,4438;35,5348;5,5243;0
1/03/2019;235,1264;25,6014;34,882;5,1443;0
2/03/2019;210,1273;24,8493;33,4002;4,7704;0
3/03/2019;165,6642;23,4708;31,383;4,395;0
4/03/2019;266,2351;23,0976;32,9762;4,9571;0
5/03/2019;198,5535;24,59;32,4397;4,5237;0
6/03/2019;167,1235;25,0739;32,4918;4,3562;0
7/03/2019;169,009;23,1514;29,3398;3,839;16,8144
8/03/2019;262,6369;22,8694;33,33;5,1886;16,8144
9/03/2019;215,904;24,0975;32,0918;4,5228;0
10/03/2019;165,969;23,5499;29,5054;3,7978;16,8144
11/03/2019;168,4063;23,7116;30,7656;4,1586;6,918
12/03/2019;191,6153;23,11;30,6044;4,2663;0
13/03/2019;157,6004;24,203;29,9397;3,7547;0
14/03/2019;145,07;23,6095;29,5908;3,7881;0
15/03/2019;109,0801;23,2217;27,0632;2,9567;6,918
16/03/2019;239,2433;21,8359;32,4453;5,1359;0
17/03/2019;240,0521;23,016;31,8623;4,7656;0
18/03/2019;188,0198;23,0693;30,158;4,1445;0
19/03/2019;213,9712;23,162;31,9685;4,6102;10,5199
20/03/2019;148,3695;23,5831;28,9756;3,5781;5,26
21/03/2019;225,2202;22,936;32,1228;4,8187;0
22/03/2019;205,8663;23,6123;31,9697;4,5701;3,7302
23/03/2019;166,2665;23,4121;30,6289;4,2113;7,4605
24/03/2019;211,5072;23,1299;34,249;5,2836;0
25/03/2019;274,1784;22,5823;33,0668;5,2489;0
26/03/2019;278,9719;23,4225;33,6592;5,2584;0
27/03/2019;253,3555;23,3705;33,4148;5,1862;0
28/03/2019;193,7609;24,0239;31,3643;4,3117;17,9669
29/03/2019;139,71;23,693;28,5384;3,4099;0
30/03/2019;160,6149;23,1747;30,4762;4,1666;26,9504
31/03/2019;200,0328;23,0646;30,0164;4,0882;8,9835
1/04/2019;263,2485;22,4394;32,0029;4,8744;0
2/04/2019;205,6472;22,9526;30,8674;4,3724;0
3/04/2019;216,1994;23,348;31,2989;4,4559;0
4/04/2019;232,405;24,1217;32,2768;4,5594;0
5/04/2019;187,3407;24,6985;31,5927;4,2058;0
6/04/2019;234,1897;24,3157;32,4889;4,6251;0
7/04/2019;249,3006;24,7802;33,4889;4,8269;0
8/04/2019;232,8557;23,8792;30,6193;4,0868;0
9/04/2019;209,8343;23,2207;30,2765;4,1301;0
10/04/2019;216,3423;23,2598;30,7549;4,2364;0
11/04/2019;237,3295;22,6773;30,7098;4,3678;27,0963
12/04/2019;160,5423;23,3229;31,5097;4,4133;27,0963
13/04/2019;221,8469;22,518;30,011;4,199;9,0321
14/04/2019;237,8331;22,1401;31,9905;4,8763;0
15/04/2019;187,5817;22,8281;30,1935;4,122;27,0963
16/04/2019;163,5286;22,7013;29,0526;3,7903;22,3651
17/04/2019;161,007;23,2042;28,8959;3,6075;0
18/04/2019;54,0411;22,9044;26,0656;2,5985;22,3651
19/04/2019;184,0491;22,4209;28,6486;3,7097;0
20/04/2019;164,5375;21,9707;29,9604;4,1849;22,3651
21/04/2019;202,1565;22,4966;30,0839;4,1346;5,3936
22/04/2019;117,1078;22,8686;27,2727;3,0929;9,4626
23/04/2019;206,9012;21,7397;29,7145;4,2195;1,6898
24/04/2019;101,4205;22,7718;26,8017;2,9471;24,9912
25/04/2019;218,0481;22,1008;31,1404;4,5144;26,8486
26/04/2019;190,125;22,4145;29,0926;3,8493;57,5497
27/04/2019;142,8766;22,8172;28,3696;3,5037;0
28/04/2019;180,5848;22,2345;29,1632;3,9196;0
29/04/2019;232,015;22,5274;31,6775;4,678;0
30/04/2019;261,5583;22,4583;32,0225;4,7999;0
1/05/2019;285,6173;21,6985;33,3275;5,2965;0
2/05/2019;263,5045;22,3719;33,0188;5,0796;0
3/05/2019;173,5954;22,7529;30,6185;4,222;0
4/05/2019;227,92;23,2732;32,0524;4,5579;43,2471
5/05/2019;235,669;23,6366;31,5778;4,3248;0
6/05/2019;156,2004;24,1241;29,0398;3,3217;40,0643
7/05/2019;195,0104;22,5399;30,501;4,2492;0
8/05/2019;79,3193;23,1034;28,0098;3,2208;40,0643
9/05/2019;126,1773;23,0416;28,5035;3,3948;0
10/05/2019;228,6173;22,4761;30,8886;4,2978;0
11/05/2019;189,1572;23,9094;30,7428;3,8846;25,5182
12/05/2019;238,3784;22,6815;30,3487;4,0955;0
13/05/2019;175,3647;22,5177;29,3658;3,8427;51,0364
14/05/2019;110,1889;23,2057;26,3501;2,5533;51,0364
15/05/2019;137,5689;22,1901;28,2522;3,4992;0
16/05/2019;140,1077;22,7939;27,9775;3,2477;10,6592
17/05/2019;92,0491;22,6145;27,5887;3,1411;10,6592
18/05/2019;193,9672;22,0689;28,7864;3,7121;0
19/05/2019;128,0342;22,1114;29,021;3,6963;0
20/05/2019;186,2813;22,5395;29,5248;3,7994;21,3184
21/05/2019;241,6915;22,5077;30,7238;4,2269;11,3216
22/05/2019;237,5774;22,9049;30,4153;4,0649;0
23/05/2019;57,4187;22,6587;27,7994;3,1908;11,3216
24/05/2019;200,6384;22,6484;30,6863;4,0851;45,2864
25/05/2019;236,2719;23,0957;31,0521;4,1719;0
26/05/2019;235,6117;22,3427;30,3561;4,1345;16,717
27/05/2019;220,5331;22,8257;30,3032;4,0276;8,3585
28/05/2019;196,5889;23,3524;29,7042;3,6495;16,717
29/05/2019;230,8393;22,5424;30,2097;4,0151;8,3585
30/05/2019;240,5359;22,6128;30,5099;4,1083;0
31/05/2019;201,0637;22,5769;29,8012;3,8811;16,717
1/06/2019;126,8227;22,7891;27,2481;3,0059;39,4775
2/06/2019;214,0399;23,1026;29,9649;3,795;0
3/06/2019;132,8049;22,1432;27,2795;3,1499;39,4775
4/06/2019;227,9026;21,8971;30,0795;4,1101;39,4775
5/06/2019;200,2561;22,258;30,247;4,0257;78,9549
6/06/2019;95,6393;22,5606;27,0649;2,9394;0
7/06/2019;203,7288;21,9891;29,1527;3,748;0
8/06/2019;124,2425;22,3446;28,9674;3,5945;0
9/06/2019;129,1517;22,1981;26,831;2,9821;0
10/06/2019;58,1936;22,2314;25,4051;2,418;0
11/06/2019;147,1622;21,6581;27,6169;3,3475;16,1254
12/06/2019;89,5289;22,2247;26,2975;2,7486;5,4885
13/06/2019;113,574;21,399;26,5369;3,0734;9,9396
14/06/2019;176,2929;21,5648;29,0322;3,7783;17,9967
15/06/2019;246,52;21,7348;30,4834;4,233;36,9717
16/06/2019;106,356;22,4264;26,9695;2,9705;0
17/06/2019;94,7957;22,3;26,5348;2,8273;0
18/06/2019;96,9918;22,2134;26,933;2,9743;0
19/06/2019;161,7624;22,0333;28,4817;3,5499;0
20/06/2019;83,7173;21,6863;26,166;2,8848;0
21/06/2019;54,5196;21,3712;23,9904;2,145;0
22/06/2019;133,8641;20,5873;26,1627;3,1698;0
23/06/2019;208,2343;20,6574;28,8269;3,9324;0
24/06/2019;52,5109;21,6864;25,5837;2,6497;0
25/06/2019;146,8684;20,6027;27,2304;3,4486;0
26/06/2019;217,7104;20,8999;29,3019;4,0478;0
27/06/2019;223,7637;20,8668;30,7612;4,4632;25,4486
28/06/2019;175,8323;22,2608;29,9393;3,9318;0
29/06/2019;172,9833;22,3689;28,5753;3,4622;0
30/06/2019;174,9075;21,355;29,3019;3,8789;25,4486
1/07/2019;54,4098;20,8287;24,227;2,4329;0
2/07/2019;138,9146;20,4716;27,5447;3,533;0
3/07/2019;234,4921;21,265;30,8098;4,2815;0
4/07/2019;211,2639;21,804;30,7046;4,2486;0
5/07/2019;91,0853;22,7055;26,8274;2,8146;66,2382
6/07/2019;253,1901;19,7235;32,0431;4,9616;0
7/07/2019;184,1079;21,359;29,2141;3,9441;62,281
8/07/2019;219,0651;21,1334;28,8198;3,8548;0
9/07/2019;85,1763;21,5458;25,6284;2,753;0
10/07/2019;190,7354;21,5871;29,4034;3,9103;0
11/07/2019;199,3921;22,6542;29,3879;3,6731;0
12/07/2019;147,8768;21,9869;27,1374;3,1652;0
13/07/2019;126,6783;22,0237;26,1268;2,7759;0
14/07/2019;189,9884;20,7143;29,4037;4,1013;45,0726
15/07/2019;268,1047;19,5322;31,1543;4,8819;0
16/07/2019;207,6052;21,5592;29,216;3,9031;0
17/07/2019;204,2234;21,5164;30,4207;4,1744;0
18/07/2019;222,6582;20,338;30,6041;4,5381;0
19/07/2019;133,7754;21,6091;27,9036;3,5072;46,9808
20/07/2019;99,6202;21,6941;25,7629;2,7344;46,9808
21/07/2019;172,2363;20,7495;28,3442;3,7869;0
22/07/2019;188,036;21,119;29,4997;4,0682;0
23/07/2019;194,1247;21,0077;29,1304;4,0248;0
24/07/2019;127,2409;20,48;27,8048;3,7632;0
25/07/2019;125,0543;20,3028;26,9967;3,5896;47,5091
26/07/2019;142,9465;20,9645;27,2634;3,4601;0
27/07/2019;130,4038;20,6195;27,8223;3,7955;40,3814
28/07/2019;155,3637;21,5987;27,9005;3,5109;0
29/07/2019;227,877;20,9011;29,9343;4,2863;0
30/07/2019;212,6912;22,3433;29,5522;3,9147;0
31/07/2019;207,5412;22,8126;29,5056;3,7908;0
1/08/2019;187,2086;22,1798;29,6161;3,9853;0
2/08/2019;157,0962;20,9576;28,9274;3,9974;48,9791
3/08/2019;129,1715;20,6647;26,7376;3,4527;24,4895
4/08/2019;154,3288;21,8527;27,9029;3,4862;0
5/08/2019;89,4869;21,2016;24,7516;2,5883;0
6/08/2019;151,28;20,5226;28,4437;3,9264;0
7/08/2019;239,5728;20,7396;29,9898;4,4262;0
8/08/2019;206,7477;21,8589;29,5396;4,0349;0
9/08/2019;254,377;20,6315;31,2258;4,791;0
10/08/2019;200,0355;21,8641;29,4189;4,0305;46,5168
11/08/2019;99,1379;22,6649;25,9648;2,5968;51,1729
12/08/2019;192,8809;21,6193;29,634;4,1129;0
13/08/2019;112,2904;21,56;26,7839;3,2481;0
14/08/2019;142,0149;21,6368;27,3607;3,4272;0
15/08/2019;123,0045;20,8686;27,0206;3,5606;0
16/08/2019;154,4731;21,066;27,9488;3,7281;0
17/08/2019;207,3636;20,1472;29,4054;4,2814;0
18/08/2019;264,2411;20,4335;30,1842;4,5909;0
19/08/2019;227,4215;20,7751;30,9508;4,7477;48,895
20/08/2019;258,5879;20,7967;31,1266;4,8145;0
21/08/2019;277,1851;21,0422;32,3878;5,15;36,523
22/08/2019;265,9265;20,9811;31,1629;4,8093;0
23/08/2019;173,7831;22,5857;28,6242;3,6804;0
24/08/2019;247,5957;22,0323;30,5513;4,3943;36,523
25/08/2019;260,0663;22,5986;30,7702;4,3774;0
26/08/2019;214,4328;21,8551;29,9061;4,235;29,0239
27/08/2019;240,9221;20,4557;30,7613;4,7729;0
28/08/2019;210,1972;22,4534;28,7497;3,7604;0
29/08/2019;287,017;21,404;31,9257;4,9758;0
30/08/2019;286,3736;20,4347;31,6865;5,1087;0
31/08/2019;211,2471;22,3305;30,4464;4,3442;14,512
1/09/2019;266,6318;22,1657;31,2706;4,6218;0
2/09/2019;272,9828;22,0344;32,2837;4,994;0
3/09/2019;281,8823;21,5985;32,1867;5,0989;8,4937
4/09/2019;155,359;21,9847;29,4283;4,1136;0
5/09/2019;253,2641;21,1836;32,2766;5,1235;8,4937
6/09/2019;286,4215;21,615;32,5384;5,1573;10,7504
7/09/2019;275,8339;22,2445;32,367;5,0026;10,7504
8/09/2019;288,1645;21,6072;33,2559;5,378;0
9/09/2019;285,0876;23,1987;33,144;4,977;0
10/09/2019;265,958;22,5471;32,9018;5,0666;0
11/09/2019;267,9631;23,2115;31,5693;4,5388;0
12/09/2019;243,4462;22,4515;32,7656;5,0644;39,1199
13/09/2019;256,058;22,7354;32,3488;4,9171;0
14/09/2019;196,5218;22,5414;31,5178;4,6378;0
15/09/2019;286,5345;22,5095;32,8754;5,0987;0
16/09/2019;295,8718;22,0573;33,2421;5,3026;0
17/09/2019;251,0082;23,397;33,6176;5,0043;19,8451
18/09/2019;276,0008;23,2123;33,2456;4,9713;0
19/09/2019;230,5978;23,2088;31,4922;4,5318;0
20/09/2019;204,063;23,0382;30,4649;4,2455;39,6901
21/09/2019;253,1279;22,9965;33,0234;4,9931;4,7613
22/09/2019;282,1446;22,8632;33,2127;5,0949;0
23/09/2019;218,5228;22,7435;29,8421;4,1079;14,2839
24/09/2019;259,1472;22,6306;32,0171;4,7391;0
25/09/2019;284,7831;22,6658;33,0959;4,9901;0
26/09/2019;263,2359;22,4064;32,5748;4,9362;0
27/09/2019;238,6241;22,7379;30,4701;4,2768;5,751
28/09/2019;275,0929;22,7587;31,2366;4,5283;11,5021
29/09/2019;214,0935;22,9967;30,3458;4,1175;11,5021
30/09/2019;244,6142;22,2017;30,0168;4,2389;0
1/10/2019;280,2941;22,975;31,8495;4,658;0
2/10/2019;223,6568;22,6517;30,0396;4,1503;0
3/10/2019;174,0085;22,301;28,746;3,7943;39,5255
4/10/2019;283,673;21,2224;31,6638;4,9359;0
5/10/2019;286,9242;21,2344;32,1878;5,1123;0
6/10/2019;233,2197;22,3487;30,4339;4,347;0
7/10/2019;239,817;21,1304;31,4046;4,8418;0
8/10/2019;173,9226;21,536;29,3397;4,0872;32,9372
9/10/2019;239,9542;20,9493;30,4828;4,5651;16,4686
10/10/2019;227,1032;22,9442;30,4331;4,1516;0
11/10/2019;112,7496;22,6178;27,2305;3,1542;12,3611
12/10/2019;212,8936;22,5053;28,6753;3,688;12,3611
13/10/2019;243,5205;22,5239;31,3218;4,4915;0
14/10/2019;278,255;21,0535;31,1692;4,8247;0
15/10/2019;182,2036;21,9783;29,9555;4,1928;12,3611
16/10/2019;261,3377;21,257;30,7763;4,5764;0
17/10/2019;264,5704;22,3326;30,8689;4,3842;0
18/10/2019;225,5609;22,1403;28,9001;3,8684;4,2076
19/10/2019;215,3;22,502;30,1116;4,0966;0
20/10/2019;205,8724;21,704;28,941;3,9605;16,8305
21/10/2019;259,9495;21,9346;30,7633;4,4165;0
22/10/2019;229,2899;21,577;30,3783;4,4031;21,764
23/10/2019;209,7663;22,4296;30,242;4,1561;0
24/10/2019;221,1114;21,9304;29,7617;4,1134;21,764
25/10/2019;177,2125;21,941;28,6753;3,715;21,764
26/10/2019;265,6488;22,1202;31,3689;4,516;0
27/10/2019;237,4587;22,0436;30,379;4,2918;0
28/10/2019;220,0189;21,6657;30,0653;4,275;17,8166
29/10/2019;278,4907;21,6941;31,3517;4,6447;0
30/10/2019;268,983;22,1444;31,6181;4,5891;0
31/10/2019;221,7399;22,6029;30,4464;4,1418;26,7249
1/11/2019;183,6816;22,3199;29,4935;3,8926;0
2/11/2019;204,2228;22,2897;29,3402;3,8282;13,6927
3/11/2019;227,5143;21,0115;30,5252;4,4431;0
4/11/2019;269,8529;21,8937;31,2919;4,5446;6,8463
5/11/2019;263,2737;22,5037;31,9783;4,5562;0
6/11/2019;241,4977;22,848;31,5877;4,3537;0
7/11/2019;248,9432;22,1279;30,8026;4,3028;13,2479
8/11/2019;240,5456;22,6306;30,6803;4,1752;0
9/11/2019;175,998;22,9353;28,9951;3,5339;13,2479
10/11/2019;146,222;22,8806;28,747;3,4585;13,2479
11/11/2019;152,6222;23,0305;28,9971;3,4576;12,2572
12/11/2019;152,285;22,243;28,7006;3,5486;8,3812
13/11/2019;251,8479;21,9585;30,5014;4,1572;14,1068
14/11/2019;249,2312;22,6862;30,8504;4,1394;31,9928
15/11/2019;214,9505;22,7415;29,8741;3,8429;0,5107
16/11/2019;188,8491;22,3941;29,5891;3,8004;25,1129
17/11/2019;195,8938;22,855;29,9573;3,7852;6,2782
18/11/2019;159,2384;22,4091;29,1514;3,6354;31,3911
19/11/2019;241,7739;21,9123;30,3493;4,1137;0
20/11/2019;188,6205;21,9333;28,8028;3,6551;0
21/11/2019;210,3987;22,9151;30,0335;3,7729;8,4213
22/11/2019;232,7733;22,1404;30,2749;4,0382;0
23/11/2019;223,8288;22,3144;30,1517;3,9444;0
24/11/2019;200,2999;22,0848;29,718;3,8911;0
25/11/2019;237,6934;21,7532;30,8509;4,2574;0
26/11/2019;218,6328;22,8647;30,5886;3,9634;0
27/11/2019;245,5645;22,0542;31,3148;4,363;0
28/11/2019;274,624;22,1681;32,3497;4,6189;0
29/11/2019;245,0378;22,5105;31,3489;4,292;58,0356
30/11/2019;178,354;23,6249;29,4136;3,4062;0
1/12/2019;222,8499;22,8664;31,1422;4,0831;0
2/12/2019;227,6734;21,7227;31,3965;4,4575;0
3/12/2019;240,4165;22,4079;31,6319;4,3425;0
4/12/2019;263,8585;21,2996;32,5947;4,8213;0
5/12/2019;248,1512;22,9719;31,3677;4,1654;0
6/12/2019;263,6226;21,9602;31,8113;4,494;0
7/12/2019;233,0676;22,3312;31,5591;4,3546;18,6229
8/12/2019;218,0789;23,4284;30,6382;3,8129;0
9/12/2019;239,624;22,0502;30,7096;4,1623;0
10/12/2019;247,7174;22,4862;31,9811;4,4113;0
11/12/2019;214,2782;22,5501;31,6211;4,3001;0
12/12/2019;180,3318;23,9288;30,9036;3,7251;0
13/12/2019;184,978;23,4446;29,2341;3,3482;0
14/12/2019;199,2625;23,6782;30,9043;3,8079;0
15/12/2019;175,1687;22,9839;29,1951;3,4674;0
16/12/2019;176,5369;22,5105;30,842;4,018;0
17/12/2019;207,9399;22,6689;30,6817;3,9803;0
18/12/2019;162,0032;23,1926;31,4527;4,0468;0
19/12/2019;214,6156;22,9905;31,6272;4,1763;0
20/12/2019;219,4128;21,8952;30,4679;4,0915;0
21/12/2019;163,967;22,9996;29,0373;3,3752;21,6439
22/12/2019;146,714;23,4513;30,9004;3,8226;0
23/12/2019;228,0334;23,2015;31,6772;4,1693;0
24/12/2019;237,6866;23,7812;31,5368;3,9921;10,8219
25/12/2019;213,8525;23,7179;30,6313;3,7448;10,8219
26/12/2019;187,5129;22,8364;29,6818;3,6543;5,3567
27/12/2019;222,051;23,484;31,7501;4,1164;16,07
28/12/2019;239,1326;22,9349;31,8546;4,2743;10,7133
29/12/2019;232,9521;22,4431;31,7764;4,3888;0
30/12/2019;220,6164;23,9974;31,0031;3,7949;0
31/12/2019;226,0385;23,3583;31,5779;4,1221;0
1/01/2020;208,0596;24,1665;32,1846;4,1109;0
2/01/2020;209,6417;24,0005;31,4033;3,934;0
3/01/2020;252,5426;23,5458;31,7718;4,1312;0
4/01/2020;278,7469;21,806;32,5232;4,6701;0
5/01/2020;282,7968;21,4527;32,8706;4,8423;0
6/01/2020;266,5409;22,697;33,0947;4,678;0
7/01/2020;257,2859;23,3621;33,3;4,6177;0
8/01/2020;284,7263;23,3923;33,8408;4,7842;0
9/01/2020;262,0047;23,0087;33,5713;4,7915;0
10/01/2020;262,2202;22,8494;33,314;4,7576;0
11/01/2020;197,511;24,1443;32,5131;4,2309;0
12/01/2020;234,5401;24,5961;32,9301;4,2868;0
13/01/2020;208,5454;24,4496;32,5824;4,232;0
14/01/2020;242,4291;24,2871;33,675;4,5969;0
15/01/2020;227,6911;23,3754;33,6394;4,7952;0
16/01/2020;195,6475;24,0261;32,6883;4,3862;0
17/01/2020;144,1213;23,4431;30,5778;3,8529;0
18/01/2020;167,9758;23,896;30,0902;3,6323;0
19/01/2020;204,6569;22,6473;31,1537;4,2754;0
20/01/2020;176,1769;23,1398;31,9912;4,3418;30,3682
21/01/2020;212,5201;23,3049;32,7982;4,5504;0
22/01/2020;213,231;23,7367;33,8431;4,7766;0
23/01/2020;200,2487;25,2206;33,2987;4,3589;0
24/01/2020;233,9062;24,9741;34,6022;4,8221;0
25/01/2020;150,9008;25,5888;32,5937;4,06;0
26/01/2020;183,2365;23,5818;32,4704;4,5054;0
27/01/2020;270,0284;24,6181;35,2627;5,084;0
28/01/2020;251,2173;25,2206;35,3818;5,0375;0
29/01/2020;233,5823;24,8663;35,1118;5,0671;0
30/01/2020;261,3532;26,4273;35,5351;4,8328;0
31/01/2020;222,4865;25,4235;35,1094;4,9482;0
1/02/2020;224,0197;25,3708;34,8321;4,8781;0
2/02/2020;235,2031;24,1998;32,921;4,6021;0
3/02/2020;253,7345;24,0802;34,4589;5,0134;0
4/02/2020;302,0945;23,024;36,096;5,7562;0
5/02/2020;308,6693;22,339;36,2279;5,8796;0
6/02/2020;303,9087;22,8098;36,2429;5,8078;0
7/02/2020;302,344;22,2698;36,2788;5,9435;0
8/02/2020;225,8075;24,4301;35,7018;5,3892;6,4369
9/02/2020;224,6855;25,7834;35,5431;5,0808;0
10/02/2020;271,434;24,9387;36,0579;5,4178;0
11/02/2020;227,6451;24,0265;35,9041;5,6066;0
12/02/2020;251,2575;23,2498;37,2211;6,0637;0
13/02/2020;224,8482;23,8833;35,6885;5,5629;0
14/02/2020;233,4857;26,0069;35,6238;5,1036;0
15/02/2020;270,5844;26,6045;35,9351;5,0637;5,7224
16/02/2020;190,9109;25,756;35,8842;5,28;0
17/02/2020;259,8324;24,8045;36,5096;5,7011;0
18/02/2020;262,9666;25,4132;36,5345;5,5926;0
19/02/2020;130,2195;25,3757;33,4371;4,5382;0
20/02/2020;181,8956;25,0801;35,0373;5,0758;0
21/02/2020;215,996;24,9815;36,2907;5,5889;0
22/02/2020;215,8741;26,276;36,1658;5,2657;0
23/02/2020;159,1985;24,9526;33,0842;4,5497;0
24/02/2020;200,4875;23,9303;33,7945;4,9653;0
25/02/2020;239,9149;24,2416;34,7088;5,2167;0
26/02/2020;226,0282;24,423;33,1661;4,7355;0
27/02/2020;208,0684;25,8085;34,3372;4,7865;0
28/02/2020;263,0122;24,6741;34,4664;5,1585;0
29/02/2020;251,1302;25,4234;35,8826;5,4215;0
1/03/2020;276,2167;25,4444;35,772;5,3975;0
2/03/2020;243,4624;25,4344;33,6469;4,6685;0
3/03/2020;247,2198;25,063;33,442;4,676;0
4/03/2020;280,3274;25,0526;36,0553;5,522;0
5/03/2020;314,4301;23,5116;36,1825;6,0031;0
6/03/2020;313,7253;23,2933;36,8837;6,1945;0
7/03/2020;261,1086;24,1341;36,774;6,0525;0
8/03/2020;270,9724;25,3139;34,9473;5,2767;17,6824
9/03/2020;183,5808;24,1912;32,32;4,6554;0
10/03/2020;208,5364;24,9358;33,6656;4,8214;0
11/03/2020;247,9999;22,8154;33,8291;5,281;0
12/03/2020;138,8345;25,0297;32,8854;4,5391;0
13/03/2020;198,861;23,9918;31,9642;4,5488;0
14/03/2020;127,7785;23,3433;29,9246;3,9079;84,5234
15/03/2020;242,9022;23,7628;32,3782;4,6453;0
16/03/2020;256,8959;23,1178;32,4067;4,8801;3,639
17/03/2020;261,087;24,7501;33,5378;4,8897;0
18/03/2020;225,2081;24,5137;32,6782;4,7138;0
19/03/2020;248,7407;24,853;33,1136;4,7392;0
20/03/2020;243,8193;24,3893;32,8423;4,7823;0
21/03/2020;261,5356;24,2261;33,931;5,1144;0
22/03/2020;241,7923;23,9344;34,5861;5,3616;0
23/03/2020;247,574;23,772;34,664;5,4496;0
24/03/2020;250,8872;23,8153;32,7861;4,9199;0
25/03/2020;265,2407;23,8892;33,5686;5,1366;0
26/03/2020;222,5455;25,0422;33,6954;4,9005;0
27/03/2020;219,0076;25,1411;34,6667;5,1552;5,237
28/03/2020;256,2222;26,3375;35,6786;5,2068;0
29/03/2020;185,3412;24,4966;34,1651;5,1709;0
30/03/2020;218,9789;25,0661;33,7107;4,7885;0
31/03/2020;98,8566;23,3931;27,4359;3,0676;0
1/04/2020;112,1113;23,7674;29,2147;3,5969;16,9183
2/04/2020;133,1892;23,258;27,3825;3,0747;33,8365
3/04/2020;264,4037;22,38;31,9381;4,8422;0
4/04/2020;241,9641;23,2142;31,0413;4,4597;0
5/04/2020;235,7515;22,7372;30,9264;4,4597;33,8365
6/04/2020;278,7681;22,9981;32,3114;4,7666;0
7/04/2020;234,04;23,2063;31,326;4,4391;20,3827
8/04/2020;192,0917;23,9622;30,8477;4,0959;10,1914
9/04/2020;190,7624;23,5321;29,8659;3,8817;40,7654
10/04/2020;202,7865;23,6135;30,6027;4,1213;0
11/04/2020;156,5985;23,6868;29,5236;3,6729;9,4664
12/04/2020;223,7321;23,4889;32,4808;4,7232;0
13/04/2020;300,8569;21,7326;33,6209;5,4869;9,4664
14/04/2020;299,7298;22,8357;33,7246;5,3098;0
15/04/2020;265,2402;23,9779;33,4437;4,9839;0
16/04/2020;220,9878;24,3565;32,2809;4,5234;0
17/04/2020;219,1818;23,5698;30,948;4,2756;0
18/04/2020;184,9518;23,7035;29,2952;3,6189;0
19/04/2020;259,4864;22,1011;31,287;4,5936;0
20/04/2020;276,6654;22,4596;31,7007;4,729;0
21/04/2020;255,6681;23,3259;31,4918;4,4522;0
22/04/2020;198,762;23,7938;30,2398;3,9551;11,1546
23/04/2020;244,6831;22,2127;31,2728;4,5877;11,1546
24/04/2020;274,4097;22,4772;32,6417;4,9964;0
25/04/2020;243,7297;23,9243;32,5277;4,613;0
26/04/2020;275,4555;21,6711;33,2015;5,2998;0
27/04/2020;239,4053;23,4062;31,8444;4,5687;19,1951
28/04/2020;229,2763;23,1044;31,3755;4,42;19,1951
29/04/2020;168,6604;22,7205;28,6078;3,6144;57,5853
30/04/2020;196,3629;24,0675;30,9595;3,9896;19,1951
1/05/2020;177,4662;22,7525;29,5812;3,8766;30,0983
2/05/2020;173,9138;23,5331;30,0751;3,8483;0
3/05/2020;60,2662;22,9903;27,5931;3,1112;30,0983
4/05/2020;206,112;21,8719;30,7357;4,3848;0
5/05/2020;209,903;22,9554;31,1468;4,315;20,0656
6/05/2020;255,2518;22,2657;32,5388;4,8692;59,7985
7/05/2020;175,5539;23,8745;29,9618;3,7046;29,8993
8/05/2020;69,7353;22,8816;27,691;3,168;29,8993
9/05/2020;174,5843;22,3582;28,3032;3,5118;0
10/05/2020;175,325;22,3605;29,2026;3,8198;0
11/05/2020;276,4985;22,4295;31,8602;4,6623;0
12/05/2020;253,4459;22,5077;31,8818;4,6866;15,8419
13/05/2020;217,9888;23,0076;29,8101;3,8802;47,5257
14/05/2020;235,7961;22,8447;31,3292;4,3401;0
15/05/2020;142,9312;23,4641;27,3485;2,8541;15,8419
16/05/2020;195,8631;22,803;29,5557;3,7954;0
17/05/2020;210,6865;22,7536;28,7824;3,558;19,8905
18/05/2020;120,3825;22,9119;28,3502;3,3598;19,8905
19/05/2020;200,2041;22,5366;29,9048;3,9683;59,6714
20/05/2020;229,1536;22,7483;31,5682;4,3989;0
21/05/2020;230,4045;24,0119;31,4311;4,0886;4,1275
22/05/2020;211,9361;23,5604;31,5495;4,2042;3,97
23/05/2020;214,8807;23,0625;30,7532;4,077;10,8448
24/05/2020;196,8371;22,4976;29,6086;3,8559;11,6557
25/05/2020;164,9366;23,2248;28,3962;3,2738;25,5592
26/05/2020;46,9116;22,514;25,323;2,3176;0
27/05/2020;176,6106;21,9868;28,8677;3,6828;0
28/05/2020;89,8742;23,1131;25,9661;2,3831;0
29/05/2020;247,3513;21,5557;30,3078;4,2257;0
30/05/2020;223,5207;22,4344;30,2312;4,0519;64,599
31/05/2020;184,4735;23,486;29,3345;3,476;0
1/06/2020;207,9342;22,7151;30,7197;4,0564;5,9317
2/06/2020;238,1425;22,357;30,4902;4,1398;8,3678
3/06/2020;147,3639;22,2542;28,1245;3,425;54,678
4/06/2020;215,2362;22,2815;29,8293;3,9301;17,0613
5/06/2020;251,9345;22,8986;31,0833;4,1462;8,2814
6/06/2020;181,7676;22,0171;28,5952;3,6127;23,3002
7/06/2020;220,2301;23,0555;30,5054;3,9413;7,7667
8/06/2020;211,8447;21,7257;29,1326;3,8425;23,3002
9/06/2020;202,7393;22,9858;31,3684;4,1817;0
10/06/2020;236,5366;22,6529;31,0944;4,1978;0
11/06/2020;173,1981;21,9211;29,0554;3,7232;14,9423
12/06/2020;249,7958;22,3195;30,6462;4,1025;17,0676
13/06/2020;248,7767;22,8204;30,9576;4,1659;16,1025
14/06/2020;185,5914;22,6894;29,8529;3,7668;31,3869
15/06/2020;138,0369;22,1716;28,9653;3,6174;6,7891
16/06/2020;260,7661;21,3345;31,5837;4,5833;0
17/06/2020;153,7308;21,8809;29,0877;3,7269;0
18/06/2020;175,3394;21,5557;29,0351;3,7893;0
19/06/2020;207,1407;22,1068;29,5672;3,821;0
20/06/2020;164,444;21,6407;28,2138;3,5633;73,0681
21/06/2020;191,6172;21,4815;28,1678;3,55;0
22/06/2020;92,8243;22,379;28,8995;3,4927;0
23/06/2020;194,6173;22,0066;29,0948;3,6933;0
24/06/2020;225,5849;22,6051;30,4698;4,0081;63,8505
25/06/2020;165,0021;22,2451;28,4056;3,4842;0
26/06/2020;192,8888;22,3097;29,8387;3,8338;23,5834
27/06/2020;160,2521;21,6679;28,1134;3,5175;23,5834
28/06/2020;166,453;22,1995;27,7938;3,263;23,5834
29/06/2020;193,8267;21,7218;29,1028;3,7753;0
30/06/2020;241,5562;21,3757;30,6137;4,3541;0
1/07/2020;190,5712;22,1963;29,5059;3,8335;0
2/07/2020;159,5904;21,4674;27,0355;3,2335;46,116
3/07/2020;191,4918;21,0648;29,4189;4,0093;0
4/07/2020;133,735;22,1695;26,0405;2,7168;30,744
5/07/2020;229,1081;21,328;29,697;4,0421;0
6/07/2020;170,9961;21,3254;28,5306;3,7104;0
7/07/2020;209,4186;21,7979;29,8664;3,9609;0
8/07/2020;242,9933;21,6863;30,3628;4,1844;0
9/07/2020;203,2124;21,9957;29,398;3,8302;60,5615
10/07/2020;153,086;22,4432;29,5639;3,7788;0
11/07/2020;155,3396;21,2212;26,5723;3,1931;0
12/07/2020;262,8739;22,219;30,3199;4,055;12,0649
13/07/2020;214,0285;22,1171;29,1909;3,7659;12,0649
14/07/2020;236,1044;21,0781;28,9903;3,9788;24,1299
15/07/2020;155,9934;20,8812;27,7425;3,6024;12,0649
16/07/2020;242,7148;21,5794;30,6315;4,2985;3,7586
17/07/2020;182,5919;21,1833;28,3668;3,7742;5,3911
18/07/2020;220,6982;21,3683;30,8755;4,3866;0,8197
19/07/2020;235,5515;21,0751;30,4129;4,3474;0,1532
20/07/2020;122,9472;22,3036;28,2299;3,4245;0,9764
21/07/2020;199,5174;22,0617;28,612;3,6395;26,8816
22/07/2020;199,8596;22,1362;29,1041;3,7549;26,8816
23/07/2020;221,7823;21,6091;30,0763;4,1443;0
24/07/2020;149,2901;22,388;29,609;3,7754;0
25/07/2020;92,653;21,9737;25,6452;2,6319;53,7632
26/07/2020;163,0756;21,5854;28,1856;3,594;0
27/07/2020;230,3312;21,2069;30,211;4,3135;0
28/07/2020;218,844;22,3222;30,3009;4,0894;34,4773
29/07/2020;214,7106;21,4963;29,9014;4,1741;0
30/07/2020;61,0966;22,6821;26,4822;2,7243;68,9547
31/07/2020;238,7852;21,6156;30,5108;4,3187;0
1/08/2020;130,2615;22,551;29,3517;3,7976;0
2/08/2020;260,771;22,0721;30,934;4,4035;0
3/08/2020;194,5455;22,7587;30,0135;3,9779;0
4/08/2020;165,902;23,2171;29,4304;3,6879;0
5/08/2020;139,9192;22,9567;29,2129;3,654;0
6/08/2020;211,8316;21,7991;29,9447;4,1981;0
7/08/2020;126,0164;22,8373;28,0408;3,3043;0
8/08/2020;203,2667;22,3586;29,8356;3,9782;0
9/08/2020;119,7995;22,3794;28,2773;3,561;0
10/08/2020;147,406;22,166;28,6399;3,7229;0
11/08/2020;221,8145;22,3256;30,4812;4,2662;0
12/08/2020;142,642;22,3808;27,2712;3,2108;7,8142
13/08/2020;72,7193;22,4533;25,3613;2,4235;39,0711
14/08/2020;224,2589;21,8446;30,4577;4,342;7,8142
15/08/2020;246,5756;22,1827;30,8213;4,3786;0
16/08/2020;205,2171;22,2098;30,136;4,164;0
17/08/2020;164,6374;22,7503;29,0243;3,6934;22,083
18/08/2020;227,5905;21,0174;30,9168;4,6817;0
19/08/2020;253,7195;22,6821;31,1834;4,4428;11,0415
20/08/2020;271,5738;22,6398;30,9672;4,4236;11,0415
21/08/2020;259,4177;21,8709;31,7094;4,767;20,7014
22/08/2020;156,9177;22,2577;27,969;3,4708;62,1042
23/08/2020;164,2361;22,0915;26,9516;3,2043;0
24/08/2020;217,4287;21,8166;28,9929;3,9444;0
25/08/2020;265,4332;22,1991;29,5309;4,0683;0
26/08/2020;244,8802;22,3813;30,157;4,2229;0
27/08/2020;248,4748;21,8778;30,1522;4,3262;0
28/08/2020;281,8728;21,0457;31,2172;4,8279;24,1973
29/08/2020;261,073;22,138;32,1513;4,832;24,1973
30/08/2020;230,3651;22,8271;30,7597;4,3265;24,1973
31/08/2020;222,5484;22,3354;29,8357;4,1672;0
1/09/2020;242,4852;22,4618;30,3937;4,2976;0
2/09/2020;168,2209;22,3399;30,6216;4,3464;0
3/09/2020;267,9922;22,1704;31,3191;4,6093;0
4/09/2020;229,8012;21,8733;29,3793;4,0923;0
5/09/2020;285,84;21,0754;32,3887;5,1878;0
6/09/2020;290,6976;21,978;31,3649;4,7335;12,8175
7/09/2020;282,5869;21,3955;32,5684;5,2265;0
8/09/2020;230,3513;22,5784;30,5926;4,3423;25,6351
9/09/2020;242,7575;21,5293;31,438;4,8635;0
10/09/2020;282,5806;21,7433;31,6645;4,8539;0
11/09/2020;277,3844;22,379;32,1875;4,8902;0
12/09/2020;273,7998;22,9965;31,8904;4,6551;0
13/09/2020;220,6217;22,6523;30,3786;4,2067;0
14/09/2020;282,7949;21,1028;32,8606;5,3263;0
15/09/2020;284,6663;22,0678;31,8927;4,9057;0
16/09/2020;266,3778;22,7175;30,834;4,3989;1,1994
17/09/2020;279,6891;22,0234;30,856;4,5345;12,6726
18/09/2020;265,4732;22,8576;30,993;4,4398;3,1661
19/09/2020;183,666;22,9965;29,0084;3,7277;21,6017
20/09/2020;231,5751;22,4349;30,9585;4,4216;29,2435
21/09/2020;268,6998;21,8095;32,0112;4,9194;0
22/09/2020;288,7846;20,3316;32,4179;5,3997;0
23/09/2020;245,992;22,2906;31,727;4,7183;43,9335
24/09/2020;215,7063;22,9773;30,3577;4,1676;0
25/09/2020;293,7944;20,7537;32,4345;5,2917;0
26/09/2020;297,2129;21,7399;31,494;4,8354;0
27/09/2020;226,1547;23,9386;31,4625;4,2298;20,5056
28/09/2020;293,0502;21,46;31,8349;4,9759;0
29/09/2020;198,5619;21,7277;28,9513;4,0562;20,5056
30/09/2020;210,014;23,4831;29,5355;3,7627;20,5056
1/10/2020;291,9272;21,9801;32,0102;4,895;0
2/10/2020;268,5027;22,0332;31,6521;4,7998;0
3/10/2020;229,8123;22,7109;30,9558;4,3843;30,5458
4/10/2020;214,0585;22,2428;29,738;4,094;0
5/10/2020;259,9071;21,6972;31,7135;4,8208;0
6/10/2020;283,9654;21,5353;31,5901;4,8811;0
7/10/2020;256,8336;22,0558;30,7661;4,5092;29,2309
8/10/2020;160,3345;23,1931;27,7846;3,1939;0
9/10/2020;268,1161;22,4628;32,3433;4,8011;0
10/10/2020;285,4653;21,3427;31,3817;4,8667;29,2309
11/10/2020;274,3711;21,3861;32,1608;5,0281;0
12/10/2020;232,5571;21,9586;30,872;4,4252;20,3354
13/10/2020;180,9855;22,5971;30,8097;4,2633;0
14/10/2020;272,9466;22,8832;31,6454;4,5269;0
15/10/2020;265,5308;22,245;31,1949;4,5252;20,3354
16/10/2020;219,4799;22,0337;30,6671;4,4116;0
17/10/2020;234,185;22,3551;30,9;4,3985;0
18/10/2020;250,0741;23,3292;31,229;4,2886;0
19/10/2020;259,6031;23,0422;31,6924;4,4766;0
20/10/2020;238,29;22,6681;31,079;4,3431;0
21/10/2020;221,2299;22,6741;31,2007;4,3368;17,5092
22/10/2020;233,8688;22,6153;30,3964;4,143;8,7546
23/10/2020;269,0882;23,0871;31,5985;4,4255;8,7546
24/10/2020;227,3301;23,4065;31,3138;4,2345;0
25/10/2020;268,6921;22,7426;32,1638;4,6619;0
26/10/2020;275,7642;22,5113;32,2434;4,7677;0,3882
27/10/2020;250,8835;22,7015;31,7059;4,5706;4,4966
28/10/2020;201,7306;23,0593;30,7721;4,1427;5,7825
29/10/2020;258,4148;23,8868;32,0762;4,3613;5,1669
30/10/2020;231,0157;24,1937;32,2532;4,3301;6,4104
31/10/2020;168,8264;22,9985;28,1482;3,3186;17,3953
1/11/2020;115,2233;22,7496;27,2381;2,9907;21,7372
2/11/2020;175,6418;22,4834;28,6561;3,5457;10,8686
3/11/2020;120,0106;22,1368;27,7244;3,3218;0
4/11/2020;107,7304;22,4752;26,5158;2,8079;32,6058
5/11/2020;172,4451;22,4744;30,3569;4,0135;0
6/11/2020;244,0917;22,9806;30,4853;4,025;0
7/11/2020;199,7376;23,0884;29,4088;3,638;34,3474
8/11/2020;173,9996;22,5883;30,3712;3,9961;0
9/11/2020;225,8456;22,5118;31,3132;4,333;0
10/11/2020;210,7351;23,2383;29,7788;3,7204;11,4491
11/11/2020;180,2291;22,9382;29,8807;3,7631;27,6629
12/11/2020;220,6916;22,2253;30,5795;4,1524;9,221
13/11/2020;249,3801;22,4643;30,4889;4,1063;9,221
14/11/2020;199,548;23,0404;30,3661;3,8999;0
15/11/2020;237,2044;23,5305;31,4358;4,0865;0
16/11/2020;187,6961;22,7987;30,1708;3,8756;11,9675
17/11/2020;145,3979;22,8295;28,4961;3,3444;3,9892
18/11/2020;208,0068;22,5764;29,5621;3,7422;7,9783
19/11/2020;221,4175;22,2152;30,3294;4,0547;0
20/11/2020;256,0788;21,7865;30,474;4,2169;0
21/11/2020;226,4611;21,3317;29,9762;4,166;17,8514
22/11/2020;242,8737;22,3741;30,262;4,0189;0
23/11/2020;201,0893;21,7622;29,5374;3,9227;0
24/11/2020;232,0011;22,4993;30,5232;4,0383;17,8514
25/11/2020;241,0602;22,811;30,6885;4,0106;0
26/11/2020;212,6127;22,5008;29,4693;3,7412;30,1288
27/11/2020;181,4035;22,4437;28,8369;3,5058;0
28/11/2020;149,7385;22,1547;27,1746;3,0347;30,1288
29/11/2020;222,496;21,2821;29,8503;4,0015;0
30/11/2020;198,0649;22,0575;30,0737;3,9292;0
1/12/2020;150,0175;21,8711;28,8494;3,5743;17,9794
2/12/2020;175,3075;22,1422;29,6149;3,7107;17,9794
3/12/2020;257,5314;21,7404;31,0108;4,2494;0
4/12/2020;239,2276;22,0583;29,9038;3,9208;0
5/12/2020;209,9614;21,7488;30,6255;4,1673;0
6/12/2020;216,577;20,7777;29,8519;4,1634;12,9236
7/12/2020;233,6746;21,5224;30,4033;4,1389;25,8473
8/12/2020;163,533;22,1374;28,5636;3,4153;25,8473
9/12/2020;172,2039;21,7781;29,1857;3,6609;0
10/12/2020;243,9581;21,5337;30,1575;4,031;0
11/12/2020;243,351;21,9166;30,3379;4,061;0
12/12/2020;244,3331;22,208;30,1398;3,9396;0
13/12/2020;252,0128;21,9752;30,7307;4,1091;0
14/12/2020;222,026;19,8853;31,37;4,6724;0
15/12/2020;236,7755;21,9557;30,3673;4,0116;0
16/12/2020;225,5338;22,1223;29,8965;3,8688;0
17/12/2020;232,7975;21,7234;30,5106;4,1453;0
18/12/2020;228,1862;21,6719;29,7754;3,9372;0
19/12/2020;247,2571;21,5375;30,2914;4,1291;0
20/12/2020;244,031;21,1775;30,3746;4,2279;0
21/12/2020;249,6108;22,1805;31,4768;4,2981;0
22/12/2020;226,5582;22,7764;31,6937;4,2486;0
23/12/2020;231,9594;22,5446;31,1414;4,1545;0
24/12/2020;201,7907;23,2387;29,8193;3,6216;0
25/12/2020;247,8779;22,3668;31,7949;4,3691;0
26/12/2020;223,27;22,5735;31,3679;4,2367;0
27/12/2020;223,9366;23,2864;31,9359;4,222;0
28/12/2020;231,4348;22,5344;31,857;4,3886;0
29/12/2020;239,7199;23,1664;31,8534;4,2527;14,6407
30/12/2020;236,4461;22,9691;31,0375;4,0752;0
31/12/2020;244,0049;22,3332;31,2181;4,2464;0
1/01/2021;180,6057;23,6581;31,086;3,9007;0
2/01/2021;171,1428;22,7832;29,1486;3,5297;0
3/01/2021;185,0624;22,3057;30,2973;3,9831;0
4/01/2021;187,0836;22,8206;31,091;4,0964;0
5/01/2021;237,8659;23,1713;32,0347;4,294;0
6/01/2021;234,6269;21,9132;33,1768;4,8446;0
7/01/2021;239,1736;23,2719;33,5753;4,7037;0
8/01/2021;150,6983;22,5467;28,5514;3,3996;33,5024
9/01/2021;208,8713;21,3814;29,4209;3,9132;33,5024
10/01/2021;164,5591;21,7644;29,4111;3,8179;0
11/01/2021;194,1925;22,3602;28,9153;3,5333;0
12/01/2021;265,913;21,2613;31,6074;4,573;0
13/01/2021;268,3113;21,9401;31,1917;4,3462;0
14/01/2021;281,4256;20,79;31,6076;4,6929;0
15/01/2021;280,341;21,9645;31,7994;4,5327;0
16/01/2021;277,233;21,3097;32,4268;4,8239;0
17/01/2021;286,3452;22,0334;32,8971;4,8341;0
18/01/2021;279,6678;22,9182;33,3207;4,7805;0
19/01/2021;264,7726;23,6162;33,0706;4,6052;0
20/01/2021;236,2476;21,2527;32,4983;4,9216;0
21/01/2021;245,0269;21,4238;32,2734;4,8297;0
22/01/2021;177,0707;23,3282;31,6895;4,2786;0
23/01/2021;192,0257;22,4231;32,1493;4,5536;0
24/01/2021;234,825;22,7263;31,5878;4,3967;0
25/01/2021;184,9363;23,3599;31,6996;4,27;0
26/01/2021;252,1602;22,5971;33,4885;4,9641;0
27/01/2021;276,3847;21,6174;34,3429;5,3815;0
28/01/2021;297,3727;21,0396;34,9502;5,6575;0
29/01/2021;298,8356;22,2532;34,7758;5,4233;0
30/01/2021;280,0838;23,0448;35,3747;5,4395;0
31/01/2021;249,3612;23,4376;35,4704;5,3821;0
1/02/2021;230,8394;24,6968;34,4634;4,9157;3,5034
2/02/2021;274,3064;24,4298;35,8664;5,4229;0
3/02/2021;233,2756;24,9817;35,836;5,319;0
4/02/2021;214,0592;23,8485;34,1339;5,0595;0
5/02/2021;210,2343;25,5218;33,6965;4,5031;0
6/02/2021;249,1532;24,8766;34,9435;5,0129;0
7/02/2021;235,3708;24,7039;34,9112;5,0991;0
8/02/2021;251,565;25,1138;36,1853;5,401;0
9/02/2021;188,4175;25,1089;34,9061;5,1007;0
10/02/2021;238,2681;26,4846;35,2669;4,8471;7,5116
11/02/2021;205,2797;23,7321;34,3245;5,1744;7,8402
12/02/2021;200,7721;25,9853;35,322;4,9809;0
13/02/2021;276,7849;25,5685;36,4694;5,4455;0
14/02/2021;217,955;25,2202;35,4544;5,2183;0
15/02/2021;270,5665;24,4039;37,0806;5,851;0
16/02/2021;211,3348;26,2387;35,1545;4,9625;0
17/02/2021;154,7247;25,8303;32,8688;4,2961;0
18/02/2021;244,9919;25,401;35,4422;5,1833;0
19/02/2021;215,2138;25,861;35,0686;4,962;0
20/02/2021;205,5918;24,7343;35,3763;5,3368;0
21/02/2021;160,0512;26,0844;35,6486;5,0887;0
22/02/2021;150,9235;27,006;34,8235;4,6273;0
23/02/2021;224,7371;26,1246;35,8365;5,2223;0
24/02/2021;171,3307;25,7304;32,0022;4,0232;4,2448
25/02/2021;205,5183;24,2997;34,7932;5,1776;0
26/02/2021;231,1144;24,9051;34,7705;5,0891;0
27/02/2021;168,073;25,5065;33,1427;4,497;0
28/02/2021;182,7649;25,3328;33,5025;4,6851;0
1/03/2021;144,9081;25,3558;33,4422;4,6212;0
2/03/2021;208,5812;25,726;34,5766;4,8703;0
3/03/2021;280,9088;24,6909;36,1658;5,6384;0
4/03/2021;237,7451;25,7738;35,8607;5,3019;0
5/03/2021;223,8837;25,9651;34,1944;4,7663;0
6/03/2021;242,428;23,2911;34,0055;5,2941;11,7377
7/03/2021;137,9069;24,4346;30,9676;3,9828;0
8/03/2021;207,6064;23,4343;32,7608;4,7904;35,2131
9/03/2021;268,6529;22,4039;33,8851;5,4698;0
10/03/2021;214,8745;23,4845;31,8412;4,658;0
11/03/2021;183,826;23,4954;32,6399;4,8019;0
12/03/2021;198,4638;24,0263;33,1933;4,9177;0
13/03/2021;171,9501;22,8577;29,3347;3,9479;21,0161
14/03/2021;162,1385;23,6496;30,9129;4,1908;0
15/03/2021;195,8167;23,5946;30,2614;4,0131;0
16/03/2021;178,4633;22,0454;29,2296;4,076;40,0721
17/03/2021;218,8749;22,2175;30,0883;4,2975;6,6787
18/03/2021;141,6159;23,0613;27,3071;3,0887;26,7148
19/03/2021;256,3782;21,9226;32,6794;5,1557;0
20/03/2021;194,2503;23,5024;32,9096;4,9049;0
21/03/2021;193,4066;24,2176;32,3714;4,6135;0
22/03/2021;241,6392;22,8012;32,2134;4,8778;0
23/03/2021;230,5048;21,6262;31,6339;4,9267;0
24/03/2021;125,4932;22,4659;27,4251;3,3799;26,9503
25/03/2021;200,7995;22,142;30,736;4,5153;0
26/03/2021;150,7115;22,9755;29,4926;3,8903;7,3958
27/03/2021;142,7634;22,5952;27,9078;3,4476;0
28/03/2021;184,0866;23,0814;30,6651;4,2421;0
29/03/2021;174,7029;23,4067;29,3255;3,7975;0
30/03/2021;159,4051;22,1285;29,3935;4,1009;14,7916
31/03/2021;110,5049;22,5136;28,1228;3,5577;0
1/04/2021;205,4858;22,8468;29,9772;4,1379;13,348
2/04/2021;169,8696;23,5696;30,0541;3,9579;13,348
3/04/2021;138,8547;22,8736;30,0416;4,1197;0
4/04/2021;154,1513;22,3389;29,3386;4,0018;13,348
5/04/2021;129,5339;22,2702;29,2062;3,9187;53,392
6/04/2021;164,0817;22,2001;29,2786;3,9774;14,5755
7/04/2021;173,196;22,2805;29,271;4,0243;43,7264
8/04/2021;237,3187;22,037;30,4825;4,501;29,1509
9/04/2021;104,6343;22,6381;26,8884;3,0601;29,1509
10/04/2021;230,3722;21,5617;30,7293;4,5718;14,5755
11/04/2021;190,8229;22,0913;29,2221;4,0131;0
12/04/2021;147,7103;22,2547;27,598;3,4617;48,9233
13/04/2021;242,066;20,9647;30,5712;4,7074;0
14/04/2021;132,2308;23,0971;26,8089;2,9045;0
15/04/2021;220,8333;21,9543;29,8417;4,253;32,6155
16/04/2021;244,5477;22,5389;30,7926;4,431;0
17/04/2021;169,3011;21,9363;29,0095;3,9545;32,8513
18/04/2021;167,0654;22,4266;30,3217;4,2609;21,9008
19/04/2021;287,1641;21,1785;31,8092;5,0847;10,9504
20/04/2021;296,3737;20,6471;31,7243;5,1183;0
21/04/2021;297,4525;20,7831;31,6119;5,0395;0
22/04/2021;297,4121;21,4206;32,2054;5,099;0
23/04/2021;285,1524;22,6475;32,2483;4,8791;0
24/04/2021;285,4475;22,0406;32,4631;5,0661;0
25/04/2021;250,3249;23,4084;32,3731;4,7339;18,2839
26/04/2021;232,2756;22,9702;30,4029;4,2135;24,1659
27/04/2021;72,4464;22,3279;25,9678;2,739;60,4148
28/04/2021;194,865;22,053;29,9162;4,1291;0
29/04/2021;182,717;23,2267;28,7146;3,4864;24,1659
30/04/2021;75,2363;21,9183;24,2445;2,1489;60,4148
1/05/2021;136,9143;21,9988;27,3887;3,3157;0
2/05/2021;162,7887;21,5362;28,2494;3,7054;11,0053
3/05/2021;132,9274;21,7258;27,9763;3,5455;33,0158
4/05/2021;221,7351;22,9147;29,712;3,8522;22,0105
5/05/2021;167,0573;22,1801;29,0418;3,8249;55,0263
6/05/2021;125,4742;22,455;28,2474;3,474;14,9612
7/05/2021;124,5817;22,1427;26,7607;3,0626;29,9224
8/05/2021;45,1758;22,2065;25,6432;2,5813;14,9612
9/05/2021;157,1065;21,0476;27,9921;3,7026;0
10/05/2021;91,6612;21,9472;25,7748;2,7272;44,8836
11/05/2021;151,3604;20,9879;28,0752;3,749;0
12/05/2021;193,4686;21,0303;28,8011;3,9928;0
13/05/2021;118,2077;22,7732;27,6703;3,177;18,7441
14/05/2021;119,0098;22,4317;28,393;3,4864;0
15/05/2021;129,4291;22,166;28,4622;3,6228;18,7441
16/05/2021;117,4164;22,4905;28,2467;3,3978;0
17/05/2021;77,7165;22,5233;26,2223;2,6904;42,3788
18/05/2021;219,4247;21,8228;29,9322;4,0943;0
19/05/2021;237,7988;21,9715;29,8919;4,124;0
20/05/2021;254,3529;22,8753;30,1587;3,9888;0
21/05/2021;238,908;23,4066;30,4804;3,9556;0
22/05/2021;179,3938;23,4479;29,7402;3,6915;0
23/05/2021;164,2058;22,8899;30,1588;3,9236;0
24/05/2021;148,8406;21,8803;28,5934;3,6913;0
25/05/2021;136,1629;21,7687;26,8983;3,1769;0
26/05/2021;193,2596;21,8597;29,0496;3,7988;0
27/05/2021;66,7156;22,0769;26,2513;2,8293;0
28/05/2021;238,595;21,1358;29,8861;4,1926;0
29/05/2021;175,9914;22,918;29,1762;3,6118;0
30/05/2021;89,1768;23,045;26,2298;2,5044;42,369
31/05/2021;206,0031;22,4656;30,161;3,97;0
1/06/2021;192,5611;22,46;29,5637;3,7908;37,1457
2/06/2021;206,1712;22,4572;29,5592;3,7758;0
3/06/2021;170,3762;21,9835;28,0619;3,4666;0
4/06/2021;108,9528;22,3799;26,1814;2,694;37,1457
5/06/2021;229,74;21,2325;30,0867;4,2041;0
6/06/2021;211,2186;21,8187;29,4627;3,9114;0
7/06/2021;206,0827;22,4289;28,813;3,5834;20,9284
8/06/2021;158,526;22,4458;27,9827;3,3128;41,8568
9/06/2021;183,1948;22,244;28,4612;3,4931;0
10/06/2021;230,2386;22,0612;30,0227;4,0176;20,9284
11/06/2021;192,7742;22,9021;28,5513;3,3817;0
12/06/2021;116,1366;23,5223;27,8085;2,9042;44,399
13/06/2021;56,7616;21,7607;24,7116;2,3026;0
14/06/2021;198,4824;21,8383;28,7734;3,6722;0
15/06/2021;188,8527;21,7512;28,7245;3,7001;44,399
16/06/2021;182,2662;21,945;28,679;3,5937;15,0075
17/06/2021;126,9026;21,6193;27,0926;3,1722;15,0075
18/06/2021;179,568;21,1971;28,5217;3,7639;0
19/06/2021;197,4993;21,2165;28,1068;3,642;15,0075
20/06/2021;119,2835;21,695;26,1335;2,8759;30,0151
21/06/2021;219,5565;21,4103;29,718;4,0125;0
22/06/2021;239,2135;21,2961;30,0689;4,1687;0
23/06/2021;158,8984;21,7509;27,0873;3,1631;20,1525
24/06/2021;254,0979;21,3756;30,5219;4,2551;0
25/06/2021;203,7718;21,6749;29,2363;3,8549;60,4574
26/06/2021;233,3987;21,9196;29,6244;3,8913;20,6945
27/06/2021;244,7496;21,2802;30,4599;4,2691;0
28/06/2021;233,3279;21,6147;29,6817;4,0053;0
29/06/2021;207,4829;21,9648;28,5495;3,6278;20,6945
30/06/2021;67,5217;21,2749;26,2288;2,9502;62,0834
1/07/2021;148,2473;20,1896;27,045;3,4711;0
2/07/2021;224,0051;20,3665;27,205;3,5515;0
3/07/2021;196,0998;20,9617;28,6929;3,8238;0
4/07/2021;137,918;21,4315;27,1669;3,3193;0
5/07/2021;238,5438;21,7918;28,8894;3,6993;0
6/07/2021;143,2482;21,4561;26,8915;3,1561;0
7/07/2021;191,4177;21,3944;28,8353;3,7736;0
8/07/2021;81,6522;20,9389;26,3721;3,1456;46,6695
9/07/2021;89,3054;21,424;26,3712;2,9627;46,6695
10/07/2021;203,6409;20,6071;28,9881;3,9854;0
11/07/2021;185,9197;21,3985;27,4997;3,4156;0
12/07/2021;179,5996;21,7461;28,224;3,5355;0
13/07/2021;120,5046;21,1893;26,377;3,1124;49,1519
14/07/2021;221,8668;20,7397;30,1072;4,2453;0
15/07/2021;243,5399;21,1647;30,3145;4,2402;24,576
16/07/2021;229,3371;20,9777;29,575;4,1598;27,8854
17/07/2021;171,1124;22,1054;28,1438;3,4216;0
18/07/2021;83,0618;22,5186;25,4552;2,3531;55,7707
19/07/2021;135,9519;20,6193;26,9041;3,3973;0
20/07/2021;226,3172;20,6036;29,4358;4,2103;0
21/07/2021;41,7463;21,7602;26,3086;2,8896;37,2678
22/07/2021;79,9957;20,9081;24,7271;2,6227;0
23/07/2021;181,9779;20,6405;28,3071;3,862;0
24/07/2021;154,1365;22,3236;29,5514;3,8232;0
25/07/2021;97,7579;21,8303;26,8012;3,1004;37,2678
26/07/2021;240,1731;20,4641;30,0026;4,4132;0
27/07/2021;251,5828;21,1781;30,8493;4,459;0
28/07/2021;169,8512;22,2139;28,3204;3,5062;25,2496
29/07/2021;220,4342;22,1633;29,1306;3,772;50,4991
30/07/2021;112,1193;22,1979;26,6455;2,9285;0
31/07/2021;171,05;21,2938;28,2363;3,665;0
1/08/2021;152,5626;22,4053;26,1529;2,7346;0
2/08/2021;79,9803;21,3133;24,119;2,2929;0
3/08/2021;187,7328;19,6141;29,04;4,2832;0
4/08/2021;158,1919;22,3624;28,1269;3,4484;0
5/08/2021;61,2793;22,1716;25,9638;2,7376;0
6/08/2021;171,3219;20,9306;28,5874;3,9595;0
7/08/2021;244,2126;21,7448;30,7456;4,411;0
8/08/2021;261,3289;22,5467;30,8814;4,3219;0
9/08/2021;209,1513;21,8725;29,9914;4,1092;47,0976
10/08/2021;209,9024;22,3648;28,7177;3,7;23,5488
11/08/2021;251,8384;21,6432;31,1514;4,596;0
12/08/2021;253,5349;22,5713;30,4382;4,2332;0
13/08/2021;240,2085;20,898;30,7054;4,6591;0
14/08/2021;183,3795;22,1775;28,8084;3,7854;0
15/08/2021;245,5466;21,4221;30,6511;4,475;40,8019
16/08/2021;231,9722;21,6686;30,4378;4,3804;13,3392
17/08/2021;112,8887;21,7358;26,4754;3,1092;26,6783
18/08/2021;230,7626;22,1826;30,1173;4,174;0
19/08/2021;211,9285;21,7113;29,623;4,1432;40,0175
20/08/2021;223,7851;22,4262;30,1891;4,1823;0
21/08/2021;199,1765;22,4266;28,946;3,778;40,6764
22/08/2021;237,6503;22,1632;30,3327;4,3223;0
23/08/2021;255,412;22,3221;31,1082;4,5867;0
24/08/2021;227,9885;22,462;30,5304;4,3147;20,3382
25/08/2021;247,6257;23,5304;31,0518;4,2232;0
26/08/2021;288,9338;21,7675;32,122;4,9705;0
27/08/2021;267,9396;22,224;31,9808;4,8459;0
28/08/2021;276,0063;22,722;31,1272;4,4347;37,8101
29/08/2021;157,3903;22,2788;27,9628;3,5368;37,8101
30/08/2021;199,8706;22,4055;28,2845;3,5886;0
31/08/2021;267,8623;21,5174;30,5045;4,5346;18,905
1/09/2021;247,0489;21,2724;30,0069;4,4428;0
2/09/2021;272,4855;22,1389;31,4668;4,6496;0
3/09/2021;190,6334;22,0226;30,4631;4,3716;22,9941
4/09/2021;248,5026;21,9712;30,6826;4,4839;22,9941
5/09/2021;260,55;22,3504;30,9293;4,5146;0
6/09/2021;147,4699;21,6138;28,4857;3,8238;43,8251
7/09/2021;173,1146;22,0812;29,0639;3,8977;0
8/09/2021;270,557;22,0972;30,8491;4,5236;0
9/09/2021;283,1536;23,1292;31,2133;4,4296;0
10/09/2021;239,6912;21,7759;30,9544;4,5911;29,2167
11/09/2021;258,1206;22,3046;29,714;4,1159;5,947
12/09/2021;192,8151;21,5347;28,8012;4,0369;17,8411
13/09/2021;296,6967;20,4683;32,0318;5,1959;0
14/09/2021;285,3078;21,8046;32,058;4,9732;0
15/09/2021;270,6609;21,4739;31,3308;4,7922;11,8941
16/09/2021;111,7469;21,6617;26,1375;3,0769;0
17/09/2021;277,2576;19,8964;30,9607;4,9716;0
18/09/2021;266,8526;20,798;30,5592;4,7647;0
19/09/2021;253,4124;22,2481;30,4124;4,3449;0
20/09/2021;270,6117;21,7112;30,9884;4,6502;19,4921
21/09/2021;164,3407;22,3936;28,1838;3,6017;36,0148
22/09/2021;174,1781;22,7703;29,2736;3,8673;0
23/09/2021;232,7714;22,8974;30,0138;4,0413;0
24/09/2021;271,9875;21,7795;31,0173;4,635;0
25/09/2021;233,4012;22,4683;30,1739;4,172;0
26/09/2021;291,9633;20,3484;32,09;5,2149;0
27/09/2021;273,6965;21,6328;31,6871;4,9005;0
28/09/2021;233,2272;22,2131;29,8535;4,2012;0
29/09/2021;240,1921;22,4049;30,8407;4,4476;24,6941
30/09/2021;200,7394;22,1338;28,9795;3,8768;12,347
1/10/2021;287,1993;21,8702;31,3912;4,7586;0
2/10/2021;288,4206;21,7739;32,3218;5,0128;0
3/10/2021;274,7412;21,9437;31,3826;4,7762;0
4/10/2021;233,7394;22,2023;30,3134;4,3655;0
5/10/2021;220,5132;22,1743;29,7701;4,1344;38,275
6/10/2021;162,0268;22,4984;28,0405;3,4702;11,5654
7/10/2021;229,2984;22,0178;30,201;4,2885;11,5654
8/10/2021;228,1602;22,6181;30,0739;4,1378;0
9/10/2021;279,6443;22,1444;31,9384;4,7949;0
10/10/2021;246,6536;22,2811;31,0746;4,5362;23,1309
11/10/2021;121,5096;22,6695;26,9633;3,0334;7,1972
12/10/2021;206,9648;20,8701;28,8917;4,1823;0
13/10/2021;275,0278;21,2223;32,357;5,0937;0
14/10/2021;246,4066;23,2153;31,7143;4,5403;0
15/10/2021;259,5714;22,5525;32,1428;4,7851;7,1972
16/10/2021;187,0649;22,4082;29,4309;3,9648;29,3878
17/10/2021;263,7471;22,1559;31,623;4,606;0
18/10/2021;287,0809;21,9751;31,8683;4,7763;0
19/10/2021;213,3426;21,3612;30,615;4,5234;17,6327
20/10/2021;271,1492;21,9984;31,6184;4,686;5,8776
21/10/2021;281,3565;22,1702;31,0486;4,4579;0
22/10/2021;225,8995;22,8434;30,5427;4,1683;8,662
23/10/2021;272,6786;22,909;30,9696;4,3083;0
24/10/2021;271,7047;22,3108;31,7987;4,65;0
25/10/2021;230,5955;22,6741;31,0539;4,3373;0
26/10/2021;133,9856;23,0638;27,9103;3,1941;27,9175
27/10/2021;138,8135;22,2015;27,377;3,2265;0
28/10/2021;172,8975;21,5211;27,5714;3,5131;0
29/10/2021;151,2209;21,8762;27,6444;3,4502;13,9587
30/10/2021;223,2799;21,9174;29,951;4,1241;13,9587
31/10/2021;219,4009;22,3417;29,1962;3,818;27,9175
1/11/2021;219,5015;22,3603;29,749;3,9687;0
2/11/2021;230,5919;23,2469;30,2535;3,9153;0
3/11/2021;215,5097;23,0803;30,1808;3,9315;31,5459
4/11/2021;252,5754;22,679;30,8487;4,2395;0
5/11/2021;263,9487;22,413;31,0125;4,3425;0
6/11/2021;277,3012;21,7973;31,9444;4,7234;0
7/11/2021;271,9418;21,5295;31,8701;4,7609;0
8/11/2021;246,0206;22,9312;30,7864;4,1363;0
9/11/2021;226,0669;22,6592;30,1984;4,009;19,6414
10/11/2021;230,1882;22,6124;30,7659;4,1773;0
11/11/2021;210,0942;23,6758;30,8573;3,9194;0
12/11/2021;272,7977;22,0849;31,904;4,566;0
13/11/2021;213,9318;23,3666;31,293;4,1194;0
14/11/2021;229,5521;22,8325;31,2444;4,2417;0
15/11/2021;269,65;22,3061;32,3889;4,6905;0
16/11/2021;262,4683;21,8503;32,1344;4,7037;0
17/11/2021;233,9997;22,8253;32,1914;4,4844;0
18/11/2021;253,9094;22,8505;32,6115;4,5866;0
19/11/2021;246,0671;22,9594;32,3345;4,4952;0
20/11/2021;247,1627;23,1134;32,1589;4,4393;0
21/11/2021;206,6233;22,0676;29,616;3,9126;18,7395
22/11/2021;254,4646;22,5433;31,5838;4,3038;0
23/11/2021;123,6734;22,2006;26,9405;3,0033;37,4791
24/11/2021;185,2624;22,3657;29,4535;3,7295;0
25/11/2021;190,834;22,1557;29,3524;3,7374;18,7395
26/11/2021;229,8852;22,4802;30,8678;4,092;0
27/11/2021;262,8545;21,9625;31,6205;4,4236;0
28/11/2021;244,8579;23,4736;31,4161;4,0619;0
29/11/2021;221,3724;22,3831;31,0204;4,1768;0
30/11/2021;236,7187;22,5689;31,6832;4,3478;0
1/12/2021;271,9973;22,1154;32,5141;4,6445;0
2/12/2021;267,4523;22,4062;31,7303;4,3569;0
3/12/2021;213,473;22,7246;31,5197;4,2178;0
4/12/2021;235,0403;22,5247;31,5247;4,2729;0
5/12/2021;221,5772;23,0978;31,3556;4,099;0
6/12/2021;197,0962;23,3288;31,1878;4,0141;4,9478
7/12/2021;238,3116;21,3084;31,5314;4,5352;0
8/12/2021;234,6163;22,6883;31,7725;4,2918;0
9/12/2021;213,2434;23,4612;32,6283;4,373;0
10/12/2021;239,4363;22,8318;32,2494;4,4315;0
11/12/2021;247,4258;22,9314;32,9992;4,6076;0
12/12/2021;252,4541;23,1233;33,7963;4,7878;0
13/12/2021;262,7856;22,9815;33,8374;4,8149;0
14/12/2021;236,1094;22,6502;33,6209;4,8151;0
15/12/2021;216,4172;23,7681;32,449;4,2715;0
16/12/2021;236,7075;23,9965;32,979;4,3674;0
17/12/2021;168,2972;23,9555;31,5997;3,9433;0
18/12/2021;173,5111;24,2356;31,1717;3,787;0
19/12/2021;215,0744;23,772;32,404;4,2554;0
20/12/2021;242,7555;23,4126;33,0799;4,5531;0
21/12/2021;256,5064;24,3907;33,7986;4,5674;0
22/12/2021;245,258;24,2256;34,203;4,7025;0
23/12/2021;226,5216;24,6075;33,2351;4,3794;0
24/12/2021;229,9322;25,0132;33,603;4,3526;4,9155
25/12/2021;223,9775;25,1155;33,7632;4,3938;0
26/12/2021;235,7987;23,671;33,5302;4,667;11,7206
27/12/2021;268,7108;23,8996;34,672;4,9019;0
28/12/2021;263,2785;24,8365;34,8783;4,7864;0
29/12/2021;245,7669;25,0759;34,1923;4,5286;0
30/12/2021;246,5933;23,8285;33,9317;4,7154;0
31/12/2021;251,0496;23,0259;33,8741;4,8901;0
1/01/2022;231,7642;23,7009;32,8899;4,4691;6,4056
2/01/2022;245,4523;24,4945;33,7772;4,5504;0
3/01/2022;283,6618;22,9571;34,7636;5,1273;0
4/01/2022;262,3364;22,0386;33,374;4,9405;0
5/01/2022;225,2985;24,0759;33,3689;4,4879;0
6/01/2022;245,2895;23,1122;33,9964;4,8705;0
7/01/2022;269,6902;21,5046;35,0384;5,4448;0
8/01/2022;287,9414;22,1795;35,3751;5,4391;0
9/01/2022;160,5454;24,3695;31,9904;4,0963;0
10/01/2022;175,564;24,3886;31,7338;3,9777;4,7025
11/01/2022;152,7442;24,2161;32,1497;4,1239;0
12/01/2022;193,32;23,9085;33,4032;4,5758;0
13/01/2022;195,3764;24,4541;34,2073;4,6768;0
14/01/2022;191,4999;24,317;33,2324;4,5014;0
15/01/2022;233,5373;23,4424;34,2232;4,9609;0
16/01/2022;232,5689;23,3781;34,3776;5,0195;0
17/01/2022;241,8543;23,9981;33,422;4,6082;0
18/01/2022;215,8618;23,9627;33,2969;4,5605;0
19/01/2022;238,4128;23,9617;34,4668;4,9438;5,2217
20/01/2022;257,0327;24,2416;34,6721;4,9722;0
21/01/2022;261,3196;23,6923;35,3469;5,2754;0
22/01/2022;263,889;23,8507;35,2267;5,226;0
23/01/2022;250,948;24,5176;34,5535;4,9125;0
24/01/2022;218,1283;24,6877;33,081;4,4413;0
25/01/2022;222,7786;24,4505;34,7129;5,0047;0
26/01/2022;211,5163;25,1014;34,208;4,7027;10,1881
27/01/2022;272,9941;23,542;35,3351;5,3533;0
28/01/2022;295,227;23,0681;35,3182;5,4345;0
29/01/2022;264,6485;23,913;35,7543;5,3978;0
30/01/2022;216,3227;25,7291;33,9618;4,4989;0
31/01/2022;210,2966;24,4427;34,2515;4,8908;0
1/02/2022;255,8937;24,8801;35,4119;5,1216;0
2/02/2022;252,2086;23,2533;35,7056;5,5377;0
3/02/2022;235,9129;23,5062;35,0151;5,3404;0
4/02/2022;224,4746;24,6381;34,3586;4,9288;0
5/02/2022;155,2113;24,6324;31,3781;3,9622;0
6/02/2022;145,7318;24,3428;32,2271;4,2499;0
7/02/2022;203,9862;24,4243;33,2963;4,6802;0
8/02/2022;107,1709;23,0059;30,8045;4,1193;22,0237
9/02/2022;189,0174;21,8154;31,8894;4,6758;22,0237
10/02/2022;250,5887;23,0674;32,9503;4,8494;44,0475
11/02/2022;195,7868;24,0623;32,5819;4,5301;0
12/02/2022;202,9381;25,1158;33,8188;4,6364;0
13/02/2022;267,2646;23,7722;35,0809;5,3738;0
14/02/2022;256,461;23,37;34,8254;5,4189;9,9789
15/02/2022;211,5176;25,5182;33,8997;4,6971;0
16/02/2022;246,2186;24,472;34,8068;5,2049;0
17/02/2022;210,4781;23,2715;33,5007;5,1117;0
18/02/2022;174,7613;24,8673;33,1235;4,6007;0
19/02/2022;183,0388;25,2992;33,484;4,6022;0
20/02/2022;210,779;25,3918;34,4468;4,9026;0
21/02/2022;226,1182;25,049;34,9861;5,1594;0
22/02/2022;276,966;24,238;36,0042;5,6461;0
23/02/2022;240,3356;24,2738;36,272;5,7106;0
24/02/2022;159,0759;24,7915;32,687;4,4731;0
25/02/2022;204,6333;24,9711;32,7755;4,4825;0
26/02/2022;187,803;24,816;32,704;4,5157;0
27/02/2022;111,4733;23,4853;30,0219;3,8274;0
28/02/2022;199,1161;22,0985;28,6694;3,7918;19,079
1/03/2022;177,3101;23,0426;31,1181;4,3243;0
2/03/2022;223,6991;23,5981;31,3752;4,4166;0
3/03/2022;201,4209;23,4014;31,1913;4,3286;0
4/03/2022;221,6674;22,3268;30,8117;4,4131;14,6133
5/03/2022;259,6989;22,9068;32,2706;4,8104;0
6/03/2022;189,3126;24,5798;31,4465;4,1616;0
7/03/2022;245,0208;23,52;32,5336;4,77;0
8/03/2022;226,1812;24,2711;32,5;4,6037;0
9/03/2022;213,9966;24,7823;31,7024;4,2545;0
10/03/2022;205,168;24,4672;32,6634;4,6099;0
11/03/2022;244,9691;23,4771;33,5246;5,0892;0
12/03/2022;223,6003;22,9378;31,8035;4,6809;22,429
13/03/2022;167,6607;23,4734;30,1561;4,0509;0
14/03/2022;218,4245;22,2186;30,4266;4,3755;22,429
15/03/2022;232,1853;23,035;30,5856;4,2993;7,4763
16/03/2022;247,6489;23,5229;31,2724;4,4235;9,4044
17/03/2022;239,7292;23,4002;31,238;4,4297;0
18/03/2022;219,0631;23,5424;30,3675;4,1056;0
19/03/2022;245,4974;23,689;32,1217;4,6659;9,4044
20/03/2022;240,8152;24,1304;30,8337;4,1103;9,4044
21/03/2022;207,4309;23,5839;30,8299;4,244;0
22/03/2022;163,1943;23,149;29,2617;3,8302;17,975
23/03/2022;143,5792;22,841;30,1639;4,1715;0
24/03/2022;288,9764;22,9139;34,2614;5,4552;0
25/03/2022;223,7609;23,2314;33,2509;5,1424;0
26/03/2022;179,4987;23,8442;29,9285;3,8805;0
27/03/2022;227,3228;23,1346;31,9396;4,6619;8,8947
28/03/2022;170,6906;22,9061;28,9109;3,7177;44,4736
29/03/2022;120,75;22,3555;29,006;3,8627;26,6842
30/03/2022;272,5413;21,5354;32,0109;5,0908;0
31/03/2022;253,5914;23,205;32,3126;4,8549;0
1/04/2022;265,0738;22,9144;32,4622;4,9834;0
2/04/2022;261,2331;23,1029;32,4304;4,8756;18,4556
3/04/2022;219,011;23,1743;29,9826;4,0276;0
4/04/2022;171,9029;22,4773;28,8122;3,8348;36,9111
5/04/2022;234,6614;22,5328;30,2669;4,2893;36,9111
6/04/2022;169,078;22,5773;29,6533;4,0037;25,8154
7/04/2022;225,8055;22,6063;30,4959;4,2847;19,3615
8/04/2022;191,8127;24,4809;30,6234;3,8925;12,9077
9/04/2022;229,5662;22,2932;31,8824;4,8427;19,3615
10/04/2022;259,305;21,8892;31,8684;4,9422;0
11/04/2022;223,8046;22,4317;30,692;4,4407;14,3268
12/04/2022;225,1994;23,1443;32,2406;4,7396;0
13/04/2022;273,1921;23,1757;33,1337;5,0555;0
14/04/2022;261,6975;22,5518;32,3258;4,9782;0
15/04/2022;234,9859;22,8121;30,9206;4,4246;7,1634
16/04/2022;87,1063;23,0527;27,2227;3,0242;42,5583
17/04/2022;123,7275;22,23;26,2812;2,9531;10,6396
18/04/2022;118,1986;23,0847;27,2298;3,008;10,6396
19/04/2022;158,8814;22,1901;29,5781;4,0408;0
20/04/2022;190,053;23,1503;29,757;3,9081;31,9188
21/04/2022;177,4763;22,9834;29,1434;3,739;0
22/04/2022;167,0279;22,6576;29,4635;3,8787;17,4707
23/04/2022;243,5082;22,3502;30,5463;4,3431;17,4707
24/04/2022;179,5482;22,9053;29,3879;3,8459;8,7353
25/04/2022;185,7585;21,8743;30,4826;4,3624;34,9413
26/04/2022;261,896;21,737;31,1774;4,7059;0
27/04/2022;177,1755;22,8413;28,5288;3,5468;35,0475
28/04/2022;214,1621;22,4792;29,4324;3,9587;0
29/04/2022;137,3324;22,23;27,2771;3,2766;35,0475
30/04/2022;91,2058;22,6143;26,5677;2,8832;35,0475
1/05/2022;252,8772;20,977;30,8404;4,655;0
2/05/2022;228,4318;22,6912;30,6312;4,2244;0
3/05/2022;257,6938;22,605;31,4003;4,5241;0
4/05/2022;264,1152;22,5738;31,9846;4,7231;0
5/05/2022;160,7074;22,6809;29,489;3,8586;55,0607
6/05/2022;199,4368;21,6768;29,4049;4,0521;0
7/05/2022;102,0771;22,3787;26,5079;2,9052;80,6959
8/05/2022;200,9125;21,4489;28,7156;3,8818;0
9/05/2022;185,2215;22,1997;29,0261;3,8285;0
10/05/2022;220,9262;21,9336;29,8561;4,1216;0
11/05/2022;122,7818;22,3807;26,2249;2,7883;54,7239
12/05/2022;135,9775;22,3491;28,2186;3,4816;0
13/05/2022;192,5294;22,594;30,5495;4,0872;18,2413
14/05/2022;150,1977;22,2764;28,8069;3,6869;0
15/05/2022;231,0418;21,3522;30,2342;4,3533;0
16/05/2022;131,8513;22,4931;28,5328;3,5104;79,8548
17/05/2022;140,4353;22,7644;29,7838;3,8001;0
18/05/2022;79,5296;21,951;24,7947;2,3328;63,8838
19/05/2022;136,633;21,5286;26,9642;3,2171;0
20/05/2022;141,0919;21,0372;26,3215;3,1419;0
21/05/2022;250,277;21,5654;29,4785;4,0347;0
22/05/2022;257,1017;20,8057;30,6228;4,543;24,872
23/05/2022;151,6137;22,0388;28,1119;3,5021;24,872
24/05/2022;173,8182;22,3832;29,3112;3,7632;0
25/05/2022;181,9649;22,113;28,2427;3,5162;24,872
26/05/2022;150,0411;23,1648;28,8655;3,4293;0
27/05/2022;184,5125;21,852;27,8622;3,4723;45,9031
28/05/2022;203,0906;22,0708;29,5685;3,8967;0
29/05/2022;195,9559;21,3258;28,3664;3,764;45,9031
30/05/2022;167,0631;22,3132;28,8783;3,6274;0
31/05/2022;256,6665;20,7491;30,6258;4,4955;0
1/06/2022;200,546;22,3476;29,4288;3,8228;39,0007
2/06/2022;257,2153;21,5241;30,3103;4,2541;0
3/06/2022;250,5025;22,6833;29,907;3,8873;0
4/06/2022;190,1887;22,1627;28,354;3,5285;19,5003
5/06/2022;205,946;21,7443;29,2543;3,8313;0
6/06/2022;182,1651;22,2422;28,8725;3,5829;0
7/06/2022;204,7864;22,2598;29,1554;3,7029;52,6912
8/06/2022;172,5691;21,6261;27,723;3,4384;35,1274
9/06/2022;206,8716;21,171;29,6392;4,0153;0
10/06/2022;241,8872;21,6009;30,343;4,1905;0
11/06/2022;79,6573;21,9598;25,8557;2,6783;46,2418
12/06/2022;99,9098;21,7685;25,3733;2,5439;0
13/06/2022;42,3311;20,6;23,1375;2,0657;0
14/06/2022;246,2941;19,148;28,3602;4,0767;0
15/06/2022;267,4527;19,8279;30,0108;4,44;0
16/06/2022;137,8904;20,9336;27,0817;3,4035;0,9959
17/06/2022;213,3283;21,8933;29,3857;3,8534;0,2197
18/06/2022;222,1952;21,6481;29,2658;3,8414;11,5889
19/06/2022;123,242;21,3091;27,1644;3,2731;15,5652
20/06/2022;180,43;21,2168;28,101;3,5877;23,9257
21/06/2022;156,9789;21,3312;26,3925;3,0378;0
22/06/2022;253,0282;21,2919;30,2646;4,2026;0
23/06/2022;95,5928;21,3094;25,7843;2,8339;66,0077
24/06/2022;125,5254;20,9919;27,4255;3,409;33,0039
25/06/2022;128,1593;20,8349;27,2925;3,421;0
26/06/2022;102,9039;21,0947;24,9192;2,6086;0
27/06/2022;246,1082;20,4921;30,5856;4,4342;0
28/06/2022;255,8137;21,8448;30,7323;4,2532;0
29/06/2022;165,5689;20,7507;28,2586;3,8102;0
30/06/2022;211,7479;21,2593;29,3432;3,9675;0
1/07/2022;192,9389;21,0973;29,0358;3,9045;0
2/07/2022;189,2635;21,3663;28,6312;3,6922;0
3/07/2022;186,4782;21,7012;28,8038;3,6839;0
4/07/2022;189,9161;21,203;28,0698;3,5907;0
5/07/2022;205,2673;22,0375;28,6871;3,6039;0
6/07/2022;253,7156;21,7287;30,3622;4,1972;0
7/07/2022;183,63;20,9194;28,3001;3,7844;0
8/07/2022;108,0128;22,3019;25,9609;2,6015;153,1575
9/07/2022;132,4691;21,119;27,9243;3,5469;0
10/07/2022;237,7837;20,8019;29,5249;4,1649;0
11/07/2022;143,0858;21,4154;27,0901;3,2732;32,4646
12/07/2022;251,5785;21,3563;30,1197;4,17;0
13/07/2022;242,8776;21,9184;29,6406;3,9561;16,2323
14/07/2022;257,9097;21,131;30,5939;4,4492;16,2323
15/07/2022;249,1517;22,0685;29,7595;4,0161;0
16/07/2022;266,1548;22,6145;31,056;4,2601;0
17/07/2022;159,6042;22,6406;28,156;3,3578;33,2307
18/07/2022;157,0703;20,7741;27,5099;3,5669;16,6154
19/07/2022;261,5968;20,6204;30,1276;4,361;0
20/07/2022;82,4815;22,039;26,7483;2,9831;0
21/07/2022;234,3406;20,373;30,2145;4,4129;0
22/07/2022;221,5084;22,0241;28,9402;3,7712;0
23/07/2022;165,0334;21,946;27,8421;3,4402;0
24/07/2022;187,081;21,127;30,1307;4,2417;18,357
25/07/2022;181,5363;21,5941;28,916;3,8517;18,357
26/07/2022;231,6987;21,3643;30,2414;4,2905;31,6798
27/07/2022;48,4736;22,1078;25,7257;2,6034;15,8399
28/07/2022;106,3381;21,2906;26,0066;3,0021;15,8399
29/07/2022;242,684;21,0497;30,3155;4,3705;15,8399
30/07/2022;202,5017;21,304;29,98;4,2226;0
31/07/2022;171,1229;21,6636;28,1163;3,577;47,5197
1/08/2022;189,1082;21,576;28,3218;3,7258;0
2/08/2022;50,2178;22,284;25,5552;2,5149;75,1291
3/08/2022;234,279;20,946;30,3606;4,3729;0
4/08/2022;251,1;22,2408;30,1515;4,1187;0
5/08/2022;220,3465;21,6372;30,5173;4,383;0
6/08/2022;175,9632;21,9855;29,1171;3,8658;23,6103
7/08/2022;261,652;22,2908;31,1444;4,4389;0
8/08/2022;256,6075;21,436;31,3809;4,7386;0
9/08/2022;69,8644;21,9318;27,1847;3,2301;35,4155
10/08/2022;235,2913;21,0071;29,9048;4,2801;0
11/08/2022;237,0262;21,829;30,4845;4,3009;0
12/08/2022;263,0757;22,0843;30,1742;4,2072;0
13/08/2022;230,5927;22,5584;30,042;4,1003;27,1365
14/08/2022;151,4921;22,1997;27,8497;3,4376;27,1365
15/08/2022;280,2858;20,8865;30,9968;4,728;0
16/08/2022;283,7566;21,3747;31,8094;4,8881;0
17/08/2022;275,1134;22,3505;32,0512;4,7777;0
18/08/2022;290,253;20,9779;32,4006;5,1836;0
19/08/2022;274,9787;20,9809;32,255;5,1302;0
20/08/2022;147,4963;21,8815;28,4694;3,705;36,0912
21/08/2022;163,162;19,3151;26,2262;3,6413;0
22/08/2022;219,4;19,7586;28,5396;4,2355;0
23/08/2022;270,8054;19,9798;30,2466;4,7311;0
24/08/2022;268,4555;20,8164;30,919;4,8063;0
25/08/2022;212,9409;22,4253;30,7976;4,4166;0
26/08/2022;270,6897;22,3079;32,0611;4,8199;0
27/08/2022;288,2418;21,4445;31,3706;4,8325;19,4771
28/08/2022;242,1279;21,6177;30,9409;4,6377;19,4771
29/08/2022;106,2079;22,4453;26,111;2,7782;0
30/08/2022;247,0901;20,4379;30,2333;4,5665;19,4771
31/08/2022;261,8104;21,2106;31,0956;4,7136;0
1/09/2022;258,5885;21,5702;31,0449;4,701;0
2/09/2022;218,4545;21,9998;28,7806;3,8897;18,6742
3/09/2022;115,7532;22,7112;26,6483;2,9162;37,3485
4/09/2022;226,8354;22,0138;30,4786;4,3632;0
5/09/2022;133,3734;21,9519;26,9223;3,3213;0
6/09/2022;267,0685;21,4068;31,302;4,7862;0
7/09/2022;290,1336;21,4638;32,2608;5,1015;0
8/09/2022;291,6652;21,912;31,9494;4,9478;0
9/09/2022;181,5362;21,9292;29,0538;4,0069;26,6797
10/09/2022;114,7185;21,6867;24,9502;2,5765;13,3399
11/09/2022;300,4021;19,1862;32,85;5,569;0
12/09/2022;250,6433;21,2606;31,0852;4,8233;18,4366
13/09/2022;182,4508;22,457;28,8556;3,7969;18,4366
14/09/2022;228,118;21,773;30,9463;4,6078;18,4366
15/09/2022;283,6603;22,0843;32,4217;5,019;0
16/09/2022;143,8168;21,9941;27,5092;3,4638;41,5667
17/09/2022;285,5529;20,8385;30,7849;4,753;0
18/09/2022;297,1985;21,2864;32,2516;5,1347;0
19/09/2022;256,5988;21,2782;31,3275;4,8858;8,3133
20/09/2022;274,5033;22,1286;30,9807;4,5364;0
21/09/2022;252,2576;21,8739;30,5169;4,4876;26,6632
22/09/2022;237,3925;23,7243;30,2533;3,946;0
23/09/2022;265,2752;21,8193;31,8625;4,8953;0
24/09/2022;263,4124;21,3788;31,4925;4,8036;44,4386
25/09/2022;290,7521;21,4338;31,714;4,9232;0
26/09/2022;286,7005;21,31;32,1265;5,1187;17,4332
27/09/2022;290,1931;21,1972;32,2486;5,1654;0,0653
28/09/2022;204,8747;22,6141;29,6194;4,0164;1,2606
29/09/2022;285,5138;22,7178;31,9344;4,7386;16,2384
30/09/2022;243,8659;22,774;31,1514;4,4849;25,5479
1/10/2022;184,3449;21,8728;28,7783;3,8482;28,0465
2/10/2022;256,1978;21,1488;30,8541;4,6748;0
3/10/2022;280,4362;22,1937;31,5041;4,7053;0
4/10/2022;270,9577;22,9421;31,4687;4,5473;0
5/10/2022;280,5502;22,3489;31,7145;4,7611;0
6/10/2022;244,2379;24,3256;31,0044;4,0307;28,6896
7/10/2022;259,2461;24,0966;31,6976;4,2843;14,3448
8/10/2022;201,5946;22,2875;28,7771;3,7594;28,6896
9/10/2022;280,1427;20,9871;31,0617;4,738;0
10/10/2022;239,7434;22,0237;30,2132;4,3026;0
11/10/2022;248,7811;20,9353;31,1676;4,8018;0
12/10/2022;286,8068;20,903;31,1939;4,8269;0
13/10/2022;257,9444;21,9719;31,4241;4,6747;0
14/10/2022;239,5268;23,2083;30,6376;4,178;0
15/10/2022;173,4005;23,1229;28,5871;3,4887;14,7284
16/10/2022;226,9649;22,0935;29,6631;4,0494;0
17/10/2022;246,9306;21,9627;30,5832;4,3689;0
18/10/2022;210,2122;22,013;29,8626;4,1539;37,371
19/10/2022;219,032;22,8844;30,5725;4,1421;18,6855
20/10/2022;239,5915;22,3757;30,8047;4,3227;37,371
21/10/2022;249,1118;23,3321;31,1624;4,2693;0
22/10/2022;226,4481;22,8357;30,8684;4,3173;16,0416
23/10/2022;214,1681;22,8219;31,3033;4,4176;0
24/10/2022;127,2931;22,1677;27,0195;3,1251;48,1247
25/10/2022;258,5172;22,1605;31,1233;4,4743;0
26/10/2022;187,9908;22,9555;29,4501;3,7916;21,0821
27/10/2022;201,8985;22,7575;30,4089;4,1046;42,1643
28/10/2022;178,0837;23,1712;30,133;3,8988;21,0821
29/10/2022;66,3132;22,7537;25,1253;2,1598;84,3286
30/10/2022;170,3881;22,1853;29,0909;3,776;0
31/10/2022;232,6932;21,9893;30,3558;4,224;0
1/11/2022;267,0165;22,0858;31,3639;4,5315;0
2/11/2022;93,3015;21,7982;27,265;3,2597;104,7726
3/11/2022;85,8416;17,8024;23,6959;3,0709;0
4/11/2022;267,0153;17,8014;27,9743;4,2606;0
5/11/2022;218,0929;19,952;29,4178;4,3213;0
6/11/2022;244,5484;21,9579;30,7372;4,3101;0
7/11/2022;222,5451;22,7282;30,6897;4,1447;0
8/11/2022;224,4196;23,2318;30,8104;4,0242;12,792
9/11/2022;154,6885;22,3799;28,7325;3,5645;6,396
10/11/2022;222,694;22,0252;29,812;3,9549;6,396
11/11/2022;208,329;22,4975;28,3527;3,4633;12,6139
12/11/2022;206,64;21,9266;29,2378;3,8757;0
13/11/2022;243,0755;21,7384;30,6045;4,2542;0
14/11/2022;229,1494;22,4344;30,8375;4,1784;25,2278
15/11/2022;190,4563;22,6746;29,6836;3,7972;0
16/11/2022;194,5962;22,5091;30,5263;4,035;11,357
17/11/2022;180,7177;22,1599;29,1555;3,7125;5,6785
18/11/2022;91,7874;22,4578;26,176;2,6256;0
19/11/2022;199,5396;22,0208;28,8365;3,6374;0
20/11/2022;247,1447;22,3538;30,4374;4,0383;0
21/11/2022;212,7747;22,5271;29,8834;3,8587;0
22/11/2022;222,2644;23,2491;30,3186;3,7926;0
23/11/2022;206,1478;22,5892;29,686;3,7471;0
24/11/2022;217,8213;21,3433;29,3654;3,9272;0
25/11/2022;187,8369;21,6466;29,5237;3,9144;34,5905
26/11/2022;228,6642;21,5594;30,4769;4,194;0
27/11/2022;204,2106;22,676;30,3342;3,8766;36,5065
28/11/2022;198,6617;22,249;29,2026;3,677;0
29/11/2022;195,7128;22,1411;29,6904;3,8077;0
30/11/2022;203,3779;22,3082;30,3022;3,9317;0
1/12/2022;176,6552;22,8207;28,8065;3,3857;0
2/12/2022;221,6857;23,1494;30,3692;3,7713;0
3/12/2022;231,6924;22,6174;30,0313;3,8124;0
4/12/2022;231,3394;21,1288;30,641;4,2988;0
5/12/2022;135,8433;22,2501;28,5079;3,418;0
6/12/2022;148,2028;22,2284;28,805;3,5194;0
7/12/2022;234,0762;21,5266;30,0234;4,0384;0
8/12/2022;242,4443;21,1985;30,5098;4,2173;0
9/12/2022;250,9183;21,505;30,7676;4,2351;0
10/12/2022;216,3016;21,2585;30,6093;4,2399;0
11/12/2022;242,3979;21,7018;31,0703;4,2648;0
12/12/2022;240,1812;21,3869;30,6792;4,2475;17,7682
13/12/2022;175,7998;22,7397;29,9779;3,7357;17,7682
14/12/2022;230,9271;22,5115;30,4901;3,9283;0
15/12/2022;261,0116;21,5048;31,59;4,464;0
16/12/2022;247,4998;22,1148;31,5024;4,3408;0
17/12/2022;257,5682;20,8003;31,4555;4,5809;0
18/12/2022;260,8406;20,936;31,649;4,584;0
19/12/2022;258,8199;19,8347;31,9848;4,8828;0
20/12/2022;263,4962;21,2421;32,4039;4,7392;0
21/12/2022;256,2032;20,831;32,2895;4,7828;0
22/12/2022;230,1274;21,6211;32,0064;4,5777;0
23/12/2022;257,7375;22,0912;32,4486;4,6009;0
24/12/2022;282,8324;20,4971;32,5428;4,905;0
25/12/2022;283,0543;20,5719;32,1256;4,7715;0
26/12/2022;276,238;20,9618;32,4236;4,7866;0
27/12/2022;277,9767;19,4044;33,3742;5,2225;0
28/12/2022;256,1397;20,597;32,3906;4,8831;0
29/12/2022;224,2101;21,9412;32,2467;4,5897;0
30/12/2022;240,9748;22,3722;32,6947;4,6643;0
31/12/2022;254,6706;21,9582;33,3582;4,8986;7,7082
1/01/2023;229,698;23,1877;32,858;4,528;0
2/01/2023;200,5112;22,388;32,41;4,5623;0
3/01/2023;169,4611;23,8868;31,9163;4,1004;0
4/01/2023;230,375;23,1721;32,9979;4,556;0
5/01/2023;221,9349;24,1431;32,4329;4,2408;0
6/01/2023;239,9146;23,1402;33,5472;4,7678;0
7/01/2023;191,7667;22,5741;30,6524;4,1127;37,3909
8/01/2023;159,9446;22,9223;30,2147;3,7542;0
9/01/2023;237,6567;21,9303;30,5283;4,0908;0
10/01/2023;236,4327;22,9186;31,5028;4,1925;0
11/01/2023;183,6967;22,746;30,0173;3,8181;23,8509
12/01/2023;190,3002;22,0183;29,7327;3,8696;47,7018
13/01/2023;236,8409;22,8038;31,2509;4,1385;23,8509
14/01/2023;256,2489;21,7204;32,188;4,673;0
15/01/2023;227,2954;22,3453;31,2333;4,3247;0
16/01/2023;253,3337;22,8751;31,7852;4,3659;0
17/01/2023;217,2813;23,1061;30,5277;3,9519;0
18/01/2023;254,9007;22,3872;31,3731;4,3734;0
19/01/2023;252,8822;21,7523;32,0112;4,6849;0
20/01/2023;211,0646;22,5095;30,3448;4,0725;0
21/01/2023;256,7596;20,898;31,681;4,741;0
22/01/2023;233,3355;21,7086;32,2986;4,7358;0
23/01/2023;186,2383;22,8698;30,6474;4,0702;0
24/01/2023;259,64;22,3382;33,2757;4,9356;0
25/01/2023;244,9044;22,1216;32,8066;4,8782;0
26/01/2023;302,2264;20,9335;33,9796;5,396;0
27/01/2023;300,8434;22,1362;34,4606;5,3011;0
28/01/2023;301,7845;21,641;33,4098;5,1525;0
29/01/2023;302,4317;20,7264;34,26;5,5245;0
30/01/2023;295,7138;21,3718;34,6591;5,5254;0
31/01/2023;267,2218;22,3769;33,4287;5,0608;0
1/02/2023;296,1818;21,8325;33,57;5,195;0
2/02/2023;304,8701;22,6627;34,7306;5,3526;0
3/02/2023;284,041;21,921;34,6116;5,4792;0
4/02/2023;250,0981;22,5764;35,1474;5,5357;0
5/02/2023;229,9044;22,6993;32,4934;4,8118;0
6/02/2023;223,9283;23,8258;33,4141;4,8533;0
7/02/2023;244,6519;22,9952;33,466;5,0712;0
8/02/2023;234,1852;23,3356;34,8255;5,3372;0
9/02/2023;227,6048;24,6048;33,2948;4,6733;0
10/02/2023;217,3203;24,3833;33,9636;4,8971;0
11/02/2023;225,8734;24,7621;34,0978;4,8717;0
12/02/2023;168,8911;24,7094;33,8669;4,8413;0
13/02/2023;198,5425;23,4195;34,2987;5,2327;0
14/02/2023;250,4194;24,1015;34,649;5,2333;0
15/02/2023;225,32;24,3826;34,5336;5,1468;0
16/02/2023;193,9444;24,0097;31,7026;4,2738;40,0835
17/02/2023;201,4416;24,1278;32,9065;4,6346;0
18/02/2023;164,6703;23,418;31,1286;4,2685;0
19/02/2023;303,1583;23,0675;33,9383;5,181;0
20/02/2023;295,3811;22,8638;34,3615;5,3835;0
21/02/2023;233,6577;23,7517;33,1457;4,8785;0
22/02/2023;249,2083;24,3382;34,053;5,0106;0
23/02/2023;297,5112;22,6562;34,6493;5,584;0
24/02/2023;294,0178;23,295;34,7996;5,4751;0
25/02/2023;271,0492;23,5647;35,6133;5,6788;0
26/02/2023;266,8184;22,8706;34,414;5,4856;0
27/02/2023;239,7392;23,6324;34,6141;5,4046;0
28/02/2023;178,8475;25,549;32,2354;4,2025;0
1/03/2023;129,4285;23,1941;29,0901;3,6481;8,2609
2/03/2023;206,0403;23,6333;30,3651;4,0063;8,2609
3/03/2023;101,2073;23,7357;28,2345;3,2299;0
4/03/2023;187,1358;23,4999;31,2205;4,2953;0
5/03/2023;195,078;23,8032;30,4933;4,0309;8,2609
6/03/2023;209,4925;23,7191;30,7654;4,1762;0
7/03/2023;243,3339;22,6382;31,638;4,6723;0
8/03/2023;216,011;24,0227;31,8704;4,4782;0
9/03/2023;129,4512;24,1905;29,6676;3,6227;39,3523
10/03/2023;227,3196;22,8652;30,7641;4,3367;13,1174
11/03/2023;95,8495;22,6598;27,442;3,2538;68,0506
12/03/2023;135,0197;22,1409;26,7742;3,1661;0
13/03/2023;168,9334;22,5747;30,7341;4,3372;22,6835
14/03/2023;259,2438;22,4031;32,0962;4,859;22,6835
15/03/2023;191,3526;22,882;31,3008;4,5545;0
16/03/2023;269,613;21,9305;32,9597;5,2597;0
17/03/2023;264,1634;22,7406;33,0977;5,1651;0
18/03/2023;245,8514;24,3756;33,0388;4,7747;0
19/03/2023;221,0619;24,2031;32,5725;4,6768;0
20/03/2023;202,6282;23,9113;33,3356;4,9455;0
21/03/2023;227,711;23,4052;33,1065;5,0178;0
22/03/2023;228,6146;23,4959;32,2059;4,7368;0
23/03/2023;218,5;23,5913;33,5085;5,0979;0
24/03/2023;262,6145;24,4902;34,2398;5,1716;0
25/03/2023;179,6059;24,3081;32,3162;4,5971;0
26/03/2023;256,8223;23,1705;32,157;4,8194;0
27/03/2023;208,5261;24,1498;32,5084;4,6261;0
28/03/2023;210,672;24,4489;31,8724;4,3637;0
29/03/2023;208,8421;23,509;31,0791;4,3697;0
30/03/2023;265,7899;22,9908;32,9621;5,0997;0
31/03/2023;143,9168;23,4485;30,4451;4,2027;0
1/04/2023;144,6195;23,1384;30,2127;4,1347;19,4108
2/04/2023;95,4794;22,6629;27,0737;3,1452;38,8215
3/04/2023;264,1597;21,6928;32,6054;5,1599;0
4/04/2023;261,3015;22,6206;32,2261;4,9612;0
5/04/2023;246,1634;23,4087;32,3812;4,83;19,4108
6/04/2023;225,5604;24,3089;32,6923;4,6728;16,7847
7/04/2023;197,6512;24,198;30,6919;4,0667;0
8/04/2023;131,8345;23,6273;28,6286;3,4311;8,3924
9/04/2023;138,1126;23,007;27,8493;3,3079;0
10/04/2023;214,4369;22,0434;30,9064;4,5677;0
11/04/2023;258,8283;22,5504;31,7971;4,7992;0
12/04/2023;225,9532;22,7262;30,6953;4,4065;21,2571
13/04/2023;234,774;22,6789;32,7523;5,0772;14,1714
14/04/2023;265,9924;22,9331;33,6531;5,2968;0
15/04/2023;252,1646;23,5539;33,7061;5,1521;0
16/04/2023;192,6687;23,9236;31,1193;4,2584;8,2506
17/04/2023;173,7172;23,316;31,0504;4,2437;41,2529
18/04/2023;85,5395;22,9269;27,6006;3,2138;41,2529
19/04/2023;223,5762;22,6679;32,046;4,747;0
20/04/2023;205,872;23,5704;30,9462;4,2483;16,5012
21/04/2023;201,4823;22,8724;30,4128;4,2355;15,7075
22/04/2023;131,4934;23,4258;28,6197;3,4325;20,9433
23/04/2023;70,7679;22,4653;26,6729;2,9677;15,7075
24/04/2023;188,7456;21,4787;28,9303;3,9965;0
25/04/2023;142,8275;22,6243;28,0733;3,4143;20,9433
26/04/2023;160,8856;22,3066;27,8189;3,4275;28,9106
27/04/2023;224,3024;22,6583;30,21;4,1247;0
28/04/2023;184,142;22,6261;29,3314;3,8746;14,4553
29/04/2023;173,1261;22,4303;30,0772;4,0914;14,4553
30/04/2023;224,3815;22,3199;30,2179;4,1766;0
1/05/2023;205,3451;21,6071;30,0893;4,386;26,6965
2/05/2023;258,819;21,8461;31,4065;4,719;0
3/05/2023;267,8609;22,0445;32,1019;4,8844;0
4/05/2023;224,6024;22,4528;31,1506;4,481;0
5/05/2023;265,5408;22,6799;31,7552;4,6492;0
6/05/2023;233,9459;23,0162;31,5949;4,5124;20,1782
7/05/2023;279,7934;21,6322;32,626;5,0909;0
8/05/2023;160,29;22,0818;31,4071;4,5757;60,5347
9/05/2023;105,9911;22,737;28,4443;3,4559;0
10/05/2023;138,4927;22,391;28,098;3,4397;0
11/05/2023;154,5224;22,5177;28,9711;3,671;0
12/05/2023;216,0169;22,5452;30,3968;4,1492;0
13/05/2023;144,1756;22,8127;28,0648;3,3354;0
14/05/2023;160,1002;22,8477;28,9995;3,6123;0
15/05/2023;131,5875;23,5688;27,8575;3,0083;30,436
16/05/2023;247,8775;22,3273;31,1766;4,4125;0
17/05/2023;213,5238;24,219;30,6916;3,8248;14,9592
18/05/2023;160,5441;23,0026;29,0641;3,649;0
19/05/2023;167,7496;23,9399;31,6677;4,1258;7,4796
20/05/2023;179,0477;23,0895;30,9257;4,1047;22,4389
21/05/2023;181,1132;23,2122;30,3274;3,9551;34,8435
22/05/2023;175,8912;23,4637;29,7553;3,6554;0
23/05/2023;204,5417;22,6773;30,0645;3,9455;0
24/05/2023;173,434;22,5921;29,1603;3,7165;0
25/05/2023;102,5953;22,885;29,8545;3,7324;69,6871
26/05/2023;166,9247;22,7936;27,9415;3,2033;29,8463
27/05/2023;205,9184;22,4802;30,4342;4,097;0
28/05/2023;194,0883;23,1844;30,7511;4,0072;0
29/05/2023;229,8239;22,4056;31,4088;4,4632;0
30/05/2023;213,295;22,8617;30,8995;4,1675;29,8463
31/05/2023;104,0623;23,3542;28,0578;3,0557;29,8463
1/06/2023;121,5502;22,9916;27,9333;3,0988;0
2/06/2023;246,6793;21,5661;30,8906;4,3584;48,3408
3/06/2023;252,1608;22,6426;30,7667;4,1733;0
4/06/2023;224,0425;21,9251;30,9706;4,388;0
5/06/2023;163,2749;23,0889;30,3635;3,8726;0
6/06/2023;189,0421;22,1641;29,6456;3,8679;26,1246
7/06/2023;205,7667;23,253;30,62;3,9372;0
8/06/2023;187,1603;23,2878;29,2632;3,5072;26,1246
9/06/2023;241,5994;22,008;30,433;4,1287;0
10/06/2023;254,2642;22,0284;30,5139;4,1988;0
11/06/2023;198,3809;21,5312;29,132;3,9011;66,4427
12/06/2023;223,2301;22,1101;30,3867;4,1079;33,2213
13/06/2023;242,5815;22,5482;30,7348;4,0955;0
14/06/2023;115,7193;23,1089;27,3083;2,8728;33,2213
15/06/2023;119,3626;22,1194;26,4479;2,8189;0
16/06/2023;96,8598;20,7981;25,6366;2,8838;0
17/06/2023;154,0448;20,5045;27,5176;3,5145;0
18/06/2023;142,0892;21,7016;28,2416;3,5099;0
19/06/2023;251,2281;21,1495;30,0802;4,2201;0
20/06/2023;218,7557;22,2142;29,7219;3,8977;0
21/06/2023;172,4412;22,6262;28,5583;3,4364;0
22/06/2023;200,8354;23,0775;29,6038;3,638;0
23/06/2023;221,1016;22,5269;30,4916;4,045;16,7791
24/06/2023;189,0428;22,4101;29,916;3,8746;50,3373
25/06/2023;194,239;22,2854;30,252;4,0002;0
26/06/2023;213,2979;21,9116;30,308;4,1036;22,1903
27/06/2023;244,094;22,5274;30,4489;4,0421;0
28/06/2023;192,4431;22,685;29,8706;3,8123;22,1903
29/06/2023;199,8934;22,9335;29,5462;3,6702;22,1903
30/06/2023;108,1074;22,885;25,9922;2,4497;0
1/07/2023;185,8488;22,2442;30,3195;4,0332;0
2/07/2023;75,8048;22,6358;27,2596;2,9893;0
3/07/2023;131,566;22,6364;28,8223;3,5087;0
4/07/2023;206,6774;21,7502;29,5507;3,9441;0
5/07/2023;176,8842;21,6325;29,506;3,9076;64,9784
6/07/2023;65,2614;22,3209;25,3518;2,3667;0
7/07/2023;123,9388;22,0188;27,5727;3,2482;0
8/07/2023;181,6133;21,7312;28,614;3,6624;67,7091
9/07/2023;173,6229;21,4595;30,224;4,1814;33,8545
10/07/2023;231,1734;20,9693;29,2579;4,0957;0
11/07/2023;228,4261;21,5566;30,2544;4,2302;0
12/07/2023;232,5432;23,0335;29,4997;3,6851;0
13/07/2023;230,4999;22,1865;30,4141;4,1477;0
14/07/2023;132,4791;22,683;27,7661;3,1795;69,5507
15/07/2023;175,7139;21,976;29,2562;3,7857;0
16/07/2023;221,9738;21,6651;30,3322;4,216;0
17/07/2023;62,8721;22,4694;26,8981;2,9069;0
18/07/2023;200,864;21,7947;29,7534;3,977;0
19/07/2023;176,2538;21,7175;28,3048;3,6294;0
20/07/2023;239,0623;22,1363;30,8518;4,2857;0
21/07/2023;150,7893;22,6819;27,4472;3,0828;0
22/07/2023;250,8067;20,8747;31,0907;4,6342;0
23/07/2023;206,828;23,6739;29,2854;3,4518;0
24/07/2023;162,3811;23,1306;28,4825;3,296;0
25/07/2023;93,1647;22,8622;26,4238;2,6726;0
26/07/2023;254,0377;22,1629;31,0159;4,377;0
27/07/2023;167,5759;22,5971;28,1811;3,4005;127,0397
28/07/2023;142,9373;22,4212;27,6732;3,2696;0
29/07/2023;200,1388;22,0153;29,5725;3,9467;0
30/07/2023;71,6637;22,6392;25,6791;2,4558;0
31/07/2023;157,958;22,2611;28,3122;3,5046;0
1/08/2023;179,6565;22,1431;28,916;3,7342;0
2/08/2023;237,6706;21,5186;30,7533;4,4625;0
3/08/2023;255,2298;23,2345;31,4704;4,2764;0
4/08/2023;252,2155;22,0164;31,6472;4,6407;0
5/08/2023;122,5013;22,564;29,3337;3,7857;45,8696
6/08/2023;183,6549;22,0167;30,8412;4,3742;0
7/08/2023;247,2975;22,4861;31,4791;4,5046;0
8/08/2023;265,2193;21,6083;32,5052;5,0006;0
9/08/2023;224,3907;23,3499;30,2799;3,9501;0
10/08/2023;189,1962;22,1602;29,614;4,0519;0
11/08/2023;254,8839;22,0136;31,4301;4,5867;0
12/08/2023;208,328;22,1083;29,1662;3,9441;0
13/08/2023;229,441;22,8295;30,9718;4,314;0
14/08/2023;172,6774;21,4683;29,4686;4,1682;0
15/08/2023;119,2716;22,3579;27,6317;3,3232;53,2261
16/08/2023;193,4201;21,6698;29,7352;4,2001;0
17/08/2023;247,9963;21,9088;31,2657;4,6148;0
18/08/2023;269,5293;23,4801;31,6953;4,4257;19,3446
19/08/2023;223,7562;23,2342;31,7582;4,5549;0
20/08/2023;223,391;22,915;30,3888;4,1436;19,3446
21/08/2023;172,4495;23,1777;30,3302;4,0734;0
22/08/2023;218,5864;23,1446;31,7093;4,4963;79,8098
23/08/2023;296,0763;22,092;34,3424;5,5038;0
24/08/2023;271,9842;22,7289;32,3905;4,867;0
25/08/2023;274,178;22,8838;32,5341;4,8952;0
26/08/2023;290,4272;21,4804;33,6215;5,4814;0
27/08/2023;264,6779;22,6152;32,4517;4,9142;29,1409
28/08/2023;264,447;21,9875;33,5303;5,3333;0
29/08/2023;283,8975;22,632;33,1;5,1096;0
30/08/2023;255,7434;22,2067;32,3184;4,9885;14,5705
31/08/2023;280,0124;23,0804;33,2802;5,0747;0
1/09/2023;244,5241;22,631;32,626;4,9891;0
2/09/2023;287,0854;22,2069;33,018;5,1888;7,4238
3/09/2023;260,2133;23,6637;31,9784;4,5582;0
4/09/2023;233,1891;23,6648;31,829;4,477;22,2714
5/09/2023;215,5069;23,2504;31,6735;4,5786;22,2714
6/09/2023;281,1518;22,8278;32,7653;5,0051;0
7/09/2023;262,4897;23,6469;33,5569;5,0488;0
8/09/2023;169,6095;23,6736;30,7006;4,1605;34,324
9/09/2023;230,932;22,1784;30,5282;4,421;0
10/09/2023;241,3789;22,9718;32,1703;4,7189;17,162
11/09/2023;283,4707;22,562;32,487;4,9234;11,1053
12/09/2023;279,2165;23,1736;32,6121;4,8836;0
13/09/2023;281,4636;23,5998;32,7515;4,8287;0
14/09/2023;236,946;22,8336;31,666;4,6484;11,1053
15/09/2023;255,1268;23,3578;32,7689;4,8835;0
16/09/2023;284,4352;22,7902;33,6595;5,2685;0
17/09/2023;198,4357;22,2334;30,1946;4,3256;29,1545
18/09/2023;259,9337;21,8571;32,7495;5,136;0
19/09/2023;262,0429;22,8617;32,6763;4,9445;0
20/09/2023;292,5091;22,0041;33,3123;5,3113;0
21/09/2023;267,6812;22,8991;32,6686;4,9272;0
22/09/2023;269,108;23,4431;32,4505;4,7573;0
23/09/2023;158,4564;23,0791;28,0569;3,3492;27,894
24/09/2023;236,0087;22,5834;30,81;4,3915;0
25/09/2023;258,0266;22,4477;32,2071;4,845;0
26/09/2023;299,7205;22,2278;33,3707;5,3099;0
27/09/2023;287,4598;23,2956;33,5382;5,1722;0
28/09/2023;264,759;22,905;33,4248;5,1641;18,7484
29/09/2023;264,3982;23,8126;33,165;4,8891;18,7484
30/09/2023;249,5543;23,9149;33,4266;4,9188;0
1/10/2023;246,5614;23,3788;31,7682;4,4887;9,3123
2/10/2023;277,637;23,2559;33,1504;5,0216;0
3/10/2023;255,8817;23,7272;33,0626;4,8968;0
4/10/2023;263,2122;24,0155;34,7929;5,3129;9,3123
5/10/2023;255,5663;24,0311;33,4239;4,9233;9,3123
6/10/2023;277,9253;24,7112;33,2903;4,6796;24,8242
7/10/2023;258,4677;23,9478;34,0102;5,0402;12,4121
8/10/2023;257,6389;24,2229;33,8107;4,9215;12,4121
9/10/2023;236,1375;23,8243;33,4869;4,9413;0
10/10/2023;162,5776;22,899;31,6165;4,4654;62,0606
11/10/2023;270,9298;22,8146;32,1598;4,7483;0
12/10/2023;281,3144;23,1729;32,9159;4,911;0
13/10/2023;231,0422;23,3166;31,3756;4,3974;20,64
14/10/2023;239,0841;24,3311;31,7341;4,2271;0
15/10/2023;282,7197;22,925;32,5324;4,7871;10,32
16/10/2023;280,2005;23,0108;32,0513;4,6229;0
17/10/2023;233,9935;22,8462;31,5521;4,4439;0
18/10/2023;265,2456;22,3695;31,7098;4,6925;16,3967
19/10/2023;211,5283;23,9097;31,5083;4,2317;0
20/10/2023;266,1537;22,4412;32,711;4,8893;0
21/10/2023;263,6947;24,1594;32,935;4,6334;0
22/10/2023;172,0073;23,685;29,5239;3,6537;30,1399
23/10/2023;249,1119;23,7556;31,5205;4,244;0
24/10/2023;225,5379;23,0097;30,5563;4,0926;0
25/10/2023;244,7829;22,8623;31,9324;4,5645;0
26/10/2023;228,4093;23,4651;30,5103;4,0053;0
27/10/2023;162,3092;24,1086;29,8572;3,6016;0
28/10/2023;237,0373;23,274;32,2919;4,5582;0
29/10/2023;163,172;24,0744;30,0589;3,631;40,3042
30/10/2023;277,0713;22,5504;32,9704;4,8437;0
31/10/2023;254,0901;22,7981;32,4861;4,7307;0
1/11/2023;248,0358;23,1336;32,7749;4,7251;0
2/11/2023;230,3094;24,6507;31,9308;4,1001;0
3/11/2023;242,3344;23,2548;31,524;4,3045;0
4/11/2023;182,082;23,5773;29,676;3,5828;79,94
5/11/2023;246,049;23,4295;31,3722;4,1987;0
6/11/2023;212,4275;23,4265;30,7729;4,0492;0
7/11/2023;171,8715;22,8581;28,8475;3,5459;55,5301
8/11/2023;245,7965;23,0929;31,5928;4,3258;0
9/11/2023;208,0406;23,3369;30,9251;4,1238;0
10/11/2023;181,3266;22,5245;29,4128;3,7489;0
11/11/2023;199,6696;23,2011;30,3704;3,884;0
12/11/2023;109,4222;23,3445;29,2563;3,4856;0
13/11/2023;251,6811;23,4435;31,8651;4,3035;0
14/11/2023;228,0473;24,372;31,1628;3,844;33,2622
15/11/2023;259,5013;23,5357;32,2875;4,4199;0
16/11/2023;281,1693;22,3108;33,2461;4,9426;0
17/11/2023;263,6286;23,5651;32,4137;4,454;0
18/11/2023;258,1944;22,7783;32,6016;4,6607;11,3462
19/11/2023;248,6809;23,6529;32,7742;4,5049;0
20/11/2023;229,5461;24,3423;32,7334;4,3005;0
21/11/2023;254,6184;23,9019;32,6809;4,404;0
22/11/2023;227,4946;23,867;32,0855;4,2484;0
23/11/2023;254,0842;23,615;31,9582;4,2668;0
24/11/2023;247,6235;23,1553;32,6536;4,5403;0
25/11/2023;229,5225;22,5433;32,2142;4,4852;45,4308
26/11/2023;248,0626;22,786;30,4825;3,963;0
27/11/2023;232,5362;23,5936;30,8667;3,8971;0
28/11/2023;212,4573;23,7138;31,3639;4,0083;0
29/11/2023;235,5798;22,3536;31,824;4,4079;0
30/11/2023;255,4784;22,3737;31,9573;4,4877;0
1/12/2023;220,9353;21,3885;31,5822;4,5731;0
2/12/2023;255,0294;21,2385;32,3122;4,7662;0
3/12/2023;263,8406;20,986;32,5018;4,8582;0
4/12/2023;223,4321;22,8024;32,2178;4,433;0
5/12/2023;238,9113;22,364;32,5155;4,5902;0
6/12/2023;239,7361;22,184;32,6187;4,6773;0
7/12/2023;263,0603;22,7761;33,2957;4,7057;0
8/12/2023;216,3419;23,1357;31,1882;4,0787;0
9/12/2023;115,1829;22,9868;27,9989;3,0902;0
10/12/2023;229,285;23,0568;31,1525;4,0037;0
11/12/2023;238,8236;23,1604;32,7094;4,477;0
12/12/2023;268,5972;22,2094;33,5379;4,9136;0
13/12/2023;239,4977;22,5107;33,0389;4,7481;0
14/12/2023;212,2524;23,8909;32,1168;4,1617;0
15/12/2023;206,4354;23,3002;32,0739;4,2339;0
16/12/2023;175,7437;23,8172;31,7904;3,9904;32,9734
17/12/2023;111,3111;23,7352;29,1634;3,2258;0
18/12/2023;197,4625;23,3139;30,7833;3,8557;49,4601
19/12/2023;197,1978;23,081;30,7574;3,9567;16,4867
20/12/2023;207,9318;24,0916;32,4393;4,1788;0
21/12/2023;219,5948;24,398;32,8873;4,2475;0
22/12/2023;221,7364;24,013;32,3806;4,2196;0
23/12/2023;229,1588;22,4948;32,1484;4,4768;0
24/12/2023;228,2933;23,2317;32,442;4,4238;0
25/12/2023;177,4365;24,0567;30,6247;3,6627;46,9982
26/12/2023;170,1354;23,1979;29,3746;3,5015;18,431
27/12/2023;224,2067;23,3524;31,121;3,9308;18,431
28/12/2023;192,834;23,075;30,5938;3,7911;36,862
29/12/2023;240,8365;22,5017;31,835;4,2632;0
30/12/2023;258,0058;22,56;31,7279;4,3247;18,431
31/12/2023;230,8306;23,4365;31,8901;4,1948;0
1/01/2024;248,7752;23,636;31,6137;4,0902;5,3944
2/01/2024;238,3898;22,8491;31,6143;4,2679;0
3/01/2024;256,8693;22,4777;32,2742;4,5184;0
4/01/2024;270,6169;21,9179;32,6252;4,7122;0
5/01/2024;264,0808;22,7776;32,5723;4,5098;0
6/01/2024;277,9612;22,2841;33,3268;4,8234;0
7/01/2024;268,6253;21,7788;33,3524;4,9454;0
8/01/2024;275,5123;20,9701;33,1799;5,0504;5,1032
9/01/2024;278,3858;21,5766;33,5881;5,0388;0
10/01/2024;283,5876;22,639;34,4499;5,1043;0
11/01/2024;249,0157;22,9099;32,9959;4,719;0
12/01/2024;260,2128;23,022;33,1023;4,7061;0
13/01/2024;255,1882;23,36;33,2392;4,6643;0
14/01/2024;288,1069;22,5279;34,7567;5,2542;0
15/01/2024;280,6619;22,3373;34,7649;5,2928;0
16/01/2024;269,0071;22,8959;34,6716;5,1606;0
17/01/2024;253,6238;24,4287;35,3184;5,0814;0
18/01/2024;232,0728;24,9138;34,6131;4,7713;0
19/01/2024;226,5738;23,491;33,6463;4,8162;0
20/01/2024;200,0088;23,4347;33,2245;4,6739;0
21/01/2024;185,7521;24,5596;33,1457;4,4372;0
22/01/2024;237,7028;22,9282;35,4328;5,4214;0
23/01/2024;281,6583;23,3907;34,6182;5,1567;0
24/01/2024;280,6729;23,5132;35,1888;5,2787;0
25/01/2024;297,7539;23,652;35,5421;5,3675;0
26/01/2024;298,3912;22,3727;36,0586;5,7387;0
27/01/2024;294,795;22,8929;35,458;5,4965;0
28/01/2024;260,6932;24,2318;35,4167;5,2579;0
29/01/2024;285,2641;24,6803;35,8258;5,2919;0
30/01/2024;285,1381;23,5763;36,405;5,7206;0
31/01/2024;236,4705;24,5311;34,9328;5,1212;8,1219
1/02/2024;218,9975;25,4753;34,1945;4,6943;10,0992
2/02/2024;137,2363;24,2255;31,5877;4,065;30,2976
3/02/2024;185,1978;24,1699;32,0104;4,208;0
4/02/2024;142,5751;22,9132;29,056;3,5856;30,2976
5/02/2024;128,5124;23,1341;30,1945;3,8628;0
6/02/2024;179,7684;22,8904;30,3923;4,0712;0
7/02/2024;251,7928;24,3921;32,8784;4,4754;0
8/02/2024;203,8854;23,7519;31,7725;4,3449;0
9/02/2024;124,9055;23,4683;28,2451;3,2183;16,4342
10/02/2024;197,4834;23,9532;31,6584;4,1914;0
11/02/2024;256,361;22,0378;32,6289;5,0248;0
12/02/2024;274,4878;22,7747;33,2078;5,0182;0
13/02/2024;299,4043;22,0484;34,211;5,4625;0
14/02/2024;157,4092;22,6964;31,3886;4,5536;0
15/02/2024;209,3992;24,0007;32,1401;4,4001;0
16/02/2024;129,1741;24,4613;28,7596;3,1458;0
17/02/2024;223,8766;24,0278;33,131;4,6784;0
18/02/2024;269,7397;22,6936;33,9588;5,3219;0
19/02/2024;297,9362;22,6769;34,8567;5,6069;0
20/02/2024;294,5587;23,7524;34,9153;5,4269;0
21/02/2024;287,1897;24,3682;34,5326;5,1944;0
22/02/2024;252,45;24,9161;34,9983;5,1793;0
23/02/2024;206,5664;25,6165;33,9965;4,7307;0
24/02/2024;305,2021;25,1422;35,9635;5,4197;0
25/02/2024;303,2632;23,3022;36,5844;5,9647;0
26/02/2024;267,6847;23,719;35,4107;5,6398;0
27/02/2024;267,2896;25,2098;33,8043;4,8214;0
28/02/2024;229,634;24,9372;34,1469;4,9828;0
29/02/2024;253,8295;25,2092;34,9918;5,2023;0
1/03/2024;283,7424;24,341;36,3139;5,7793;0
2/03/2024;234,6832;25,2424;35,4833;5,312;0
3/03/2024;211,0879;26,0242;34,4451;4,8416;0
4/03/2024;232,8138;25,1404;35,2391;5,283;0
5/03/2024;250,3054;25,1961;35,3804;5,3547;0
6/03/2024;278,0266;24,2871;35,6211;5,6542;0
7/03/2024;232,9763;25,0384;33,7352;4,8629;20,949
8/03/2024;232,7717;23,9804;32,253;4,6352;20,949
9/03/2024;177,079;24,1421;30,7129;4,0153;20,949
10/03/2024;272,0062;24,5225;34,7371;5,2443;0
11/03/2024;217,4472;24,4367;31,7475;4,3597;9,7
12/03/2024;157,9635;24,4091;32,4271;4,5591;9,7
13/03/2024;229,7928;24,5544;34,6453;5,1623;0
14/03/2024;214,1852;24,3483;33,0161;4,737;19,4
15/03/2024;250,9593;23,9647;35,0467;5,4755;0
16/03/2024;239,4792;24,2021;33,9322;5,0463;5,9676
17/03/2024;270,2741;24,2545;34,2863;5,2334;0
18/03/2024;230,7535;25,0675;31,9856;4,2663;0
19/03/2024;240,9569;24,9076;32,6336;4,5337;0
20/03/2024;280,2063;24,1376;34,1054;5,2273;0
21/03/2024;260,3144;25,0921;34,625;5,1755;0
22/03/2024;282,0338;23,9091;35,0036;5,5768;0
23/03/2024;246,1682;24,2652;34,2366;5,2295;0
24/03/2024;210,0977;25,6537;32,319;4,2105;0
25/03/2024;247,2385;24,3581;33,0235;4,7402;12,4038
26/03/2024;235,4574;24,4044;33,4584;4,9046;6,7907
27/03/2024;220,0609;24,0898;33,4284;4,9632;27,1628
28/03/2024;247,6274;24,5994;33,9705;5,0152;0
29/03/2024;173,3335;23,123;31,3709;4,5352;20,3721
30/03/2024;256,3882;24,6625;33,7407;4,9631;6,7907
31/03/2024;155,3782;23,9669;31,7466;4,4264;6,7907
1/04/2024;273,956;23,2451;32,7715;4,9288;0
2/04/2024;170,4974;24,5959;30,0927;3,741;25,9188
3/04/2024;217,6348;24,0262;31,6505;4,3641;17,2792
4/04/2024;183,5708;24,3829;29,6719;3,5885;17,2792
5/04/2024;262,5215;23,0165;33,0601;5,0281;8,6396
6/04/2024;208,7313;23,5385;30,2743;4,0097;12,8002
7/04/2024;275,4391;23,6109;33,0688;4,9545;0
8/04/2024;239,6121;24,3466;32,8274;4,6861;0
9/04/2024;264,9843;23,6638;34,2943;5,319;0
10/04/2024;310,6491;22,8539;35,3027;5,8084;0
11/04/2024;311,3718;22,944;35,5978;5,8497;0
12/04/2024;295,6857;23,802;34,9875;5,4923;0
13/04/2024;294,9927;24,389;35,1618;5,4732;0
14/04/2024;293,5466;24,6187;34,8915;5,3347;3,6854
15/04/2024;300,2997;23,4717;35,4723;5,7773;0
16/04/2024;297,6105;24,3192;35,4429;5,5683;0
17/04/2024;205,698;24,6876;31,5838;4,2179;0
18/04/2024;214,9926;24,5552;32,0139;4,286;26,1667
19/04/2024;141,1092;24,1615;30,7467;3,9314;8,7222
20/04/2024;141,2281;23,7639;28,7314;3,3664;26,1667
21/04/2024;165,4475;23,5442;30,9526;4,1372;16,8591
22/04/2024;86,7972;23,6127;27,765;3,0139;17,8631
23/04/2024;268,5717;22,2877;31,5597;4,6251;0
24/04/2024;260,9987;23,8876;32,5314;4,6428;16,8591
25/04/2024;220,5426;23,873;31,6371;4,3222;16,8591
26/04/2024;168,4741;23,614;29,3727;3,6054;0
27/04/2024;233,0679;23,1287;30,9726;4,2846;0
28/04/2024;216,8305;23,7202;31,8558;4,4162;0
29/04/2024;122,0132;23,562;29,6155;3,6655;101,5474
30/04/2024;246,6413;23,8174;32,1675;4,4862;0
1/05/2024;147,4259;23,6874;30,1832;3,8321;32,5127
2/05/2024;213,9166;23,4681;31,6079;4,4126;0
3/05/2024;179,3218;24,2277;30,3336;3,7952;0
4/05/2024;192,3844;23,9507;31,5862;4,2063;16,2563
5/05/2024;114,8913;24,0115;27,9864;2,9721;0
6/05/2024;263,1875;22,9673;31,9996;4,5533;15,0119
7/05/2024;270,8987;24,0657;33,09;4,7179;0
8/05/2024;157,5409;23,4894;31,0586;4,113;15,0119
9/05/2024;105,8584;23,7709;27,1519;2,6876;45,0356
10/05/2024;169,8674;23,0562;29,2689;3,6647;0
11/05/2024;253,4863;23,0011;32,2882;4,6089;0
12/05/2024;246,9436;23,6833;32,1515;4,4681;0
13/05/2024;234,9333;23,689;32,6665;4,5205;51,697
14/05/2024;219,7942;23,82;32,2663;4,4533;0
15/05/2024;222,1815;23,6;31,7102;4,2677;25,8485
16/05/2024;174,846;23,7157;29,9388;3,6827;23,0638
17/05/2024;263,6063;23,7632;31,9784;4,3143;7,0927
18/05/2024;151,9503;22,9736;29,483;3,7289;6,2218
19/05/2024;259,7837;22,9346;30,8764;4,15;65,7133
20/05/2024;135,4619;23,2577;28,3751;3,2543;5,2975
21/05/2024;182,8193;23,371;29,1541;3,4887;0
22/05/2024;197,4141;23,8401;30,649;3,855;0
23/05/2024;196,7319;22,8504;30,444;4,1017;0
24/05/2024;232,2568;22,929;31,3478;4,3445;0
25/05/2024;117,1739;23,6484;28,5693;3,1813;122,001
26/05/2024;148,3919;23,304;30,0063;3,7582;0
27/05/2024;171,9269;23,1849;28,8762;3,4775;0
28/05/2024;191,6641;22,6736;30,3648;4,0225;38,1827
29/05/2024;139,3434;22,969;27,8866;3,108;38,1827
30/05/2024;196,5625;22,5625;28,7977;3,5485;0
31/05/2024;168,2277;23,4113;29,3663;3,5126;0
1/06/2024;243,0552;22,8871;30,5014;3,9993;0
2/06/2024;240,8431;23,1989;31,5053;4,2932;0
3/06/2024;216,3766;24,7462;31,7412;3,9215;0
4/06/2024;140,7408;23,1474;28,6451;3,3248;58,7533
5/06/2024;115,5381;21,8519;26,9988;3,1171;0
6/06/2024;131,0009;22,45;27,7387;3,1996;0
7/06/2024;152,304;21,9655;29,8814;3,9737;0
8/06/2024;181,0969;23,1331;29,0934;3,4992;0
9/06/2024;182,2558;22,8738;29,263;3,5904;47,692
10/06/2024;178,7132;22,4227;29,7736;3,8478;0
11/06/2024;155,7897;22,9695;28,789;3,361;18,5533
12/06/2024;199,4794;21,6576;29,4709;3,9453;15,6161
13/06/2024;238,22;23,7217;30,7954;3,8923;9,6264
14/06/2024;195,2563;23,0009;29,5636;3,6651;7,3231
15/06/2024;155,6784;22,663;28,5041;3,38;48,2247
16/06/2024;191,8211;22,7774;30,9313;4,0758;11,2113
17/06/2024;260,0298;22,0782;31,5026;4,4594;0
18/06/2024;228,6124;22,1562;30,9953;4,297;0
19/06/2024;161,0671;23,1085;29,9081;3,7499;0
20/06/2024;200,013;22,8328;29,7574;3,7346;22,4227
21/06/2024;184,521;22,5491;29,9457;3,8396;0
22/06/2024;217,4966;22,6647;29,6798;3,7969;15,2599
23/06/2024;196,3438;22,9096;29,6055;3,6878;0
24/06/2024;154,799;22,6876;28,6525;3,4446;15,2599
25/06/2024;249,7051;22,6817;31,3269;4,2471;0
26/06/2024;190,3944;22,3035;28,9045;3,6149;0
27/06/2024;204,8665;22,7391;30,1437;3,8838;20,9099
28/06/2024;174,2953;22,7276;28,8567;3,4852;20,9099
29/06/2024;238,5305;21,8691;31,0585;4,3609;20,9099
30/06/2024;176,9363;23,2082;29,9821;3,7079;20,9099
1/07/2024;202,5598;22,3767;30,0633;3,9408;17,0603
2/07/2024;169,2894;23,2028;29,8067;3,6293;0
3/07/2024;168,9156;22,8388;29,6878;3,7141;17,0603
4/07/2024;167,7898;22,2422;29,3083;3,7959;0
5/07/2024;145,583;22,8685;27,7217;3,1041;34,1206
6/07/2024;214,5469;22,2054;29,4581;3,8055;0
7/07/2024;168,0215;22,0381;28,6616;3,6067;24,1347
8/07/2024;242,9297;21,7638;31,5988;4,5477;0
9/07/2024;156,8525;22,3408;28,6327;3,5677;24,1347
10/07/2024;259,7973;21,6602;31,1254;4,4674;0
11/07/2024;224,0422;21,8886;31,2482;4,4458;0
12/07/2024;153,0481;21,5727;28,0672;3,5906;75,2744
13/07/2024;202,0912;22,2776;29,2655;3,7115;0
14/07/2024;111,005;22,8324;27,2677;2,9491;0
15/07/2024;167,0736;21,8725;28,6841;3,6552;0
16/07/2024;236,7534;22,4793;29,5504;3,8174;0
17/07/2024;100,3218;23,0591;27,238;2,8972;0
18/07/2024;95,5491;22,518;26,8026;2,9178;0
19/07/2024;129,5193;22,4654;28,2251;3,3911;0
20/07/2024;196,5228;22,7094;30,0376;3,9058;0
21/07/2024;152,2378;21,7584;27,54;3,3871;0
22/07/2024;90,0087;22,2917;26,0086;2,7002;0
23/07/2024;180,0804;21,9306;29,4804;3,918;0
24/07/2024;99,857;21,9777;27,1762;3,2473;0
25/07/2024;160,4313;22,9723;29,4716;3,6912;0
26/07/2024;90,318;22,1904;26,9194;3,0846;0
27/07/2024;221,7197;21,5896;31,0472;4,4375;0
28/07/2024;104,4327;22,9861;26,6571;2,734;0
29/07/2024;133,3554;21,6896;29,8216;4,0938;0
30/07/2024;126,9644;22,5298;28,2291;3,4213;0
31/07/2024;110,2048;22,0579;26,5945;2,9996;0
1/08/2024;236,7622;21,4255;30,6062;4,3935;0
2/08/2024;286,4531;20,9214;32,4521;5,049;0
3/08/2024;263,326;22,5803;31,4326;4,4888;0
4/08/2024;214,3001;21,823;30,2529;4,2861;43,5784
5/08/2024;150,4968;22,1966;28,6916;3,7042;0
6/08/2024;258,3219;22,2964;31,2641;4,4655;0
7/08/2024;278,7131;22,0344;31,9153;4,8087;0
8/08/2024;232,6796;22,2138;30,9059;4,4521;27,48
9/08/2024;142,0635;22,742;29,129;3,7146;13,74
10/08/2024;156,3078;22,7735;29,3283;3,7539;0
11/08/2024;232,24;22,3181;30,6158;4,2847;59,247
12/08/2024;174,5108;22,6142;29,2597;3,7836;0
13/08/2024;217,1364;22,3191;29,8003;4,0228;0
14/08/2024;237,176;22,9826;30,0564;4,0396;0
15/08/2024;242,8477;22,2194;31,3929;4,6006;0
16/08/2024;270,1387;22,0215;32,3788;4,9372;0
17/08/2024;269,1281;21,9211;33,1779;5,1683;0
18/08/2024;276,103;22,317;32,5266;4,936;0
19/08/2024;246,7437;22,3865;32,3879;4,8998;0
20/08/2024;256,9874;22,2456;32,5885;5,0221;0
21/08/2024;243,3172;23,2636;32,086;4,6012;0,0522
22/08/2024;253,0645;23,1133;32,2341;4,7559;0,3156
23/08/2024;199,8901;22,6907;32,2562;4,755;3,5892
24/08/2024;121,3808;22,7807;28,9177;3,6812;13,3634
25/08/2024;178,4047;22,0589;30,7324;4,3801;2,4084
26/08/2024;239,8309;21,7835;31,6034;4,695;19,8296
27/08/2024;284,8116;22,2559;31,3729;4,6394;2,492
28/08/2024;228,6789;22,8048;31,0174;4,3825;28,6498
29/08/2024;244,5277;22,2476;30,8395;4,4204;0,9209
30/08/2024;256,1641;21,3722;32,5201;5,1762;0,4427
31/08/2024;272,7076;22,0407;32,2094;4,9811;0,4961
1/09/2024;275,9151;23,0193;33,697;5,198;0
2/09/2024;266,7417;22,6334;31,5694;4,6475;0
3/09/2024;286,9449;22,4058;33,6769;5,3491;0
4/09/2024;286,5684;23,2559;33,2951;5,0963;0
5/09/2024;228,0597;24,1585;31,4568;4,2692;0
6/09/2024;274,4637;22,8423;33,0509;5,0942;0
7/09/2024;105,4546;23,2771;28,7423;3,6011;0
8/09/2024;240,5577;22,8406;32,7325;4,9518;0
9/09/2024;280,0967;22,1744;33,7655;5,4341;0
10/09/2024;239,3062;22,4425;31,9007;4,8983;0
11/09/2024;267,6189;23,0564;33,7726;5,2779;0,7952
12/09/2024;295,6581;23,161;34,9937;5,6524;23,0207
13/09/2024;256,273;24,0423;33,3408;4,947;10,7551
14/09/2024;282,0454;23,6352;33,1444;4,9487;32,8901
15/09/2024;285,4108;23,7532;35,1556;5,548;5,4155
16/09/2024;271,0569;23,8608;33,9997;5,2185;7,932
17/09/2024;267,4298;23,7267;33,3233;4,9877;7,932
18/09/2024;289,4836;23,317;34,3834;5,3873;0
19/09/2024;285,4879;23,1869;34,1356;5,3684;0
20/09/2024;269,2092;23,5706;33,8443;5,2371;0
21/09/2024;258,3413;23,5657;33,8043;5,1302;9,7565
22/09/2024;277,1957;22,8037;33,8273;5,3415;0
23/09/2024;279,1667;23,2633;33,9728;5,3064;9,7565
24/09/2024;298,5034;23,1161;34,0048;5,3273;0
25/09/2024;286,5912;23,5902;34,5464;5,3724;0
26/09/2024;260,9726;24,9406;33,2702;4,6766;0
27/09/2024;251,0475;23,0584;32,7227;4,9514;19,1726
28/09/2024;229,3283;24,171;31,7693;4,314;28,7589
29/09/2024;114,5927;23,3444;28,6133;3,4515;9,5863
30/09/2024;233,2519;22,5082;30,6813;4,3583;0
1/10/2024;281,2319;22,2676;32,7495;5,0892;1,3202
2/10/2024;232,8095;22,593;31,7607;4,6699;4,4294
3/10/2024;271,6368;22,0704;32,2375;4,9442;18,7634
4/10/2024;268,121;23,2053;32,2816;4,7019;1,2163
5/10/2024;282,5247;23,9354;33,2889;4,8683;2,7161
6/10/2024;210,8744;24,1932;30,9302;4,058;15,4587
7/10/2024;230,7306;23,142;32,0516;4,6324;0
8/10/2024;119,5528;23,3375;28,2661;3,2596;30,9175
9/10/2024;264,7978;22,0427;32,3791;4,9167;0
10/10/2024;236,19;23,1257;31,1028;4,3628;15,4587
11/10/2024;274,0935;22,35;32,6239;4,9825;0
12/10/2024;266,8376;23,278;32,8666;4,8634;0
13/10/2024;252,6884;23,0039;33,012;4,8746;31,3629
14/10/2024;261,7851;22,7131;31,2405;4,503;0
15/10/2024;265,4578;22,7104;32,2856;4,7765;0
16/10/2024;293,5605;22,9744;32,5771;4,8222;0
17/10/2024;278,5094;22,7355;32,6242;4,9013;16,3922
18/10/2024;276,4747;23,478;32,787;4,7564;0
19/10/2024;253,1792;23,2442;32,251;4,613;32,7844
20/10/2024;266,7579;22,9745;33,6557;5,091;0
21/10/2024;237,2008;24,0476;32,693;4,6179;9,9261
22/10/2024;257,9343;24,7954;33,0527;4,5285;9,9261
23/10/2024;259,7407;23,3787;32,518;4,6593;9,9261
24/10/2024;274,6834;22,4886;32,9443;4,956;0
25/10/2024;278,8514;23,5207;33,2839;4,871;9,9261
26/10/2024;246,0644;24,5848;32,0773;4,2333;19,7211
27/10/2024;226,535;24,3036;31,5877;4,143;19,7211
28/10/2024;222,577;23,7512;32,0462;4,3947;0
29/10/2024;192,1984;23,1154;30,0869;3,9472;9,8605
30/10/2024;252,42;23,1011;30,9268;4,134;19,7211
31/10/2024;255,7152;23,7254;32,2256;4,4138;0
1/11/2024;188,5436;23,3177;31,8245;4,3949;0
2/11/2024;170,3122;23,9718;30,8749;3,9364;0
3/11/2024;196,8806;23,7035;31,1339;4,0582;0
4/11/2024;137,1504;22,9303;29,2973;3,5956;82,0936
5/11/2024;266,6942;22,781;32,4493;4,5949;0
6/11/2024;266,335;22,7861;32,4948;4,6919;0
7/11/2024;252,6571;23,3799;32,4668;4,5647;0
8/11/2024;171,0428;23,5719;30,3505;3,8244;17,2026
9/11/2024;113,615;22,3126;28,5522;3,5547;22,9368
10/11/2024;171,395;22,9369;29,8239;3,7781;22,9368
11/11/2024;217,971;22,6243;30,2727;4,0209;0
12/11/2024;223,6687;22,8778;31,022;4,1714;36,5902
13/11/2024;253,8119;22,3371;32,0334;4,5547;0
14/11/2024;168,1403;22,8431;29,0243;3,5375;54,8852
15/11/2024;238,434;21,9106;31,0085;4,3241;0
16/11/2024;164,2205;22,2112;29,6051;3,8314;21,0885
17/11/2024;252,169;22,8972;31,4209;4,2091;10,5442
18/11/2024;197,8438;22,391;29,7156;3,8702;0
19/11/2024;221,066;22,1409;30,6186;4,1641;21,0885
20/11/2024;254,1631;22,8176;31,7072;4,3532;0
21/11/2024;206,1526;22,4415;29,9308;3,8546;23,8628
22/11/2024;127,8185;22,9777;28,5555;3,2781;23,8628
23/11/2024;140,8816;22,4994;28,0957;3,2431;15,9085
24/11/2024;252,9477;22,3937;31,019;4,1511;0
25/11/2024;263,0974;22,2893;31,7984;4,4577;0
26/11/2024;263,3707;23,5769;31,6558;4,1309;0
27/11/2024;238,7991;22,2725;32,1091;4,536;0
28/11/2024;220,9144;22,1239;30,3146;4,0609;4,5101
29/11/2024;255,9993;22,8132;32,3574;4,4611;4,5101
30/11/2024;241,3261;22,6475;32,2763;4,473;0
1/12/2024;255,7903;22,8247;32,1553;4,4137;0
2/12/2024;258,9379;23,2428;32,3645;4,3872;0
3/12/2024;240,5057;23,1741;31,6122;4,2117;0
4/12/2024;256,9107;22,9948;32,4456;4,4465;0
5/12/2024;244,1171;22,4803;31,8228;4,408;0
6/12/2024;211,8868;23,3592;30,8026;3,8809;0
7/12/2024;243,8433;23,3999;31,7639;4,1382;0
8/12/2024;270,0336;21,2028;32,3585;4,7726;0
9/12/2024;236,2821;22,4691;32,4432;4,4858;0
10/12/2024;217,5858;23,1339;32,333;4,3538;0
11/12/2024;256,1355;21,5687;32,9917;4,8139;0
12/12/2024;238,6083;22,7245;32,4396;4,5084;0
13/12/2024;178,1223;23,9462;30,9;3,7813;14,7785
14/12/2024;196,5105;24,4279;31,5669;3,836;0
15/12/2024;233,933;22,9733;32,3036;4,3972;0
16/12/2024;230,1947;23,7352;32,5018;4,3077;0
17/12/2024;196,7802;23,7064;31,1277;3,89;0
18/12/2024;206,9593;23,7258;31,7068;4,0556;0
19/12/2024;189,7281;22,6589;32,1839;4,4146;28,6664
20/12/2024;248,0673;21,1888;32,9301;4,9356;0
21/12/2024;150,3113;23,2648;29,8711;3,6323;7,5727
22/12/2024;239,9695;22,6347;33,1743;4,6615;0
23/12/2024;166,1597;23,2537;30,1546;3,6646;30,2909
24/12/2024;234,2708;22,5713;31,8284;4,3469;15,1454
25/12/2024;252,1822;22,3123;32,0457;4,459;0
26/12/2024;245,1342;21,7943;32,2402;4,6389;0
27/12/2024;249,7275;23,3751;31,7312;4,1926;0
28/12/2024;208,8045;22,9718;30,4282;3,8287;76,6858
29/12/2024;180,1323;22,6555;29,7139;3,6798;0
30/12/2024;217,6364;22,5994;30,4596;3,9324;0
31/12/2024;250,0056;22,4192;31,8298;4,3811;0
1/01/2025;241,7512;22,3284;31,8325;4,41;0
2/01/2025;238,493;23,5688;31,6134;4,0667;0
3/01/2025;62,2362;23,2309;27,5;2,8135;47,2328
4/01/2025;200,2206;20,9308;29,2501;3,9259;0
5/01/2025;89,9564;22,703;26,6333;2,6633;47,2328
6/01/2025;208,7598;21,4249;30,4077;4,1231;6,4503
7/01/2025;266,7487;22,2021;31,5434;4,3655;0
8/01/2025;231,3264;22,8904;31,126;4,0943;0
9/01/2025;252,9051;21,9867;31,7406;4,4521;0
10/01/2025;253,0883;22,1104;32,1147;4,5445;0
11/01/2025;277,7517;21,5882;32,7301;4,8343;0
12/01/2025;293,5803;20,2026;32,6241;5,0528;0
13/01/2025;268,0274;20,2991;32,4874;5,0115;0
14/01/2025;269,647;22,726;32,5088;4,5356;0
15/01/2025;289,1471;20,9237;32,4406;4,9319;0
16/01/2025;254,5773;22,615;32,2492;4,5241;0
17/01/2025;237,9221;22,5345;32,3462;4,5591;0
18/01/2025;271,6073;21,6354;33,1426;4,9715;0
19/01/2025;288,1388;22,075;34,4309;5,237;0
20/01/2025;261,2119;20,7251;33,597;5,2845;0
21/01/2025;262,4256;22,3715;33,4383;4,9316;0
22/01/2025;297,2761;21,4661;34,0921;5,2834;0
23/01/2025;202,2044;21,0045;32,8321;5,0671;0,0371
24/01/2025;109,6172;23,2646;28,3237;3,2242;1,2363
25/01/2025;145,1273;22,6173;28,0479;3,3037;7,4236
26/01/2025;186,6869;22,7796;31,5128;4,2407;0
27/01/2025;217,4038;22,2333;31,6096;4,4937;0
28/01/2025;201,9674;22,9155;31,6603;4,4;0
29/01/2025;230,99;23,3851;32,298;4,4802;0
30/01/2025;207,2108;23,0336;31,032;4,1709;0
31/01/2025;165,9499;23,0287;29,1919;3,5996;0
1/02/2025;272,4563;22,8588;33,5601;4,9603;0
2/02/2025;250,7939;22,8624;32,8198;4,8009;0
3/02/2025;270,5352;22,1027;32,8327;4,9615;0
4/02/2025;261,6265;22,3589;34,073;5,2581;0
5/02/2025;219,0087;22,727;32,8554;4,9029;0
6/02/2025;232,1183;23,5991;32,1098;4,48;0,8537
7/02/2025;212,6152;23,2046;32,6833;4,7518;0,4946
8/02/2025;209,2534;23,9532;31,7662;4,2495;6,3575
9/02/2025;232,2691;22,9797;32,3044;4,6551;1,036
10/02/2025;161,3062;24,4097;30,9572;3,9112;2,2542
11/02/2025;211,4044;22,8934;32,6981;4,7944;0
12/02/2025;213,3646;24,473;33,4123;4,6843;0
13/02/2025;261,9508;24,6533;34,679;5,0522;0
14/02/2025;249,936;23,4667;34,6793;5,3402;0
15/02/2025;235,4657;24,6652;32,8847;4,5907;0
16/02/2025;186,1719;24,8092;34,2198;4,8767;0
17/02/2025;240,7187;23,8763;34,4408;5,2292;0
18/02/2025;218,1782;24,1066;33,0743;4,7768;0
19/02/2025;252,0128;23,7559;33,2524;4,9126;0
20/02/2025;175,9807;24,0747;29,632;3,635;0
21/02/2025;212,8803;23,3216;32,1145;4,566;0
22/02/2025;132,4219;23,3865;28,3268;3,3172;22,4108
23/02/2025;166,9966;22,7135;29,3047;3,848;22,4108
24/02/2025;190,7726;23,1846;31,5137;4,4036;0
25/02/2025;207,9699;23,113;30,0975;4,0427;22,4108
26/02/2025;219,6528;23,4758;30,8502;4,2121;21,3542
27/02/2025;229,3326;23,0971;32,1749;4,6836;7,3984
28/02/2025;274,24;22,8713;33,0209;4,9662;0,299
1/03/2025;242,4322;24,1715;32,3587;4,5688;0
2/03/2025;256,7919;24,124;32,8127;4,7225;0
3/03/2025;244,6344;24,425;32,6148;4,6188;0
4/03/2025;208,0336;24,7635;32,5585;4,4435;11,1441
5/03/2025;197,4969;23,9942;30,7274;4,0493;14,8588
6/03/2025;176,483;23,0257;29,0832;3,7401;16,7107
7/03/2025;232,2036;23,0062;32,2517;4,7697;8,3553
8/03/2025;271,792;23,0263;33,0496;5,0643;4,1777
9/03/2025;274,7541;23,2762;33,309;5,0575;4,1777
10/03/2025;262,7876;23,1459;33,4229;5,1117;8,3553
11/03/2025;245,8042;23,0995;32,2898;4,799;0
12/03/2025;256,111;22,229;31,4405;4,6952;26,9925
13/03/2025;256,7078;23,6564;32,6177;4,807;8,9975
14/03/2025;155,59;23,2395;28,5653;3,5296;53,9851
15/03/2025;259,791;22,3126;31,4188;4,7457;8,9975
16/03/2025;241,7944;22,5631;30,913;4,493;0
17/03/2025;85,1591;22,1685;26,1651;2,9435;44,6803
18/03/2025;247,7451;22,7727;31,2353;4,454;14,8934
19/03/2025;247,2911;23,2799;31,2313;4,4167;14,8934
20/03/2025;135,2539;22,6291;28,1837;3,5557;14,8934
21/03/2025;288,3114;22,2772;32,6801;5,1216;0
22/03/2025;208,4885;23,0987;31,1024;4,4274;16,406
23/03/2025;251,7635;21,9206;32,7733;5,2286;0
24/03/2025;271,0803;21,5898;32,7699;5,3225;0
25/03/2025;304,9624;21,494;33,6401;5,6237;0
26/03/2025;280,9275;22,5483;33,3282;5,3133;0
27/03/2025;283,4554;23,3784;33,7131;5,2476;0
28/03/2025;271,397;23,7639;33,41;5,0841;0
29/03/2025;256,3664;24,3013;33,3058;4,8786;0
30/03/2025;268,5161;24,5173;32,8398;4,6706;0
31/03/2025;149,2672;24,7289;31,3821;4,0612;0
1/04/2025;201,364;23,6307;30,3511;4,0467;0
2/04/2025;133,4964;23,0235;28,7744;3,6106;37,3287
3/04/2025;216,4943;21,7459;31,0245;4,627;18,6644
4/04/2025;93,3821;22,915;26,271;2,7028;18,6644
5/04/2025;63,4205;22,1326;24,9209;2,4279;0
6/04/2025;173,3966;22,0584;27,9271;3,6237;0
7/04/2025;136,1998;22,6274;27,6993;3,3585;9,6981
8/04/2025;132,5864;22,9979;27,8103;3,301;29,0944
9/04/2025;139,5829;22,4743;27,8454;3,4685;19,3963
10/04/2025;153,3011;22,5487;28,5531;3,7397;48,4907
11/04/2025;257,3023;22,1376;31,3789;4,6598;16,9247
12/04/2025;279,6009;21,5082;32,2867;5,1478;8,4624
13/04/2025;265,0944;22,355;32,8171;5,1561;0
14/04/2025;279,0711;23,8548;33,3944;4,9933;0
15/04/2025;275,5071;21,9459;33,0411;5,2921;16,9247
16/04/2025;268,2277;21,9562;32,1999;5,069;9,6662
17/04/2025;257,786;23,3728;32,7674;4,8413;19,3324
18/04/2025;218,5125;22,9647;32,0236;4,7176;9,6662
19/04/2025;195,2077;23,1493;31,9736;4,5702;19,3324
20/04/2025;216,5938;22,7969;31,5455;4,5106;19,3324
21/04/2025;146,0701;22,4084;27,8298;3,4828;21,2828
22/04/2025;171,3474;22,1379;29,3111;4,0134;0
23/04/2025;197,7119;23,7736;30,2145;3,9252;0
24/04/2025;180,5968;23,1008;29,2259;3,753;42,5656
25/04/2025;167,7692;23,5148;29,3059;3,6387;21,2828
26/04/2025;116,9727;23,153;27,3638;3,0521;36,8715
27/04/2025;244,0613;21,8953;32,422;4,9352;27,6536
28/04/2025;180,9227;22,8014;31,4142;4,4518;36,8715
29/04/2025;227,6134;23,6318;30,9056;4,1064;9,2179
30/04/2025;162,6866;22,6931;28,8949;3,6624;18,4358
1/05/2025;245,6365;22,7015;30,7206;4,2685;0
2/05/2025;208,5167;22,5599;30,6676;4,2538;45,3274
3/05/2025;125,212;22,0842;27,0386;3,1939;45,3274
4/05/2025;213,9342;22,6385;29,7633;3,9555;0
5/05/2025;110,7978;22,4805;27,4669;3,1806;30,2182
6/05/2025;187,3508;21,9085;29,8321;4,1628;19,1186
7/05/2025;144,375;22,5912;27,8973;3,3548;65,1155
8/05/2025;244,943;21,7154;30,8546;4,4772;4,5356
9/05/2025;209,1378;21,8206;29,0466;3,9227;15,9833
10/05/2025;223,8826;23,2686;30,8253;4,1235;10,7269
11/05/2025;177,7519;23,3445;28,8386;3,4587;35,8628
12/05/2025;67,4677;23,1301;27,7039;3,0645;0
13/05/2025;164,3316;22,8692;29,5607;3,7991;0
14/05/2025;80,5015;23,3935;26,4648;2,5199;35,8628
15/05/2025;131,5628;22,9467;27,7548;3,1406;0
16/05/2025;120,2072;21,9712;28,1288;3,5372;6,967
17/05/2025;176,8238;22,2371;28,7053;3,6493;12,5173
18/05/2025;236,2101;21,4142;30,47;4,3473;1,1146
19/05/2025;155,7864;23,0421;29,6086;3,7131;47,6946
20/05/2025;142,6354;22,6903;28,2568;3,3834;50,622
21/05/2025;177,0214;22,8379;29,0686;3,6258;20,1874
22/05/2025;74,1344;22,6915;27,0441;2,9369;40,3748
23/05/2025;194,7366;22,3807;29,4108;3,7679;0
24/05/2025;130,1106;23,1583;28,0136;3,1284;0
25/05/2025;221,9264;22,2962;31,188;4,3136;20,1874
26/05/2025;233,5414;22,2687;30,6912;4,1688;0
27/05/2025;134,7926;22,8899;28,1557;3,2415;0
28/05/2025;202,5463;22,1126;29,5065;3,8554;0
29/05/2025;142,3766;23,797;30,2975;3,7057;0
30/05/2025;96,3432;23,0631;27,1042;2,8293;98,0593
31/05/2025;187,9916;22,1298;28,6915;3,6107;0
1/06/2025;81,5512;22,4348;24,9452;2,1582;0
2/06/2025;105,4775;22,293;26,1695;2,7017;41,2848
3/06/2025;50,9006;21,997;24,2201;2,0084;0
4/06/2025;148,6718;21,4229;28,6384;3,6894;0
5/06/2025;54,7276;22,0502;23,9697;1,863;41,2848
6/06/2025;52,4815;20,5416;23,6536;2,3099;0
7/06/2025;174,2779;18,1651;28,836;4,2917;0
8/06/2025;214,0627;21,1528;29,2346;3,9622;0
9/06/2025;81,3047;22,194;26,6582;2,907;80,9461
10/06/2025;95,1351;21,7612;26,0858;2,8316;40,4731
11/06/2025;107,6882;21,0076;27,0589;3,3228;6,4999
12/06/2025;118,1284;22,1092;28,1596;3,3648;13,2201
13/06/2025;110,6148;21,0475;27,1264;3,3526;28,3747
14/06/2025;124,6035;21,8603;26,5944;2,9649;8,1819
15/06/2025;177,4633;21,4927;28,1761;3,5368;35,1249
16/06/2025;211,475;20,8333;28,9183;3,9315;0
17/06/2025;144,8179;22,7428;29,3146;3,5297;41,3097
18/06/2025;222,461;19,8195;29,1699;4,2344;0
19/06/2025;106,6158;21,7167;26,6336;3,0677;0
20/06/2025;74,3376;21,5586;25,0651;2,5312;0
21/06/2025;179,3417;21,5234;28,5211;3,6113;0
22/06/2025;104,7875;22,2315;27,306;3,0501;0
23/06/2025;163,3497;22,3082;28,9205;3,5593;0
24/06/2025;74,0774;22,4301;24,772;2,0676;61,8441
25/06/2025;260,2764;19,1716;30,2737;4,5754;0
26/06/2025;235,3535;20,8267;30,6224;4,4318;0
27/06/2025;165,0365;21,8134;28,9343;3,7359;0
28/06/2025;112,2138;22,0895;29,9967;3,8717;74,5373
29/06/2025;143,1875;21,9033;28,1297;3,462;0
30/06/2025;109,9968;22,3123;26,4941;2,8044;0
1/07/2025;120,3996;22,1843;26,2431;2,7342;17,3486
2/07/2025;186,1499;21,2747;27,5919;3,4338;5,644
3/07/2025;106,5988;21,3827;25,1829;2,5923;19,4415
4/07/2025;48,8582;20,2685;22,7299;2,0143;2,3685
5/07/2025;188,3886;19,4256;28,7373;4,0306;1,417
6/07/2025;213,9494;20,7371;28,7285;3,8773;0
7/07/2025;231,4299;21,7512;29,0261;3,7838;0
8/07/2025;87,2583;22,104;26,2097;2,7832;0
9/07/2025;139,5825;21,8825;26,357;2,9036;0
10/07/2025;174,4387;21,2211;28,2032;3,6449;0
11/07/2025;42,1597;21,7997;24,8577;2,3413;73,9884
12/07/2025;64,5401;21,3377;24,3482;2,2979;0
13/07/2025;208,0574;20,7738;28,8868;3,8921;0
14/07/2025;67,9831;22,0184;25,5242;2,551;0
15/07/2025;120,6051;20,9291;26,5846;3,2268;0
16/07/2025;153,4716;21,2242;27,5529;3,4867;0
17/07/2025;88,3476;22,1249;27,1943;3,1205;0
18/07/2025;108,4071;21,7263;27,1038;3,1813;0
19/07/2025;127,0752;21,3846;26,9934;3,2331;0
20/07/2025;164,9276;21,3178;29,222;3,9291;0
21/07/2025;132,3116;22,7693;27,5397;3,0924;0
22/07/2025;56,3862;22,4909;24,9824;2,175;0
23/07/2025;177,481;21,1292;28,205;3,6957;0
24/07/2025;221,7871;21,2979;30,4151;4,3167;0
25/07/2025;209,6538;21,7292;30,6666;4,3239;66,3708
26/07/2025;172,8212;22,1293;26,7901;3,0489;0
27/07/2025;252,4406;20,8685;30,4837;4,462;37,4781
28/07/2025;164,5187;21,0347;29,2432;4,141;37,4781
29/07/2025;187,0458;21,6012;28,8342;3,8229;37,4781
30/07/2025;261,1519;20,8102;31,4416;4,74;0
31/07/2025;264,2111;21,1473;31,3246;4,7178;0
1/08/2025;156,6011;22,8146;27,7888;3,2225;20,3369
2/08/2025;154,8645;22,0171;27,1893;3,2436;20,3369
3/08/2025;196,0517;22,2317;29,6294;3,9222;61,0108
4/08/2025;260,3236;20,9461;30,5242;4,4913;0
5/08/2025;265,6343;20,1247;31,6539;4,9889;0
6/08/2025;221,6415;21,1223;29,0302;4,0537;0
7/08/2025;238,3986;22,7261;29,1589;3,7075;0
8/08/2025;211,2921;22,4341;29,1095;3,785;30,9243
9/08/2025;83,1133;21,7794;25,4988;2,692;92,7728
10/08/2025;229,6625;21,0556;29,4054;4,1651;0
11/08/2025;141,4141;21,6849;26,5753;3,1454;26,1455
12/08/2025;276,4886;20,6952;30,3576;4,5649;0
13/08/2025;163,9844;21,6301;28,5508;3,7961;26,1455
14/08/2025;203,8629;20,2551;29,1193;4,2694;0
15/08/2025;141,0134;21,8592;28,8384;3,8329;0
16/08/2025;234,6284;21,6771;30,9293;4,5083;0
17/08/2025;237,1274;21,9638;30,6686;4,4393;0
18/08/2025;229,2305;22,364;30,4322;4,2676;0
19/08/2025;242,3664;22,3671;30,8478;4,4017;0
20/08/2025;252,2814;22,2862;31,5542;4,636;0
21/08/2025;121,2487;22,192;27,0438;3,2426;15,2136
22/08/2025;209,5906;21,2941;29,6531;4,2898;0
23/08/2025;247,5296;21,8538;31,2107;4,5994;0
24/08/2025;225,4144;22,6168;30,8569;4,3568;0
25/08/2025;108,0228;22,0135;26,4489;3,0458;30,4272
26/08/2025;84,2629;21,6673;24,8016;2,5172;0
27/08/2025;138,31;21,1386;27,3347;3,5321;24,6975
28/08/2025;266,3202;19,8135;30,3202;4,7585;0
29/08/2025;266,3657;21,1394;31,4611;4,8607;0
30/08/2025;285,1935;21,3637;31,2823;4,7931;0
31/08/2025;168,741;22,483;28,714;3,6885;24,6975
1/09/2025;124,1367;21,4113;27,3649;3,5781;19,965
2/09/2025;168,2335;21,5528;28,6062;3,9041;0
3/09/2025;258,6548;21,2273;31,3334;4,8077;9,9825
4/09/2025;245,81;22,1411;29,9002;4,2067;9,9825
5/09/2025;187,2936;22,9499;28,695;3,5759;9,9825
6/09/2025;256,9541;21,6834;31,0825;4,6093;0
7/09/2025;138,734;22,2089;26,1093;2,8962;0
8/09/2025;283,0509;21,3502;31,3419;4,7877;0
9/09/2025;276,5163;21,8911;31,7381;4,897;26,0867
10/09/2025;227,1109;22,5987;30,8999;4,4049;26,0867
11/09/2025;262,2856;22,7856;31,0926;4,4446;0
12/09/2025;243,0087;22,5565;30,3221;4,3031;0
13/09/2025;295,5472;21,6302;32,6118;5,1611;0
14/09/2025;255,3738;23,0903;31,804;4,5994;0
15/09/2025;204,5265;22,1774;30,1166;4,2604;0
16/09/2025;248,681;22,6008;30,8822;4,479;0
17/09/2025;220,2865;22,6923;31,14;4,4657;0
18/09/2025;185,3022;22,3348;29,4432;4,0226;23,675
19/09/2025;240,3188;23,0033;31,2328;4,4223;0
20/09/2025;217,8714;22,4544;30,0549;4,1895;23,675
21/09/2025;302,7469;20,7523;32,2743;5,2522;0
22/09/2025;267,8543;22,2707;32,06;4,9105;9,6238
23/09/2025;239,93;22,6027;31,8581;4,7273;9,6238
24/09/2025;156,2984;22,7145;28,9982;3,7719;19,2476
25/09/2025;271,6203;22,2609;31,4859;4,6574;9,6238
26/09/2025;270,1455;22,584;31,1928;4,5084;0
27/09/2025;279,5834;21,7929;31,5459;4,7666;0
28/09/2025;156,5202;23,1917;28,1263;3,3166;22,9316
29/09/2025;272,1773;21,0701;30,9073;4,6644;0
30/09/2025;153,859;22,4134;28,0135;3,4953;22,9316
1/10/2025;252,5111;21,5844;31,7165;4,8414;0
2/10/2025;289,746;21,6798;31,7216;4,9006;14,6225
3/10/2025;238,5544;21,8874;30,5405;4,4525;14,6225
4/10/2025;196,0169;23,0846;28,5847;3,532;0
5/10/2025;270,8472;21,8134;32,0267;4,8693;14,6225
6/10/2025;249,3066;21,6729;31,8065;4,8371;9,2905
7/10/2025;182,4354;23,2911;30,0714;3,9093;52,4859
8/10/2025;196,6181;22,095;29,1693;3,9218;4,4218
9/10/2025;242,0334;21,0288;31,1252;4,6897;8,4425
10/10/2025;232,0209;21,4577;30,1887;4,3792;9,7504
11/10/2025;217,8568;21,3591;30,478;4,4396;0
12/10/2025;227,0487;22,2584;30,891;4,3746;0
13/10/2025;241,9079;21,666;30,3596;4,4045;15,5081
14/10/2025;214,9955;21,9863;29,3723;4,0355;15,5081
15/10/2025;260,2012;21,5185;31,4815;4,7752;0
16/10/2025;210,7119;21,9991;29,941;4,1141;33,1997
17/10/2025;204,5681;22,6306;28,7647;3,6531;33,1997
18/10/2025;216,5329;22,793;29,6327;3,8949;16,5998
19/10/2025;283,9533;22,3424;31,7221;4,6266;0
20/10/2025;269,8869;23,3597;31,4405;4,3176;0
21/10/2025;234,9232;23,2224;30,4642;4,0574;19,492
22/10/2025;234,526;22,3366;30,8439;4,3193;19,492
23/10/2025;219,4444;22,6213;30,1227;4,029;0
24/10/2025;210,8634;22,8448;29,6748;3,817;9,746
25/10/2025;167,2866;22,3738;29,1102;3,8128;9,746
26/10/2025;222,8147;22,5769;30,9414;4,3163;0
27/10/2025;221,1729;22,7637;31,415;4,4013;0
28/10/2025;244,5563;23,0193;31,9317;4,4909;5,2734
29/10/2025;189,8465;22,7711;29,6493;3,8676;21,0935
30/10/2025;247,1853;21,9217;31,0966;4,4431;0
31/10/2025;221,1191;22,7077;30,7051;4,1146;0
1/11/2025;273,1505;22,0834;31,7602;4,6214;0
2/11/2025;194,2183;23,0689;29,8538;3,8323;0
3/11/2025;242,0927;22,7428;31,2202;4,343;0
4/11/2025;271,5644;22,2938;31,9546;4,6377;0
5/11/2025;218,357;22,9408;30,9228;4,1705;15,81
6/11/2025;166,1256;22,4675;27,6611;3,2628;20,826
7/11/2025;264,3007;23,1622;31,3851;4,2096;0
8/11/2025;252,6845;23,191;31,3172;4,2043;0
9/11/2025;100,0511;23,0885;26,7894;2,7055;5,2065
10/11/2025;246,4911;22,4394;31,2358;4,2748;0
11/11/2025;220,921;22,3722;31,3701;4,3133;0
12/11/2025;159,0608;23,7933;29,0755;3,2913;21,8706
13/11/2025;188,3056;23,0512;29,0652;3,4856;21,8706
14/11/2025;198,2494;22,4663;29,1625;3,7076;0
15/11/2025;127,3968;22,8437;27,76;3,1306;0
16/11/2025;99,8204;22,8665;26,3554;2,577;16,0236
17/11/2025;119,5315;22,3322;28,0316;3,3086;0
18/11/2025;190,8469;22,162;30,0951;3,9955;0
19/11/2025;229,7837;22,4451;31,7634;4,3811;0
20/11/2025;245,8229;22,3969;31,0497;4,1742;48,0709
21/11/2025;246,5484;21,9873;30,3489;4,1;1,8592
22/11/2025;199,468;22,8839;31,2391;4,1497;2,943
23/11/2025;222,1676;22,1838;30,4271;4,0935;4,57
24/11/2025;199,2819;23,2579;29,6571;3,5666;3,0458
25/11/2025;115,6225;22,9965;27,179;2,8061;4,3525
26/11/2025;229,2532;21,634;30,1867;4,0787;2,0541
27/11/2025;216,2883;23,3785;30,4883;3,8098;5,2062
28/11/2025;175,229;22,7505;29,7416;3,7033;1,0592
29/11/2025;226,1581;20,7913;30,9093;4,4715;0,4123
30/11/2025;208,0972;22,8772;29,8631;3,7286;0,9944
1/12/2025;206,5567;22,4792;30,6224;4,0072;0
2/12/2025;213,0002;23,0441;29,8714;3,6505;4,4593
3/12/2025;216,1575;22,5676;30,6298;3,9747;0
4/12/2025;215,0717;22,7491;30,4246;3,8974;0
5/12/2025;153,6664;23,1173;28,8065;3,3331;0
6/12/2025;178,4811;23,2779;29,8829;3,5825;0
7/12/2025;209,9868;22,4376;29,3199;3,6023;0
8/12/2025;216,6789;21,9284;30,3908;4,0322;8,1595
9/12/2025;227,0475;22,4046;29,8316;3,7813;0
10/12/2025;185,1844;21,795;30,1193;3,9923;0
11/12/2025;208,3109;23,3974;29,9502;3,5834;0
12/12/2025;225,5615;22,8364;30,8303;3,962;6,2652
13/12/2025;250,6982;21,8035;31,788;4,4616;0
14/12/2025;261,4565;22,1759;31,4746;4,3129;0
15/12/2025;267,8934;20,9175;31,662;4,5876;0
16/12/2025;240,9899;21,988;31,1731;4,2706;0
17/12/2025;243,6247;22,2784;31,5192;4,3086;0
18/12/2025;237,0799;22,084;31,5393;4,3318;0
19/12/2025;213,0125;22,0186;30,8294;4,1601;0
20/12/2025;226,1045;23,5667;31,0422;3,8835;0
21/12/2025;230,5225;21,6435;30,5921;4,1664;0
22/12/2025;231,904;22,1328;31,4598;4,309;0
23/12/2025;242,3445;23,3981;32,228;4,2897;0
24/12/2025;225,6986;23,1489;32,5055;4,3829;0
25/12/2025;182,6888;24,0333;31,5875;3,93;8,295
26/12/2025;197,9939;23,6381;30,9952;3,8703;0
27/12/2025;246,3892;22,0436;32,2014;4,551;0
28/12/2025;235,4622;20,7828;32,6777;4,848;0
29/12/2025;224,0122;22,0502;31,7636;4,3872;0
30/12/2025;228,3839;22,6049;30,8616;4,0073;0
31/12/2025;217,5631;22,7663;30,8904;4,0122;11,8899
